rat,score_type,score,model_run,null_sample,source_npz
rat0222,real_run,0.7696969696969697,0.0,,/Users/Hannah/Programming/data_eyeblink/geometry_preservation_outputs/geometry_preservation_rat0222_set0222_dim3_bins5_2026-04-29_08-40-29.npz
rat0222,real_run,0.7212121212121211,1.0,,/Users/Hannah/Programming/data_eyeblink/geometry_preservation_outputs/geometry_preservation_rat0222_set0222_dim3_bins5_2026-04-29_08-40-29.npz
rat0222,real_run,0.4787878787878787,2.0,,/Users/Hannah/Programming/data_eyeblink/geometry_preservation_outputs/geometry_preservation_rat0222_set0222_dim3_bins5_2026-04-29_08-40-29.npz
rat0222,real_run,0.5878787878787878,3.0,,/Users/Hannah/Programming/data_eyeblink/geometry_preservation_outputs/geometry_preservation_rat0222_set0222_dim3_bins5_2026-04-29_08-40-29.npz
rat0222,real_run,0.9272727272727272,4.0,,/Users/Hannah/Programming/data_eyeblink/geometry_preservation_outputs/geometry_preservation_rat0222_set0222_dim3_bins5_2026-04-29_08-40-29.npz
rat0222,real_run,0.18787878787878787,5.0,,/Users/Hannah/Programming/data_eyeblink/geometry_preservation_outputs/geometry_preservation_rat0222_set0222_dim3_bins5_2026-04-29_08-40-29.npz
rat0222,real_run,0.5393939393939393,6.0,,/Users/Hannah/Programming/data_eyeblink/geometry_preservation_outputs/geometry_preservation_rat0222_set0222_dim3_bins5_2026-04-29_08-40-29.npz
rat0222,real_run,0.8424242424242423,7.0,,/Users/Hannah/Programming/data_eyeblink/geometry_preservation_outputs/geometry_preservation_rat0222_set0222_dim3_bins5_2026-04-29_08-40-29.npz
rat0222,real_run,0.309090909090909,8.0,,/Users/Hannah/Programming/data_eyeblink/geometry_preservation_outputs/geometry_preservation_rat0222_set0222_dim3_bins5_2026-04-29_08-40-29.npz
rat0222,real_run,0.7939393939393938,9.0,,/Users/Hannah/Programming/data_eyeblink/geometry_preservation_outputs/geometry_preservation_rat0222_set0222_dim3_bins5_2026-04-29_08-40-29.npz
rat0222,real_run,0.7696969696969697,10.0,,/Users/Hannah/Programming/data_eyeblink/geometry_preservation_outputs/geometry_preservation_rat0222_set0222_dim3_bins5_2026-04-29_08-40-29.npz
rat0222,real_run,-0.12727272727272726,11.0,,/Users/Hannah/Programming/data_eyeblink/geometry_preservation_outputs/geometry_preservation_rat0222_set0222_dim3_bins5_2026-04-29_08-40-29.npz
rat0222,real_run,0.49090909090909085,12.0,,/Users/Hannah/Programming/data_eyeblink/geometry_preservation_outputs/geometry_preservation_rat0222_set0222_dim3_bins5_2026-04-29_08-40-29.npz
rat0222,real_run,0.28484848484848485,13.0,,/Users/Hannah/Programming/data_eyeblink/geometry_preservation_outputs/geometry_preservation_rat0222_set0222_dim3_bins5_2026-04-29_08-40-29.npz
rat0222,real_run,0.4787878787878787,14.0,,/Users/Hannah/Programming/data_eyeblink/geometry_preservation_outputs/geometry_preservation_rat0222_set0222_dim3_bins5_2026-04-29_08-40-29.npz
rat0222,real_run,0.49090909090909085,15.0,,/Users/Hannah/Programming/data_eyeblink/geometry_preservation_outputs/geometry_preservation_rat0222_set0222_dim3_bins5_2026-04-29_08-40-29.npz
rat0222,real_run,0.7333333333333332,16.0,,/Users/Hannah/Programming/data_eyeblink/geometry_preservation_outputs/geometry_preservation_rat0222_set0222_dim3_bins5_2026-04-29_08-40-29.npz
rat0222,real_run,0.41818181818181815,17.0,,/Users/Hannah/Programming/data_eyeblink/geometry_preservation_outputs/geometry_preservation_rat0222_set0222_dim3_bins5_2026-04-29_08-40-29.npz
rat0222,real_run,0.41818181818181815,18.0,,/Users/Hannah/Programming/data_eyeblink/geometry_preservation_outputs/geometry_preservation_rat0222_set0222_dim3_bins5_2026-04-29_08-40-29.npz
rat0222,real_run,0.5030303030303029,19.0,,/Users/Hannah/Programming/data_eyeblink/geometry_preservation_outputs/geometry_preservation_rat0222_set0222_dim3_bins5_2026-04-29_08-40-29.npz
rat0222,shuffle_null_mean,0.020000000000000004,,0.0,/Users/Hannah/Programming/data_eyeblink/geometry_preservation_outputs/geometry_preservation_rat0222_set0222_dim3_bins5_2026-04-29_08-40-29.npz
rat0222,shuffle_null_mean,-0.07151515151515152,,1.0,/Users/Hannah/Programming/data_eyeblink/geometry_preservation_outputs/geometry_preservation_rat0222_set0222_dim3_bins5_2026-04-29_08-40-29.npz
rat0222,shuffle_null_mean,-0.007878787878787874,,2.0,/Users/Hannah/Programming/data_eyeblink/geometry_preservation_outputs/geometry_preservation_rat0222_set0222_dim3_bins5_2026-04-29_08-40-29.npz
rat0222,shuffle_null_mean,0.07999999999999999,,3.0,/Users/Hannah/Programming/data_eyeblink/geometry_preservation_outputs/geometry_preservation_rat0222_set0222_dim3_bins5_2026-04-29_08-40-29.npz
rat0222,shuffle_null_mean,0.0018181818181818173,,4.0,/Users/Hannah/Programming/data_eyeblink/geometry_preservation_outputs/geometry_preservation_rat0222_set0222_dim3_bins5_2026-04-29_08-40-29.npz
rat0222,shuffle_null_mean,-0.09393939393939395,,5.0,/Users/Hannah/Programming/data_eyeblink/geometry_preservation_outputs/geometry_preservation_rat0222_set0222_dim3_bins5_2026-04-29_08-40-29.npz
rat0222,shuffle_null_mean,-0.010303030303030295,,6.0,/Users/Hannah/Programming/data_eyeblink/geometry_preservation_outputs/geometry_preservation_rat0222_set0222_dim3_bins5_2026-04-29_08-40-29.npz
rat0222,shuffle_null_mean,-0.019393939393939397,,7.0,/Users/Hannah/Programming/data_eyeblink/geometry_preservation_outputs/geometry_preservation_rat0222_set0222_dim3_bins5_2026-04-29_08-40-29.npz
rat0222,shuffle_null_mean,-0.011515151515151523,,8.0,/Users/Hannah/Programming/data_eyeblink/geometry_preservation_outputs/geometry_preservation_rat0222_set0222_dim3_bins5_2026-04-29_08-40-29.npz
rat0222,shuffle_null_mean,0.12545454545454546,,9.0,/Users/Hannah/Programming/data_eyeblink/geometry_preservation_outputs/geometry_preservation_rat0222_set0222_dim3_bins5_2026-04-29_08-40-29.npz
rat0222,shuffle_null_mean,-0.021818181818181823,,10.0,/Users/Hannah/Programming/data_eyeblink/geometry_preservation_outputs/geometry_preservation_rat0222_set0222_dim3_bins5_2026-04-29_08-40-29.npz
rat0222,shuffle_null_mean,0.06606060606060604,,11.0,/Users/Hannah/Programming/data_eyeblink/geometry_preservation_outputs/geometry_preservation_rat0222_set0222_dim3_bins5_2026-04-29_08-40-29.npz
rat0222,shuffle_null_mean,-0.09454545454545453,,12.0,/Users/Hannah/Programming/data_eyeblink/geometry_preservation_outputs/geometry_preservation_rat0222_set0222_dim3_bins5_2026-04-29_08-40-29.npz
rat0222,shuffle_null_mean,0.0024242424242424355,,13.0,/Users/Hannah/Programming/data_eyeblink/geometry_preservation_outputs/geometry_preservation_rat0222_set0222_dim3_bins5_2026-04-29_08-40-29.npz
rat0222,shuffle_null_mean,-0.05393939393939393,,14.0,/Users/Hannah/Programming/data_eyeblink/geometry_preservation_outputs/geometry_preservation_rat0222_set0222_dim3_bins5_2026-04-29_08-40-29.npz
rat0222,shuffle_null_mean,-0.01212121212121213,,15.0,/Users/Hannah/Programming/data_eyeblink/geometry_preservation_outputs/geometry_preservation_rat0222_set0222_dim3_bins5_2026-04-29_08-40-29.npz
rat0222,shuffle_null_mean,-0.0006060606060606016,,16.0,/Users/Hannah/Programming/data_eyeblink/geometry_preservation_outputs/geometry_preservation_rat0222_set0222_dim3_bins5_2026-04-29_08-40-29.npz
rat0222,shuffle_null_mean,-0.034545454545454546,,17.0,/Users/Hannah/Programming/data_eyeblink/geometry_preservation_outputs/geometry_preservation_rat0222_set0222_dim3_bins5_2026-04-29_08-40-29.npz
rat0222,shuffle_null_mean,0.047272727272727244,,18.0,/Users/Hannah/Programming/data_eyeblink/geometry_preservation_outputs/geometry_preservation_rat0222_set0222_dim3_bins5_2026-04-29_08-40-29.npz
rat0222,shuffle_null_mean,0.1424242424242424,,19.0,/Users/Hannah/Programming/data_eyeblink/geometry_preservation_outputs/geometry_preservation_rat0222_set0222_dim3_bins5_2026-04-29_08-40-29.npz
rat0222,shuffle_null_mean,0.0703030303030303,,20.0,/Users/Hannah/Programming/data_eyeblink/geometry_preservation_outputs/geometry_preservation_rat0222_set0222_dim3_bins5_2026-04-29_08-40-29.npz
rat0222,shuffle_null_mean,-0.02484848484848485,,21.0,/Users/Hannah/Programming/data_eyeblink/geometry_preservation_outputs/geometry_preservation_rat0222_set0222_dim3_bins5_2026-04-29_08-40-29.npz
rat0222,shuffle_null_mean,-0.04484848484848485,,22.0,/Users/Hannah/Programming/data_eyeblink/geometry_preservation_outputs/geometry_preservation_rat0222_set0222_dim3_bins5_2026-04-29_08-40-29.npz
rat0222,shuffle_null_mean,0.1181818181818182,,23.0,/Users/Hannah/Programming/data_eyeblink/geometry_preservation_outputs/geometry_preservation_rat0222_set0222_dim3_bins5_2026-04-29_08-40-29.npz
rat0222,shuffle_null_mean,-0.08363636363636362,,24.0,/Users/Hannah/Programming/data_eyeblink/geometry_preservation_outputs/geometry_preservation_rat0222_set0222_dim3_bins5_2026-04-29_08-40-29.npz
rat0222,shuffle_null_mean,0.0018181818181818184,,25.0,/Users/Hannah/Programming/data_eyeblink/geometry_preservation_outputs/geometry_preservation_rat0222_set0222_dim3_bins5_2026-04-29_08-40-29.npz
rat0222,shuffle_null_mean,-0.0206060606060606,,26.0,/Users/Hannah/Programming/data_eyeblink/geometry_preservation_outputs/geometry_preservation_rat0222_set0222_dim3_bins5_2026-04-29_08-40-29.npz
rat0222,shuffle_null_mean,-0.041212121212121214,,27.0,/Users/Hannah/Programming/data_eyeblink/geometry_preservation_outputs/geometry_preservation_rat0222_set0222_dim3_bins5_2026-04-29_08-40-29.npz
rat0222,shuffle_null_mean,0.14363636363636362,,28.0,/Users/Hannah/Programming/data_eyeblink/geometry_preservation_outputs/geometry_preservation_rat0222_set0222_dim3_bins5_2026-04-29_08-40-29.npz
rat0222,shuffle_null_mean,-0.07272727272727272,,29.0,/Users/Hannah/Programming/data_eyeblink/geometry_preservation_outputs/geometry_preservation_rat0222_set0222_dim3_bins5_2026-04-29_08-40-29.npz
rat0222,shuffle_null_mean,-0.08424242424242423,,30.0,/Users/Hannah/Programming/data_eyeblink/geometry_preservation_outputs/geometry_preservation_rat0222_set0222_dim3_bins5_2026-04-29_08-40-29.npz
rat0222,shuffle_null_mean,0.01757575757575758,,31.0,/Users/Hannah/Programming/data_eyeblink/geometry_preservation_outputs/geometry_preservation_rat0222_set0222_dim3_bins5_2026-04-29_08-40-29.npz
rat0222,shuffle_null_mean,0.09454545454545453,,32.0,/Users/Hannah/Programming/data_eyeblink/geometry_preservation_outputs/geometry_preservation_rat0222_set0222_dim3_bins5_2026-04-29_08-40-29.npz
rat0222,shuffle_null_mean,-0.010303030303030302,,33.0,/Users/Hannah/Programming/data_eyeblink/geometry_preservation_outputs/geometry_preservation_rat0222_set0222_dim3_bins5_2026-04-29_08-40-29.npz
rat0222,shuffle_null_mean,0.01333333333333333,,34.0,/Users/Hannah/Programming/data_eyeblink/geometry_preservation_outputs/geometry_preservation_rat0222_set0222_dim3_bins5_2026-04-29_08-40-29.npz
rat0222,shuffle_null_mean,0.015151515151515155,,35.0,/Users/Hannah/Programming/data_eyeblink/geometry_preservation_outputs/geometry_preservation_rat0222_set0222_dim3_bins5_2026-04-29_08-40-29.npz
rat0222,shuffle_null_mean,-0.07212121212121213,,36.0,/Users/Hannah/Programming/data_eyeblink/geometry_preservation_outputs/geometry_preservation_rat0222_set0222_dim3_bins5_2026-04-29_08-40-29.npz
rat0222,shuffle_null_mean,-0.09454545454545454,,37.0,/Users/Hannah/Programming/data_eyeblink/geometry_preservation_outputs/geometry_preservation_rat0222_set0222_dim3_bins5_2026-04-29_08-40-29.npz
rat0222,shuffle_null_mean,-0.009696969696969693,,38.0,/Users/Hannah/Programming/data_eyeblink/geometry_preservation_outputs/geometry_preservation_rat0222_set0222_dim3_bins5_2026-04-29_08-40-29.npz
rat0222,shuffle_null_mean,-0.11878787878787875,,39.0,/Users/Hannah/Programming/data_eyeblink/geometry_preservation_outputs/geometry_preservation_rat0222_set0222_dim3_bins5_2026-04-29_08-40-29.npz
rat0222,shuffle_null_mean,-0.05454545454545454,,40.0,/Users/Hannah/Programming/data_eyeblink/geometry_preservation_outputs/geometry_preservation_rat0222_set0222_dim3_bins5_2026-04-29_08-40-29.npz
rat0222,shuffle_null_mean,-0.04303030303030302,,41.0,/Users/Hannah/Programming/data_eyeblink/geometry_preservation_outputs/geometry_preservation_rat0222_set0222_dim3_bins5_2026-04-29_08-40-29.npz
rat0222,shuffle_null_mean,0.09999999999999999,,42.0,/Users/Hannah/Programming/data_eyeblink/geometry_preservation_outputs/geometry_preservation_rat0222_set0222_dim3_bins5_2026-04-29_08-40-29.npz
rat0222,shuffle_null_mean,-0.11575757575757575,,43.0,/Users/Hannah/Programming/data_eyeblink/geometry_preservation_outputs/geometry_preservation_rat0222_set0222_dim3_bins5_2026-04-29_08-40-29.npz
rat0222,shuffle_null_mean,-0.005454545454545457,,44.0,/Users/Hannah/Programming/data_eyeblink/geometry_preservation_outputs/geometry_preservation_rat0222_set0222_dim3_bins5_2026-04-29_08-40-29.npz
rat0222,shuffle_null_mean,-0.10787878787878788,,45.0,/Users/Hannah/Programming/data_eyeblink/geometry_preservation_outputs/geometry_preservation_rat0222_set0222_dim3_bins5_2026-04-29_08-40-29.npz
rat0222,shuffle_null_mean,0.01939393939393939,,46.0,/Users/Hannah/Programming/data_eyeblink/geometry_preservation_outputs/geometry_preservation_rat0222_set0222_dim3_bins5_2026-04-29_08-40-29.npz
rat0222,shuffle_null_mean,-0.12545454545454543,,47.0,/Users/Hannah/Programming/data_eyeblink/geometry_preservation_outputs/geometry_preservation_rat0222_set0222_dim3_bins5_2026-04-29_08-40-29.npz
rat0222,shuffle_null_mean,0.043030303030303016,,48.0,/Users/Hannah/Programming/data_eyeblink/geometry_preservation_outputs/geometry_preservation_rat0222_set0222_dim3_bins5_2026-04-29_08-40-29.npz
rat0222,shuffle_null_mean,0.05272727272727275,,49.0,/Users/Hannah/Programming/data_eyeblink/geometry_preservation_outputs/geometry_preservation_rat0222_set0222_dim3_bins5_2026-04-29_08-40-29.npz
rat0222,shuffle_null_mean,-0.052121212121212124,,50.0,/Users/Hannah/Programming/data_eyeblink/geometry_preservation_outputs/geometry_preservation_rat0222_set0222_dim3_bins5_2026-04-29_08-40-29.npz
rat0222,shuffle_null_mean,0.1478787878787879,,51.0,/Users/Hannah/Programming/data_eyeblink/geometry_preservation_outputs/geometry_preservation_rat0222_set0222_dim3_bins5_2026-04-29_08-40-29.npz
rat0222,shuffle_null_mean,-0.07030303030303031,,52.0,/Users/Hannah/Programming/data_eyeblink/geometry_preservation_outputs/geometry_preservation_rat0222_set0222_dim3_bins5_2026-04-29_08-40-29.npz
rat0222,shuffle_null_mean,0.09515151515151515,,53.0,/Users/Hannah/Programming/data_eyeblink/geometry_preservation_outputs/geometry_preservation_rat0222_set0222_dim3_bins5_2026-04-29_08-40-29.npz
rat0222,shuffle_null_mean,-0.02363636363636364,,54.0,/Users/Hannah/Programming/data_eyeblink/geometry_preservation_outputs/geometry_preservation_rat0222_set0222_dim3_bins5_2026-04-29_08-40-29.npz
rat0222,shuffle_null_mean,-0.10060606060606062,,55.0,/Users/Hannah/Programming/data_eyeblink/geometry_preservation_outputs/geometry_preservation_rat0222_set0222_dim3_bins5_2026-04-29_08-40-29.npz
rat0222,shuffle_null_mean,-0.012727272727272726,,56.0,/Users/Hannah/Programming/data_eyeblink/geometry_preservation_outputs/geometry_preservation_rat0222_set0222_dim3_bins5_2026-04-29_08-40-29.npz
rat0222,shuffle_null_mean,-0.02424242424242425,,57.0,/Users/Hannah/Programming/data_eyeblink/geometry_preservation_outputs/geometry_preservation_rat0222_set0222_dim3_bins5_2026-04-29_08-40-29.npz
rat0222,shuffle_null_mean,0.04606060606060606,,58.0,/Users/Hannah/Programming/data_eyeblink/geometry_preservation_outputs/geometry_preservation_rat0222_set0222_dim3_bins5_2026-04-29_08-40-29.npz
rat0222,shuffle_null_mean,-0.034545454545454546,,59.0,/Users/Hannah/Programming/data_eyeblink/geometry_preservation_outputs/geometry_preservation_rat0222_set0222_dim3_bins5_2026-04-29_08-40-29.npz
rat0222,shuffle_null_mean,-0.05272727272727271,,60.0,/Users/Hannah/Programming/data_eyeblink/geometry_preservation_outputs/geometry_preservation_rat0222_set0222_dim3_bins5_2026-04-29_08-40-29.npz
rat0222,shuffle_null_mean,0.04363636363636362,,61.0,/Users/Hannah/Programming/data_eyeblink/geometry_preservation_outputs/geometry_preservation_rat0222_set0222_dim3_bins5_2026-04-29_08-40-29.npz
rat0222,shuffle_null_mean,-0.1315151515151515,,62.0,/Users/Hannah/Programming/data_eyeblink/geometry_preservation_outputs/geometry_preservation_rat0222_set0222_dim3_bins5_2026-04-29_08-40-29.npz
rat0222,shuffle_null_mean,0.08666666666666664,,63.0,/Users/Hannah/Programming/data_eyeblink/geometry_preservation_outputs/geometry_preservation_rat0222_set0222_dim3_bins5_2026-04-29_08-40-29.npz
rat0222,shuffle_null_mean,0.08242424242424243,,64.0,/Users/Hannah/Programming/data_eyeblink/geometry_preservation_outputs/geometry_preservation_rat0222_set0222_dim3_bins5_2026-04-29_08-40-29.npz
rat0222,shuffle_null_mean,0.027878787878787874,,65.0,/Users/Hannah/Programming/data_eyeblink/geometry_preservation_outputs/geometry_preservation_rat0222_set0222_dim3_bins5_2026-04-29_08-40-29.npz
rat0222,shuffle_null_mean,0.11999999999999997,,66.0,/Users/Hannah/Programming/data_eyeblink/geometry_preservation_outputs/geometry_preservation_rat0222_set0222_dim3_bins5_2026-04-29_08-40-29.npz
rat0222,shuffle_null_mean,-0.030303030303030297,,67.0,/Users/Hannah/Programming/data_eyeblink/geometry_preservation_outputs/geometry_preservation_rat0222_set0222_dim3_bins5_2026-04-29_08-40-29.npz
rat0222,shuffle_null_mean,-0.06727272727272726,,68.0,/Users/Hannah/Programming/data_eyeblink/geometry_preservation_outputs/geometry_preservation_rat0222_set0222_dim3_bins5_2026-04-29_08-40-29.npz
rat0222,shuffle_null_mean,0.027878787878787874,,69.0,/Users/Hannah/Programming/data_eyeblink/geometry_preservation_outputs/geometry_preservation_rat0222_set0222_dim3_bins5_2026-04-29_08-40-29.npz
rat0222,shuffle_null_mean,0.0412121212121212,,70.0,/Users/Hannah/Programming/data_eyeblink/geometry_preservation_outputs/geometry_preservation_rat0222_set0222_dim3_bins5_2026-04-29_08-40-29.npz
rat0222,shuffle_null_mean,0.049090909090909074,,71.0,/Users/Hannah/Programming/data_eyeblink/geometry_preservation_outputs/geometry_preservation_rat0222_set0222_dim3_bins5_2026-04-29_08-40-29.npz
rat0222,shuffle_null_mean,0.02242424242424241,,72.0,/Users/Hannah/Programming/data_eyeblink/geometry_preservation_outputs/geometry_preservation_rat0222_set0222_dim3_bins5_2026-04-29_08-40-29.npz
rat0222,shuffle_null_mean,-0.09818181818181818,,73.0,/Users/Hannah/Programming/data_eyeblink/geometry_preservation_outputs/geometry_preservation_rat0222_set0222_dim3_bins5_2026-04-29_08-40-29.npz
rat0222,shuffle_null_mean,0.006060606060606077,,74.0,/Users/Hannah/Programming/data_eyeblink/geometry_preservation_outputs/geometry_preservation_rat0222_set0222_dim3_bins5_2026-04-29_08-40-29.npz
rat0222,shuffle_null_mean,0.03393939393939393,,75.0,/Users/Hannah/Programming/data_eyeblink/geometry_preservation_outputs/geometry_preservation_rat0222_set0222_dim3_bins5_2026-04-29_08-40-29.npz
rat0222,shuffle_null_mean,0.08606060606060603,,76.0,/Users/Hannah/Programming/data_eyeblink/geometry_preservation_outputs/geometry_preservation_rat0222_set0222_dim3_bins5_2026-04-29_08-40-29.npz
rat0222,shuffle_null_mean,-0.0024242424242424203,,77.0,/Users/Hannah/Programming/data_eyeblink/geometry_preservation_outputs/geometry_preservation_rat0222_set0222_dim3_bins5_2026-04-29_08-40-29.npz
rat0222,shuffle_null_mean,-0.05575757575757574,,78.0,/Users/Hannah/Programming/data_eyeblink/geometry_preservation_outputs/geometry_preservation_rat0222_set0222_dim3_bins5_2026-04-29_08-40-29.npz
rat0222,shuffle_null_mean,-0.03878787878787878,,79.0,/Users/Hannah/Programming/data_eyeblink/geometry_preservation_outputs/geometry_preservation_rat0222_set0222_dim3_bins5_2026-04-29_08-40-29.npz
rat0222,shuffle_null_mean,0.09636363636363635,,80.0,/Users/Hannah/Programming/data_eyeblink/geometry_preservation_outputs/geometry_preservation_rat0222_set0222_dim3_bins5_2026-04-29_08-40-29.npz
rat0222,shuffle_null_mean,0.10848484848484848,,81.0,/Users/Hannah/Programming/data_eyeblink/geometry_preservation_outputs/geometry_preservation_rat0222_set0222_dim3_bins5_2026-04-29_08-40-29.npz
rat0222,shuffle_null_mean,-0.013333333333333332,,82.0,/Users/Hannah/Programming/data_eyeblink/geometry_preservation_outputs/geometry_preservation_rat0222_set0222_dim3_bins5_2026-04-29_08-40-29.npz
rat0222,shuffle_null_mean,-0.18060606060606058,,83.0,/Users/Hannah/Programming/data_eyeblink/geometry_preservation_outputs/geometry_preservation_rat0222_set0222_dim3_bins5_2026-04-29_08-40-29.npz
rat0222,shuffle_null_mean,0.00909090909090909,,84.0,/Users/Hannah/Programming/data_eyeblink/geometry_preservation_outputs/geometry_preservation_rat0222_set0222_dim3_bins5_2026-04-29_08-40-29.npz
rat0222,shuffle_null_mean,0.12363636363636363,,85.0,/Users/Hannah/Programming/data_eyeblink/geometry_preservation_outputs/geometry_preservation_rat0222_set0222_dim3_bins5_2026-04-29_08-40-29.npz
rat0222,shuffle_null_mean,0.01636363636363637,,86.0,/Users/Hannah/Programming/data_eyeblink/geometry_preservation_outputs/geometry_preservation_rat0222_set0222_dim3_bins5_2026-04-29_08-40-29.npz
rat0222,shuffle_null_mean,0.04121212121212121,,87.0,/Users/Hannah/Programming/data_eyeblink/geometry_preservation_outputs/geometry_preservation_rat0222_set0222_dim3_bins5_2026-04-29_08-40-29.npz
rat0222,shuffle_null_mean,0.009090909090909108,,88.0,/Users/Hannah/Programming/data_eyeblink/geometry_preservation_outputs/geometry_preservation_rat0222_set0222_dim3_bins5_2026-04-29_08-40-29.npz
rat0222,shuffle_null_mean,-0.0696969696969697,,89.0,/Users/Hannah/Programming/data_eyeblink/geometry_preservation_outputs/geometry_preservation_rat0222_set0222_dim3_bins5_2026-04-29_08-40-29.npz
rat0222,shuffle_null_mean,-0.00969696969696969,,90.0,/Users/Hannah/Programming/data_eyeblink/geometry_preservation_outputs/geometry_preservation_rat0222_set0222_dim3_bins5_2026-04-29_08-40-29.npz
rat0222,shuffle_null_mean,0.06787878787878787,,91.0,/Users/Hannah/Programming/data_eyeblink/geometry_preservation_outputs/geometry_preservation_rat0222_set0222_dim3_bins5_2026-04-29_08-40-29.npz
rat0222,shuffle_null_mean,0.01878787878787879,,92.0,/Users/Hannah/Programming/data_eyeblink/geometry_preservation_outputs/geometry_preservation_rat0222_set0222_dim3_bins5_2026-04-29_08-40-29.npz
rat0222,shuffle_null_mean,-0.02060606060606061,,93.0,/Users/Hannah/Programming/data_eyeblink/geometry_preservation_outputs/geometry_preservation_rat0222_set0222_dim3_bins5_2026-04-29_08-40-29.npz
rat0222,shuffle_null_mean,0.016969696969696964,,94.0,/Users/Hannah/Programming/data_eyeblink/geometry_preservation_outputs/geometry_preservation_rat0222_set0222_dim3_bins5_2026-04-29_08-40-29.npz
rat0222,shuffle_null_mean,0.05636363636363634,,95.0,/Users/Hannah/Programming/data_eyeblink/geometry_preservation_outputs/geometry_preservation_rat0222_set0222_dim3_bins5_2026-04-29_08-40-29.npz
rat0222,shuffle_null_mean,-0.016363636363636365,,96.0,/Users/Hannah/Programming/data_eyeblink/geometry_preservation_outputs/geometry_preservation_rat0222_set0222_dim3_bins5_2026-04-29_08-40-29.npz
rat0222,shuffle_null_mean,-0.046060606060606045,,97.0,/Users/Hannah/Programming/data_eyeblink/geometry_preservation_outputs/geometry_preservation_rat0222_set0222_dim3_bins5_2026-04-29_08-40-29.npz
rat0222,shuffle_null_mean,-0.1690909090909091,,98.0,/Users/Hannah/Programming/data_eyeblink/geometry_preservation_outputs/geometry_preservation_rat0222_set0222_dim3_bins5_2026-04-29_08-40-29.npz
rat0222,shuffle_null_mean,0.04909090909090909,,99.0,/Users/Hannah/Programming/data_eyeblink/geometry_preservation_outputs/geometry_preservation_rat0222_set0222_dim3_bins5_2026-04-29_08-40-29.npz
rat0222,shuffle_null_mean,0.01575757575757576,,100.0,/Users/Hannah/Programming/data_eyeblink/geometry_preservation_outputs/geometry_preservation_rat0222_set0222_dim3_bins5_2026-04-29_08-40-29.npz
rat0222,shuffle_null_mean,0.06909090909090906,,101.0,/Users/Hannah/Programming/data_eyeblink/geometry_preservation_outputs/geometry_preservation_rat0222_set0222_dim3_bins5_2026-04-29_08-40-29.npz
rat0222,shuffle_null_mean,0.14545454545454542,,102.0,/Users/Hannah/Programming/data_eyeblink/geometry_preservation_outputs/geometry_preservation_rat0222_set0222_dim3_bins5_2026-04-29_08-40-29.npz
rat0222,shuffle_null_mean,-0.003030303030303029,,103.0,/Users/Hannah/Programming/data_eyeblink/geometry_preservation_outputs/geometry_preservation_rat0222_set0222_dim3_bins5_2026-04-29_08-40-29.npz
rat0222,shuffle_null_mean,0.1181818181818182,,104.0,/Users/Hannah/Programming/data_eyeblink/geometry_preservation_outputs/geometry_preservation_rat0222_set0222_dim3_bins5_2026-04-29_08-40-29.npz
rat0222,shuffle_null_mean,-0.07575757575757577,,105.0,/Users/Hannah/Programming/data_eyeblink/geometry_preservation_outputs/geometry_preservation_rat0222_set0222_dim3_bins5_2026-04-29_08-40-29.npz
rat0222,shuffle_null_mean,0.010909090909090905,,106.0,/Users/Hannah/Programming/data_eyeblink/geometry_preservation_outputs/geometry_preservation_rat0222_set0222_dim3_bins5_2026-04-29_08-40-29.npz
rat0222,shuffle_null_mean,0.0036363636363636403,,107.0,/Users/Hannah/Programming/data_eyeblink/geometry_preservation_outputs/geometry_preservation_rat0222_set0222_dim3_bins5_2026-04-29_08-40-29.npz
rat0222,shuffle_null_mean,0.013333333333333341,,108.0,/Users/Hannah/Programming/data_eyeblink/geometry_preservation_outputs/geometry_preservation_rat0222_set0222_dim3_bins5_2026-04-29_08-40-29.npz
rat0222,shuffle_null_mean,0.05757575757575758,,109.0,/Users/Hannah/Programming/data_eyeblink/geometry_preservation_outputs/geometry_preservation_rat0222_set0222_dim3_bins5_2026-04-29_08-40-29.npz
rat0222,shuffle_null_mean,0.0515151515151515,,110.0,/Users/Hannah/Programming/data_eyeblink/geometry_preservation_outputs/geometry_preservation_rat0222_set0222_dim3_bins5_2026-04-29_08-40-29.npz
rat0222,shuffle_null_mean,0.024242424242424232,,111.0,/Users/Hannah/Programming/data_eyeblink/geometry_preservation_outputs/geometry_preservation_rat0222_set0222_dim3_bins5_2026-04-29_08-40-29.npz
rat0222,shuffle_null_mean,0.01333333333333333,,112.0,/Users/Hannah/Programming/data_eyeblink/geometry_preservation_outputs/geometry_preservation_rat0222_set0222_dim3_bins5_2026-04-29_08-40-29.npz
rat0222,shuffle_null_mean,-0.12545454545454546,,113.0,/Users/Hannah/Programming/data_eyeblink/geometry_preservation_outputs/geometry_preservation_rat0222_set0222_dim3_bins5_2026-04-29_08-40-29.npz
rat0222,shuffle_null_mean,-0.04181818181818181,,114.0,/Users/Hannah/Programming/data_eyeblink/geometry_preservation_outputs/geometry_preservation_rat0222_set0222_dim3_bins5_2026-04-29_08-40-29.npz
rat0222,shuffle_null_mean,0.07636363636363636,,115.0,/Users/Hannah/Programming/data_eyeblink/geometry_preservation_outputs/geometry_preservation_rat0222_set0222_dim3_bins5_2026-04-29_08-40-29.npz
rat0222,shuffle_null_mean,-0.0036363636363636333,,116.0,/Users/Hannah/Programming/data_eyeblink/geometry_preservation_outputs/geometry_preservation_rat0222_set0222_dim3_bins5_2026-04-29_08-40-29.npz
rat0222,shuffle_null_mean,0.06909090909090909,,117.0,/Users/Hannah/Programming/data_eyeblink/geometry_preservation_outputs/geometry_preservation_rat0222_set0222_dim3_bins5_2026-04-29_08-40-29.npz
rat0222,shuffle_null_mean,-0.06181818181818179,,118.0,/Users/Hannah/Programming/data_eyeblink/geometry_preservation_outputs/geometry_preservation_rat0222_set0222_dim3_bins5_2026-04-29_08-40-29.npz
rat0222,shuffle_null_mean,-0.08848484848484847,,119.0,/Users/Hannah/Programming/data_eyeblink/geometry_preservation_outputs/geometry_preservation_rat0222_set0222_dim3_bins5_2026-04-29_08-40-29.npz
rat0222,shuffle_null_mean,0.08000000000000002,,120.0,/Users/Hannah/Programming/data_eyeblink/geometry_preservation_outputs/geometry_preservation_rat0222_set0222_dim3_bins5_2026-04-29_08-40-29.npz
rat0222,shuffle_null_mean,0.06060606060606061,,121.0,/Users/Hannah/Programming/data_eyeblink/geometry_preservation_outputs/geometry_preservation_rat0222_set0222_dim3_bins5_2026-04-29_08-40-29.npz
rat0222,shuffle_null_mean,0.0709090909090909,,122.0,/Users/Hannah/Programming/data_eyeblink/geometry_preservation_outputs/geometry_preservation_rat0222_set0222_dim3_bins5_2026-04-29_08-40-29.npz
rat0222,shuffle_null_mean,-0.06424242424242424,,123.0,/Users/Hannah/Programming/data_eyeblink/geometry_preservation_outputs/geometry_preservation_rat0222_set0222_dim3_bins5_2026-04-29_08-40-29.npz
rat0222,shuffle_null_mean,-0.01212121212121211,,124.0,/Users/Hannah/Programming/data_eyeblink/geometry_preservation_outputs/geometry_preservation_rat0222_set0222_dim3_bins5_2026-04-29_08-40-29.npz
rat0222,shuffle_null_mean,-0.0090909090909091,,125.0,/Users/Hannah/Programming/data_eyeblink/geometry_preservation_outputs/geometry_preservation_rat0222_set0222_dim3_bins5_2026-04-29_08-40-29.npz
rat0222,shuffle_null_mean,-0.005454545454545457,,126.0,/Users/Hannah/Programming/data_eyeblink/geometry_preservation_outputs/geometry_preservation_rat0222_set0222_dim3_bins5_2026-04-29_08-40-29.npz
rat0222,shuffle_null_mean,0.07696969696969697,,127.0,/Users/Hannah/Programming/data_eyeblink/geometry_preservation_outputs/geometry_preservation_rat0222_set0222_dim3_bins5_2026-04-29_08-40-29.npz
rat0222,shuffle_null_mean,0.021212121212121206,,128.0,/Users/Hannah/Programming/data_eyeblink/geometry_preservation_outputs/geometry_preservation_rat0222_set0222_dim3_bins5_2026-04-29_08-40-29.npz
rat0222,shuffle_null_mean,0.014545454545454539,,129.0,/Users/Hannah/Programming/data_eyeblink/geometry_preservation_outputs/geometry_preservation_rat0222_set0222_dim3_bins5_2026-04-29_08-40-29.npz
rat0222,shuffle_null_mean,0.01999999999999998,,130.0,/Users/Hannah/Programming/data_eyeblink/geometry_preservation_outputs/geometry_preservation_rat0222_set0222_dim3_bins5_2026-04-29_08-40-29.npz
rat0222,shuffle_null_mean,0.004242424242424231,,131.0,/Users/Hannah/Programming/data_eyeblink/geometry_preservation_outputs/geometry_preservation_rat0222_set0222_dim3_bins5_2026-04-29_08-40-29.npz
rat0222,shuffle_null_mean,-0.11636363636363634,,132.0,/Users/Hannah/Programming/data_eyeblink/geometry_preservation_outputs/geometry_preservation_rat0222_set0222_dim3_bins5_2026-04-29_08-40-29.npz
rat0222,shuffle_null_mean,0.04545454545454544,,133.0,/Users/Hannah/Programming/data_eyeblink/geometry_preservation_outputs/geometry_preservation_rat0222_set0222_dim3_bins5_2026-04-29_08-40-29.npz
rat0222,shuffle_null_mean,0.021212121212121203,,134.0,/Users/Hannah/Programming/data_eyeblink/geometry_preservation_outputs/geometry_preservation_rat0222_set0222_dim3_bins5_2026-04-29_08-40-29.npz
rat0222,shuffle_null_mean,-0.08909090909090908,,135.0,/Users/Hannah/Programming/data_eyeblink/geometry_preservation_outputs/geometry_preservation_rat0222_set0222_dim3_bins5_2026-04-29_08-40-29.npz
rat0222,shuffle_null_mean,0.08181818181818182,,136.0,/Users/Hannah/Programming/data_eyeblink/geometry_preservation_outputs/geometry_preservation_rat0222_set0222_dim3_bins5_2026-04-29_08-40-29.npz
rat0222,shuffle_null_mean,-0.0412121212121212,,137.0,/Users/Hannah/Programming/data_eyeblink/geometry_preservation_outputs/geometry_preservation_rat0222_set0222_dim3_bins5_2026-04-29_08-40-29.npz
rat0222,shuffle_null_mean,-0.006060606060606061,,138.0,/Users/Hannah/Programming/data_eyeblink/geometry_preservation_outputs/geometry_preservation_rat0222_set0222_dim3_bins5_2026-04-29_08-40-29.npz
rat0222,shuffle_null_mean,0.0806060606060606,,139.0,/Users/Hannah/Programming/data_eyeblink/geometry_preservation_outputs/geometry_preservation_rat0222_set0222_dim3_bins5_2026-04-29_08-40-29.npz
rat0222,shuffle_null_mean,-0.07575757575757576,,140.0,/Users/Hannah/Programming/data_eyeblink/geometry_preservation_outputs/geometry_preservation_rat0222_set0222_dim3_bins5_2026-04-29_08-40-29.npz
rat0222,shuffle_null_mean,0.02787878787878787,,141.0,/Users/Hannah/Programming/data_eyeblink/geometry_preservation_outputs/geometry_preservation_rat0222_set0222_dim3_bins5_2026-04-29_08-40-29.npz
rat0222,shuffle_null_mean,-0.015757575757575755,,142.0,/Users/Hannah/Programming/data_eyeblink/geometry_preservation_outputs/geometry_preservation_rat0222_set0222_dim3_bins5_2026-04-29_08-40-29.npz
rat0222,shuffle_null_mean,-0.09515151515151514,,143.0,/Users/Hannah/Programming/data_eyeblink/geometry_preservation_outputs/geometry_preservation_rat0222_set0222_dim3_bins5_2026-04-29_08-40-29.npz
rat0222,shuffle_null_mean,0.009696969696969693,,144.0,/Users/Hannah/Programming/data_eyeblink/geometry_preservation_outputs/geometry_preservation_rat0222_set0222_dim3_bins5_2026-04-29_08-40-29.npz
rat0222,shuffle_null_mean,0.09090909090909091,,145.0,/Users/Hannah/Programming/data_eyeblink/geometry_preservation_outputs/geometry_preservation_rat0222_set0222_dim3_bins5_2026-04-29_08-40-29.npz
rat0222,shuffle_null_mean,0.17999999999999997,,146.0,/Users/Hannah/Programming/data_eyeblink/geometry_preservation_outputs/geometry_preservation_rat0222_set0222_dim3_bins5_2026-04-29_08-40-29.npz
rat0222,shuffle_null_mean,-0.023030303030303016,,147.0,/Users/Hannah/Programming/data_eyeblink/geometry_preservation_outputs/geometry_preservation_rat0222_set0222_dim3_bins5_2026-04-29_08-40-29.npz
rat0222,shuffle_null_mean,-0.13272727272727275,,148.0,/Users/Hannah/Programming/data_eyeblink/geometry_preservation_outputs/geometry_preservation_rat0222_set0222_dim3_bins5_2026-04-29_08-40-29.npz
rat0222,shuffle_null_mean,-0.08181818181818182,,149.0,/Users/Hannah/Programming/data_eyeblink/geometry_preservation_outputs/geometry_preservation_rat0222_set0222_dim3_bins5_2026-04-29_08-40-29.npz
rat0222,shuffle_null_mean,-0.012121212121212121,,150.0,/Users/Hannah/Programming/data_eyeblink/geometry_preservation_outputs/geometry_preservation_rat0222_set0222_dim3_bins5_2026-04-29_08-40-29.npz
rat0222,shuffle_null_mean,-0.03515151515151514,,151.0,/Users/Hannah/Programming/data_eyeblink/geometry_preservation_outputs/geometry_preservation_rat0222_set0222_dim3_bins5_2026-04-29_08-40-29.npz
rat0222,shuffle_null_mean,-0.07878787878787877,,152.0,/Users/Hannah/Programming/data_eyeblink/geometry_preservation_outputs/geometry_preservation_rat0222_set0222_dim3_bins5_2026-04-29_08-40-29.npz
rat0222,shuffle_null_mean,0.07636363636363634,,153.0,/Users/Hannah/Programming/data_eyeblink/geometry_preservation_outputs/geometry_preservation_rat0222_set0222_dim3_bins5_2026-04-29_08-40-29.npz
rat0222,shuffle_null_mean,0.08909090909090908,,154.0,/Users/Hannah/Programming/data_eyeblink/geometry_preservation_outputs/geometry_preservation_rat0222_set0222_dim3_bins5_2026-04-29_08-40-29.npz
rat0222,shuffle_null_mean,-0.07454545454545455,,155.0,/Users/Hannah/Programming/data_eyeblink/geometry_preservation_outputs/geometry_preservation_rat0222_set0222_dim3_bins5_2026-04-29_08-40-29.npz
rat0222,shuffle_null_mean,-0.09636363636363635,,156.0,/Users/Hannah/Programming/data_eyeblink/geometry_preservation_outputs/geometry_preservation_rat0222_set0222_dim3_bins5_2026-04-29_08-40-29.npz
rat0222,shuffle_null_mean,0.10848484848484845,,157.0,/Users/Hannah/Programming/data_eyeblink/geometry_preservation_outputs/geometry_preservation_rat0222_set0222_dim3_bins5_2026-04-29_08-40-29.npz
rat0222,shuffle_null_mean,0.14909090909090908,,158.0,/Users/Hannah/Programming/data_eyeblink/geometry_preservation_outputs/geometry_preservation_rat0222_set0222_dim3_bins5_2026-04-29_08-40-29.npz
rat0222,shuffle_null_mean,0.029696969696969694,,159.0,/Users/Hannah/Programming/data_eyeblink/geometry_preservation_outputs/geometry_preservation_rat0222_set0222_dim3_bins5_2026-04-29_08-40-29.npz
rat0222,shuffle_null_mean,-0.00909090909090908,,160.0,/Users/Hannah/Programming/data_eyeblink/geometry_preservation_outputs/geometry_preservation_rat0222_set0222_dim3_bins5_2026-04-29_08-40-29.npz
rat0222,shuffle_null_mean,0.0515151515151515,,161.0,/Users/Hannah/Programming/data_eyeblink/geometry_preservation_outputs/geometry_preservation_rat0222_set0222_dim3_bins5_2026-04-29_08-40-29.npz
rat0222,shuffle_null_mean,0.07696969696969695,,162.0,/Users/Hannah/Programming/data_eyeblink/geometry_preservation_outputs/geometry_preservation_rat0222_set0222_dim3_bins5_2026-04-29_08-40-29.npz
rat0222,shuffle_null_mean,0.11878787878787875,,163.0,/Users/Hannah/Programming/data_eyeblink/geometry_preservation_outputs/geometry_preservation_rat0222_set0222_dim3_bins5_2026-04-29_08-40-29.npz
rat0222,shuffle_null_mean,-0.026060606060606062,,164.0,/Users/Hannah/Programming/data_eyeblink/geometry_preservation_outputs/geometry_preservation_rat0222_set0222_dim3_bins5_2026-04-29_08-40-29.npz
rat0222,shuffle_null_mean,-0.14727272727272725,,165.0,/Users/Hannah/Programming/data_eyeblink/geometry_preservation_outputs/geometry_preservation_rat0222_set0222_dim3_bins5_2026-04-29_08-40-29.npz
rat0222,shuffle_null_mean,-0.06909090909090908,,166.0,/Users/Hannah/Programming/data_eyeblink/geometry_preservation_outputs/geometry_preservation_rat0222_set0222_dim3_bins5_2026-04-29_08-40-29.npz
rat0222,shuffle_null_mean,0.06363636363636363,,167.0,/Users/Hannah/Programming/data_eyeblink/geometry_preservation_outputs/geometry_preservation_rat0222_set0222_dim3_bins5_2026-04-29_08-40-29.npz
rat0222,shuffle_null_mean,-0.0909090909090909,,168.0,/Users/Hannah/Programming/data_eyeblink/geometry_preservation_outputs/geometry_preservation_rat0222_set0222_dim3_bins5_2026-04-29_08-40-29.npz
rat0222,shuffle_null_mean,-0.08727272727272727,,169.0,/Users/Hannah/Programming/data_eyeblink/geometry_preservation_outputs/geometry_preservation_rat0222_set0222_dim3_bins5_2026-04-29_08-40-29.npz
rat0222,shuffle_null_mean,0.004242424242424235,,170.0,/Users/Hannah/Programming/data_eyeblink/geometry_preservation_outputs/geometry_preservation_rat0222_set0222_dim3_bins5_2026-04-29_08-40-29.npz
rat0222,shuffle_null_mean,0.05939393939393939,,171.0,/Users/Hannah/Programming/data_eyeblink/geometry_preservation_outputs/geometry_preservation_rat0222_set0222_dim3_bins5_2026-04-29_08-40-29.npz
rat0222,shuffle_null_mean,0.025454545454545452,,172.0,/Users/Hannah/Programming/data_eyeblink/geometry_preservation_outputs/geometry_preservation_rat0222_set0222_dim3_bins5_2026-04-29_08-40-29.npz
rat0222,shuffle_null_mean,-0.0806060606060606,,173.0,/Users/Hannah/Programming/data_eyeblink/geometry_preservation_outputs/geometry_preservation_rat0222_set0222_dim3_bins5_2026-04-29_08-40-29.npz
rat0222,shuffle_null_mean,-0.06181818181818181,,174.0,/Users/Hannah/Programming/data_eyeblink/geometry_preservation_outputs/geometry_preservation_rat0222_set0222_dim3_bins5_2026-04-29_08-40-29.npz
rat0222,shuffle_null_mean,-0.040606060606060604,,175.0,/Users/Hannah/Programming/data_eyeblink/geometry_preservation_outputs/geometry_preservation_rat0222_set0222_dim3_bins5_2026-04-29_08-40-29.npz
rat0222,shuffle_null_mean,0.08363636363636365,,176.0,/Users/Hannah/Programming/data_eyeblink/geometry_preservation_outputs/geometry_preservation_rat0222_set0222_dim3_bins5_2026-04-29_08-40-29.npz
rat0222,shuffle_null_mean,0.06424242424242424,,177.0,/Users/Hannah/Programming/data_eyeblink/geometry_preservation_outputs/geometry_preservation_rat0222_set0222_dim3_bins5_2026-04-29_08-40-29.npz
rat0222,shuffle_null_mean,-0.0036363636363636433,,178.0,/Users/Hannah/Programming/data_eyeblink/geometry_preservation_outputs/geometry_preservation_rat0222_set0222_dim3_bins5_2026-04-29_08-40-29.npz
rat0222,shuffle_null_mean,-0.03999999999999998,,179.0,/Users/Hannah/Programming/data_eyeblink/geometry_preservation_outputs/geometry_preservation_rat0222_set0222_dim3_bins5_2026-04-29_08-40-29.npz
rat0222,shuffle_null_mean,-0.11939393939393936,,180.0,/Users/Hannah/Programming/data_eyeblink/geometry_preservation_outputs/geometry_preservation_rat0222_set0222_dim3_bins5_2026-04-29_08-40-29.npz
rat0222,shuffle_null_mean,-0.008484848484848486,,181.0,/Users/Hannah/Programming/data_eyeblink/geometry_preservation_outputs/geometry_preservation_rat0222_set0222_dim3_bins5_2026-04-29_08-40-29.npz
rat0222,shuffle_null_mean,-0.029090909090909067,,182.0,/Users/Hannah/Programming/data_eyeblink/geometry_preservation_outputs/geometry_preservation_rat0222_set0222_dim3_bins5_2026-04-29_08-40-29.npz
rat0222,shuffle_null_mean,-0.04181818181818181,,183.0,/Users/Hannah/Programming/data_eyeblink/geometry_preservation_outputs/geometry_preservation_rat0222_set0222_dim3_bins5_2026-04-29_08-40-29.npz
rat0222,shuffle_null_mean,0.029090909090909077,,184.0,/Users/Hannah/Programming/data_eyeblink/geometry_preservation_outputs/geometry_preservation_rat0222_set0222_dim3_bins5_2026-04-29_08-40-29.npz
rat0222,shuffle_null_mean,0.06242424242424242,,185.0,/Users/Hannah/Programming/data_eyeblink/geometry_preservation_outputs/geometry_preservation_rat0222_set0222_dim3_bins5_2026-04-29_08-40-29.npz
rat0222,shuffle_null_mean,-0.11090909090909089,,186.0,/Users/Hannah/Programming/data_eyeblink/geometry_preservation_outputs/geometry_preservation_rat0222_set0222_dim3_bins5_2026-04-29_08-40-29.npz
rat0222,shuffle_null_mean,0.05272727272727272,,187.0,/Users/Hannah/Programming/data_eyeblink/geometry_preservation_outputs/geometry_preservation_rat0222_set0222_dim3_bins5_2026-04-29_08-40-29.npz
rat0222,shuffle_null_mean,-0.007272727272727278,,188.0,/Users/Hannah/Programming/data_eyeblink/geometry_preservation_outputs/geometry_preservation_rat0222_set0222_dim3_bins5_2026-04-29_08-40-29.npz
rat0222,shuffle_null_mean,0.1187878787878788,,189.0,/Users/Hannah/Programming/data_eyeblink/geometry_preservation_outputs/geometry_preservation_rat0222_set0222_dim3_bins5_2026-04-29_08-40-29.npz
rat0222,shuffle_null_mean,-0.015151515151515148,,190.0,/Users/Hannah/Programming/data_eyeblink/geometry_preservation_outputs/geometry_preservation_rat0222_set0222_dim3_bins5_2026-04-29_08-40-29.npz
rat0222,shuffle_null_mean,0.05515151515151515,,191.0,/Users/Hannah/Programming/data_eyeblink/geometry_preservation_outputs/geometry_preservation_rat0222_set0222_dim3_bins5_2026-04-29_08-40-29.npz
rat0222,shuffle_null_mean,-0.06060606060606061,,192.0,/Users/Hannah/Programming/data_eyeblink/geometry_preservation_outputs/geometry_preservation_rat0222_set0222_dim3_bins5_2026-04-29_08-40-29.npz
rat0222,shuffle_null_mean,0.06909090909090906,,193.0,/Users/Hannah/Programming/data_eyeblink/geometry_preservation_outputs/geometry_preservation_rat0222_set0222_dim3_bins5_2026-04-29_08-40-29.npz
rat0222,shuffle_null_mean,-0.047878787878787875,,194.0,/Users/Hannah/Programming/data_eyeblink/geometry_preservation_outputs/geometry_preservation_rat0222_set0222_dim3_bins5_2026-04-29_08-40-29.npz
rat0222,shuffle_null_mean,-0.04909090909090907,,195.0,/Users/Hannah/Programming/data_eyeblink/geometry_preservation_outputs/geometry_preservation_rat0222_set0222_dim3_bins5_2026-04-29_08-40-29.npz
rat0222,shuffle_null_mean,0.05212121212121211,,196.0,/Users/Hannah/Programming/data_eyeblink/geometry_preservation_outputs/geometry_preservation_rat0222_set0222_dim3_bins5_2026-04-29_08-40-29.npz
rat0222,shuffle_null_mean,-0.10848484848484848,,197.0,/Users/Hannah/Programming/data_eyeblink/geometry_preservation_outputs/geometry_preservation_rat0222_set0222_dim3_bins5_2026-04-29_08-40-29.npz
rat0222,shuffle_null_mean,0.11757575757575758,,198.0,/Users/Hannah/Programming/data_eyeblink/geometry_preservation_outputs/geometry_preservation_rat0222_set0222_dim3_bins5_2026-04-29_08-40-29.npz
rat0222,shuffle_null_mean,0.04181818181818181,,199.0,/Users/Hannah/Programming/data_eyeblink/geometry_preservation_outputs/geometry_preservation_rat0222_set0222_dim3_bins5_2026-04-29_08-40-29.npz
rat0222,shuffle_null_mean,-0.09212121212121212,,200.0,/Users/Hannah/Programming/data_eyeblink/geometry_preservation_outputs/geometry_preservation_rat0222_set0222_dim3_bins5_2026-04-29_08-40-29.npz
rat0222,shuffle_null_mean,-0.04545454545454547,,201.0,/Users/Hannah/Programming/data_eyeblink/geometry_preservation_outputs/geometry_preservation_rat0222_set0222_dim3_bins5_2026-04-29_08-40-29.npz
rat0222,shuffle_null_mean,0.04181818181818181,,202.0,/Users/Hannah/Programming/data_eyeblink/geometry_preservation_outputs/geometry_preservation_rat0222_set0222_dim3_bins5_2026-04-29_08-40-29.npz
rat0222,shuffle_null_mean,-0.03454545454545453,,203.0,/Users/Hannah/Programming/data_eyeblink/geometry_preservation_outputs/geometry_preservation_rat0222_set0222_dim3_bins5_2026-04-29_08-40-29.npz
rat0222,shuffle_null_mean,0.16060606060606059,,204.0,/Users/Hannah/Programming/data_eyeblink/geometry_preservation_outputs/geometry_preservation_rat0222_set0222_dim3_bins5_2026-04-29_08-40-29.npz
rat0222,shuffle_null_mean,0.11515151515151516,,205.0,/Users/Hannah/Programming/data_eyeblink/geometry_preservation_outputs/geometry_preservation_rat0222_set0222_dim3_bins5_2026-04-29_08-40-29.npz
rat0222,shuffle_null_mean,-0.046666666666666676,,206.0,/Users/Hannah/Programming/data_eyeblink/geometry_preservation_outputs/geometry_preservation_rat0222_set0222_dim3_bins5_2026-04-29_08-40-29.npz
rat0222,shuffle_null_mean,0.03393939393939392,,207.0,/Users/Hannah/Programming/data_eyeblink/geometry_preservation_outputs/geometry_preservation_rat0222_set0222_dim3_bins5_2026-04-29_08-40-29.npz
rat0222,shuffle_null_mean,-0.018181818181818177,,208.0,/Users/Hannah/Programming/data_eyeblink/geometry_preservation_outputs/geometry_preservation_rat0222_set0222_dim3_bins5_2026-04-29_08-40-29.npz
rat0222,shuffle_null_mean,0.01636363636363635,,209.0,/Users/Hannah/Programming/data_eyeblink/geometry_preservation_outputs/geometry_preservation_rat0222_set0222_dim3_bins5_2026-04-29_08-40-29.npz
rat0222,shuffle_null_mean,0.06969696969696969,,210.0,/Users/Hannah/Programming/data_eyeblink/geometry_preservation_outputs/geometry_preservation_rat0222_set0222_dim3_bins5_2026-04-29_08-40-29.npz
rat0222,shuffle_null_mean,0.06969696969696967,,211.0,/Users/Hannah/Programming/data_eyeblink/geometry_preservation_outputs/geometry_preservation_rat0222_set0222_dim3_bins5_2026-04-29_08-40-29.npz
rat0222,shuffle_null_mean,0.1539393939393939,,212.0,/Users/Hannah/Programming/data_eyeblink/geometry_preservation_outputs/geometry_preservation_rat0222_set0222_dim3_bins5_2026-04-29_08-40-29.npz
rat0222,shuffle_null_mean,-0.04787878787878787,,213.0,/Users/Hannah/Programming/data_eyeblink/geometry_preservation_outputs/geometry_preservation_rat0222_set0222_dim3_bins5_2026-04-29_08-40-29.npz
rat0222,shuffle_null_mean,0.021212121212121203,,214.0,/Users/Hannah/Programming/data_eyeblink/geometry_preservation_outputs/geometry_preservation_rat0222_set0222_dim3_bins5_2026-04-29_08-40-29.npz
rat0222,shuffle_null_mean,-0.010909090909090913,,215.0,/Users/Hannah/Programming/data_eyeblink/geometry_preservation_outputs/geometry_preservation_rat0222_set0222_dim3_bins5_2026-04-29_08-40-29.npz
rat0222,shuffle_null_mean,-0.03333333333333334,,216.0,/Users/Hannah/Programming/data_eyeblink/geometry_preservation_outputs/geometry_preservation_rat0222_set0222_dim3_bins5_2026-04-29_08-40-29.npz
rat0222,shuffle_null_mean,0.006060606060606062,,217.0,/Users/Hannah/Programming/data_eyeblink/geometry_preservation_outputs/geometry_preservation_rat0222_set0222_dim3_bins5_2026-04-29_08-40-29.npz
rat0222,shuffle_null_mean,-0.02303030303030303,,218.0,/Users/Hannah/Programming/data_eyeblink/geometry_preservation_outputs/geometry_preservation_rat0222_set0222_dim3_bins5_2026-04-29_08-40-29.npz
rat0222,shuffle_null_mean,0.11090909090909089,,219.0,/Users/Hannah/Programming/data_eyeblink/geometry_preservation_outputs/geometry_preservation_rat0222_set0222_dim3_bins5_2026-04-29_08-40-29.npz
rat0222,shuffle_null_mean,-0.03515151515151515,,220.0,/Users/Hannah/Programming/data_eyeblink/geometry_preservation_outputs/geometry_preservation_rat0222_set0222_dim3_bins5_2026-04-29_08-40-29.npz
rat0222,shuffle_null_mean,0.03575757575757575,,221.0,/Users/Hannah/Programming/data_eyeblink/geometry_preservation_outputs/geometry_preservation_rat0222_set0222_dim3_bins5_2026-04-29_08-40-29.npz
rat0222,shuffle_null_mean,-0.04424242424242426,,222.0,/Users/Hannah/Programming/data_eyeblink/geometry_preservation_outputs/geometry_preservation_rat0222_set0222_dim3_bins5_2026-04-29_08-40-29.npz
rat0222,shuffle_null_mean,-0.11272727272727272,,223.0,/Users/Hannah/Programming/data_eyeblink/geometry_preservation_outputs/geometry_preservation_rat0222_set0222_dim3_bins5_2026-04-29_08-40-29.npz
rat0222,shuffle_null_mean,-0.2193939393939394,,224.0,/Users/Hannah/Programming/data_eyeblink/geometry_preservation_outputs/geometry_preservation_rat0222_set0222_dim3_bins5_2026-04-29_08-40-29.npz
rat0222,shuffle_null_mean,0.0024242424242424177,,225.0,/Users/Hannah/Programming/data_eyeblink/geometry_preservation_outputs/geometry_preservation_rat0222_set0222_dim3_bins5_2026-04-29_08-40-29.npz
rat0222,shuffle_null_mean,0.013939393939393942,,226.0,/Users/Hannah/Programming/data_eyeblink/geometry_preservation_outputs/geometry_preservation_rat0222_set0222_dim3_bins5_2026-04-29_08-40-29.npz
rat0222,shuffle_null_mean,-0.03878787878787879,,227.0,/Users/Hannah/Programming/data_eyeblink/geometry_preservation_outputs/geometry_preservation_rat0222_set0222_dim3_bins5_2026-04-29_08-40-29.npz
rat0222,shuffle_null_mean,0.05878787878787878,,228.0,/Users/Hannah/Programming/data_eyeblink/geometry_preservation_outputs/geometry_preservation_rat0222_set0222_dim3_bins5_2026-04-29_08-40-29.npz
rat0222,shuffle_null_mean,-0.05454545454545455,,229.0,/Users/Hannah/Programming/data_eyeblink/geometry_preservation_outputs/geometry_preservation_rat0222_set0222_dim3_bins5_2026-04-29_08-40-29.npz
rat0222,shuffle_null_mean,0.05757575757575757,,230.0,/Users/Hannah/Programming/data_eyeblink/geometry_preservation_outputs/geometry_preservation_rat0222_set0222_dim3_bins5_2026-04-29_08-40-29.npz
rat0222,shuffle_null_mean,-0.1721212121212121,,231.0,/Users/Hannah/Programming/data_eyeblink/geometry_preservation_outputs/geometry_preservation_rat0222_set0222_dim3_bins5_2026-04-29_08-40-29.npz
rat0222,shuffle_null_mean,0.026666666666666672,,232.0,/Users/Hannah/Programming/data_eyeblink/geometry_preservation_outputs/geometry_preservation_rat0222_set0222_dim3_bins5_2026-04-29_08-40-29.npz
rat0222,shuffle_null_mean,-0.016969696969696968,,233.0,/Users/Hannah/Programming/data_eyeblink/geometry_preservation_outputs/geometry_preservation_rat0222_set0222_dim3_bins5_2026-04-29_08-40-29.npz
rat0222,shuffle_null_mean,-0.11030303030303028,,234.0,/Users/Hannah/Programming/data_eyeblink/geometry_preservation_outputs/geometry_preservation_rat0222_set0222_dim3_bins5_2026-04-29_08-40-29.npz
rat0222,shuffle_null_mean,-0.13454545454545452,,235.0,/Users/Hannah/Programming/data_eyeblink/geometry_preservation_outputs/geometry_preservation_rat0222_set0222_dim3_bins5_2026-04-29_08-40-29.npz
rat0222,shuffle_null_mean,0.09333333333333334,,236.0,/Users/Hannah/Programming/data_eyeblink/geometry_preservation_outputs/geometry_preservation_rat0222_set0222_dim3_bins5_2026-04-29_08-40-29.npz
rat0222,shuffle_null_mean,-0.09818181818181818,,237.0,/Users/Hannah/Programming/data_eyeblink/geometry_preservation_outputs/geometry_preservation_rat0222_set0222_dim3_bins5_2026-04-29_08-40-29.npz
rat0222,shuffle_null_mean,0.04848484848484848,,238.0,/Users/Hannah/Programming/data_eyeblink/geometry_preservation_outputs/geometry_preservation_rat0222_set0222_dim3_bins5_2026-04-29_08-40-29.npz
rat0222,shuffle_null_mean,0.03757575757575758,,239.0,/Users/Hannah/Programming/data_eyeblink/geometry_preservation_outputs/geometry_preservation_rat0222_set0222_dim3_bins5_2026-04-29_08-40-29.npz
rat0222,shuffle_null_mean,-0.015151515151515143,,240.0,/Users/Hannah/Programming/data_eyeblink/geometry_preservation_outputs/geometry_preservation_rat0222_set0222_dim3_bins5_2026-04-29_08-40-29.npz
rat0222,shuffle_null_mean,0.10060606060606059,,241.0,/Users/Hannah/Programming/data_eyeblink/geometry_preservation_outputs/geometry_preservation_rat0222_set0222_dim3_bins5_2026-04-29_08-40-29.npz
rat0222,shuffle_null_mean,-0.14606060606060606,,242.0,/Users/Hannah/Programming/data_eyeblink/geometry_preservation_outputs/geometry_preservation_rat0222_set0222_dim3_bins5_2026-04-29_08-40-29.npz
rat0222,shuffle_null_mean,0.007878787878787888,,243.0,/Users/Hannah/Programming/data_eyeblink/geometry_preservation_outputs/geometry_preservation_rat0222_set0222_dim3_bins5_2026-04-29_08-40-29.npz
rat0222,shuffle_null_mean,-0.07575757575757575,,244.0,/Users/Hannah/Programming/data_eyeblink/geometry_preservation_outputs/geometry_preservation_rat0222_set0222_dim3_bins5_2026-04-29_08-40-29.npz
rat0222,shuffle_null_mean,-0.06666666666666667,,245.0,/Users/Hannah/Programming/data_eyeblink/geometry_preservation_outputs/geometry_preservation_rat0222_set0222_dim3_bins5_2026-04-29_08-40-29.npz
rat0222,shuffle_null_mean,0.10606060606060605,,246.0,/Users/Hannah/Programming/data_eyeblink/geometry_preservation_outputs/geometry_preservation_rat0222_set0222_dim3_bins5_2026-04-29_08-40-29.npz
rat0222,shuffle_null_mean,0.010909090909090905,,247.0,/Users/Hannah/Programming/data_eyeblink/geometry_preservation_outputs/geometry_preservation_rat0222_set0222_dim3_bins5_2026-04-29_08-40-29.npz
rat0222,shuffle_null_mean,-0.04484848484848484,,248.0,/Users/Hannah/Programming/data_eyeblink/geometry_preservation_outputs/geometry_preservation_rat0222_set0222_dim3_bins5_2026-04-29_08-40-29.npz
rat0222,shuffle_null_mean,-0.09999999999999998,,249.0,/Users/Hannah/Programming/data_eyeblink/geometry_preservation_outputs/geometry_preservation_rat0222_set0222_dim3_bins5_2026-04-29_08-40-29.npz
rat0222,shuffle_null_mean,0.12363636363636361,,250.0,/Users/Hannah/Programming/data_eyeblink/geometry_preservation_outputs/geometry_preservation_rat0222_set0222_dim3_bins5_2026-04-29_08-40-29.npz
rat0222,shuffle_null_mean,0.07515151515151515,,251.0,/Users/Hannah/Programming/data_eyeblink/geometry_preservation_outputs/geometry_preservation_rat0222_set0222_dim3_bins5_2026-04-29_08-40-29.npz
rat0222,shuffle_null_mean,-0.10181818181818181,,252.0,/Users/Hannah/Programming/data_eyeblink/geometry_preservation_outputs/geometry_preservation_rat0222_set0222_dim3_bins5_2026-04-29_08-40-29.npz
rat0222,shuffle_null_mean,-0.038181818181818185,,253.0,/Users/Hannah/Programming/data_eyeblink/geometry_preservation_outputs/geometry_preservation_rat0222_set0222_dim3_bins5_2026-04-29_08-40-29.npz
rat0222,shuffle_null_mean,0.045454545454545456,,254.0,/Users/Hannah/Programming/data_eyeblink/geometry_preservation_outputs/geometry_preservation_rat0222_set0222_dim3_bins5_2026-04-29_08-40-29.npz
rat0222,shuffle_null_mean,-0.06666666666666668,,255.0,/Users/Hannah/Programming/data_eyeblink/geometry_preservation_outputs/geometry_preservation_rat0222_set0222_dim3_bins5_2026-04-29_08-40-29.npz
rat0222,shuffle_null_mean,0.10727272727272727,,256.0,/Users/Hannah/Programming/data_eyeblink/geometry_preservation_outputs/geometry_preservation_rat0222_set0222_dim3_bins5_2026-04-29_08-40-29.npz
rat0222,shuffle_null_mean,0.013333333333333341,,257.0,/Users/Hannah/Programming/data_eyeblink/geometry_preservation_outputs/geometry_preservation_rat0222_set0222_dim3_bins5_2026-04-29_08-40-29.npz
rat0222,shuffle_null_mean,0.11636363636363634,,258.0,/Users/Hannah/Programming/data_eyeblink/geometry_preservation_outputs/geometry_preservation_rat0222_set0222_dim3_bins5_2026-04-29_08-40-29.npz
rat0222,shuffle_null_mean,-0.012121212121212113,,259.0,/Users/Hannah/Programming/data_eyeblink/geometry_preservation_outputs/geometry_preservation_rat0222_set0222_dim3_bins5_2026-04-29_08-40-29.npz
rat0222,shuffle_null_mean,-0.11696969696969699,,260.0,/Users/Hannah/Programming/data_eyeblink/geometry_preservation_outputs/geometry_preservation_rat0222_set0222_dim3_bins5_2026-04-29_08-40-29.npz
rat0222,shuffle_null_mean,0.05454545454545453,,261.0,/Users/Hannah/Programming/data_eyeblink/geometry_preservation_outputs/geometry_preservation_rat0222_set0222_dim3_bins5_2026-04-29_08-40-29.npz
rat0222,shuffle_null_mean,0.11333333333333331,,262.0,/Users/Hannah/Programming/data_eyeblink/geometry_preservation_outputs/geometry_preservation_rat0222_set0222_dim3_bins5_2026-04-29_08-40-29.npz
rat0222,shuffle_null_mean,0.06848484848484847,,263.0,/Users/Hannah/Programming/data_eyeblink/geometry_preservation_outputs/geometry_preservation_rat0222_set0222_dim3_bins5_2026-04-29_08-40-29.npz
rat0222,shuffle_null_mean,-0.005454545454545462,,264.0,/Users/Hannah/Programming/data_eyeblink/geometry_preservation_outputs/geometry_preservation_rat0222_set0222_dim3_bins5_2026-04-29_08-40-29.npz
rat0222,shuffle_null_mean,0.05333333333333332,,265.0,/Users/Hannah/Programming/data_eyeblink/geometry_preservation_outputs/geometry_preservation_rat0222_set0222_dim3_bins5_2026-04-29_08-40-29.npz
rat0222,shuffle_null_mean,0.02242424242424241,,266.0,/Users/Hannah/Programming/data_eyeblink/geometry_preservation_outputs/geometry_preservation_rat0222_set0222_dim3_bins5_2026-04-29_08-40-29.npz
rat0222,shuffle_null_mean,-0.14848484848484847,,267.0,/Users/Hannah/Programming/data_eyeblink/geometry_preservation_outputs/geometry_preservation_rat0222_set0222_dim3_bins5_2026-04-29_08-40-29.npz
rat0222,shuffle_null_mean,0.012121212121212116,,268.0,/Users/Hannah/Programming/data_eyeblink/geometry_preservation_outputs/geometry_preservation_rat0222_set0222_dim3_bins5_2026-04-29_08-40-29.npz
rat0222,shuffle_null_mean,0.13575757575757572,,269.0,/Users/Hannah/Programming/data_eyeblink/geometry_preservation_outputs/geometry_preservation_rat0222_set0222_dim3_bins5_2026-04-29_08-40-29.npz
rat0222,shuffle_null_mean,-0.0806060606060606,,270.0,/Users/Hannah/Programming/data_eyeblink/geometry_preservation_outputs/geometry_preservation_rat0222_set0222_dim3_bins5_2026-04-29_08-40-29.npz
rat0222,shuffle_null_mean,0.03515151515151515,,271.0,/Users/Hannah/Programming/data_eyeblink/geometry_preservation_outputs/geometry_preservation_rat0222_set0222_dim3_bins5_2026-04-29_08-40-29.npz
rat0222,shuffle_null_mean,0.015151515151515143,,272.0,/Users/Hannah/Programming/data_eyeblink/geometry_preservation_outputs/geometry_preservation_rat0222_set0222_dim3_bins5_2026-04-29_08-40-29.npz
rat0222,shuffle_null_mean,-0.1442424242424242,,273.0,/Users/Hannah/Programming/data_eyeblink/geometry_preservation_outputs/geometry_preservation_rat0222_set0222_dim3_bins5_2026-04-29_08-40-29.npz
rat0222,shuffle_null_mean,0.17636363636363633,,274.0,/Users/Hannah/Programming/data_eyeblink/geometry_preservation_outputs/geometry_preservation_rat0222_set0222_dim3_bins5_2026-04-29_08-40-29.npz
rat0222,shuffle_null_mean,0.038181818181818185,,275.0,/Users/Hannah/Programming/data_eyeblink/geometry_preservation_outputs/geometry_preservation_rat0222_set0222_dim3_bins5_2026-04-29_08-40-29.npz
rat0222,shuffle_null_mean,0.021818181818181813,,276.0,/Users/Hannah/Programming/data_eyeblink/geometry_preservation_outputs/geometry_preservation_rat0222_set0222_dim3_bins5_2026-04-29_08-40-29.npz
rat0222,shuffle_null_mean,0.03272727272727273,,277.0,/Users/Hannah/Programming/data_eyeblink/geometry_preservation_outputs/geometry_preservation_rat0222_set0222_dim3_bins5_2026-04-29_08-40-29.npz
rat0222,shuffle_null_mean,0.04000000000000001,,278.0,/Users/Hannah/Programming/data_eyeblink/geometry_preservation_outputs/geometry_preservation_rat0222_set0222_dim3_bins5_2026-04-29_08-40-29.npz
rat0222,shuffle_null_mean,-0.0884848484848485,,279.0,/Users/Hannah/Programming/data_eyeblink/geometry_preservation_outputs/geometry_preservation_rat0222_set0222_dim3_bins5_2026-04-29_08-40-29.npz
rat0222,shuffle_null_mean,0.1296969696969697,,280.0,/Users/Hannah/Programming/data_eyeblink/geometry_preservation_outputs/geometry_preservation_rat0222_set0222_dim3_bins5_2026-04-29_08-40-29.npz
rat0222,shuffle_null_mean,-0.0521212121212121,,281.0,/Users/Hannah/Programming/data_eyeblink/geometry_preservation_outputs/geometry_preservation_rat0222_set0222_dim3_bins5_2026-04-29_08-40-29.npz
rat0222,shuffle_null_mean,-0.07878787878787877,,282.0,/Users/Hannah/Programming/data_eyeblink/geometry_preservation_outputs/geometry_preservation_rat0222_set0222_dim3_bins5_2026-04-29_08-40-29.npz
rat0222,shuffle_null_mean,0.006666666666666672,,283.0,/Users/Hannah/Programming/data_eyeblink/geometry_preservation_outputs/geometry_preservation_rat0222_set0222_dim3_bins5_2026-04-29_08-40-29.npz
rat0222,shuffle_null_mean,-0.0696969696969697,,284.0,/Users/Hannah/Programming/data_eyeblink/geometry_preservation_outputs/geometry_preservation_rat0222_set0222_dim3_bins5_2026-04-29_08-40-29.npz
rat0222,shuffle_null_mean,0.032727272727272716,,285.0,/Users/Hannah/Programming/data_eyeblink/geometry_preservation_outputs/geometry_preservation_rat0222_set0222_dim3_bins5_2026-04-29_08-40-29.npz
rat0222,shuffle_null_mean,0.003030303030303007,,286.0,/Users/Hannah/Programming/data_eyeblink/geometry_preservation_outputs/geometry_preservation_rat0222_set0222_dim3_bins5_2026-04-29_08-40-29.npz
rat0222,shuffle_null_mean,-0.02363636363636364,,287.0,/Users/Hannah/Programming/data_eyeblink/geometry_preservation_outputs/geometry_preservation_rat0222_set0222_dim3_bins5_2026-04-29_08-40-29.npz
rat0222,shuffle_null_mean,-0.07515151515151514,,288.0,/Users/Hannah/Programming/data_eyeblink/geometry_preservation_outputs/geometry_preservation_rat0222_set0222_dim3_bins5_2026-04-29_08-40-29.npz
rat0222,shuffle_null_mean,-0.02303030303030303,,289.0,/Users/Hannah/Programming/data_eyeblink/geometry_preservation_outputs/geometry_preservation_rat0222_set0222_dim3_bins5_2026-04-29_08-40-29.npz
rat0222,shuffle_null_mean,-0.08303030303030304,,290.0,/Users/Hannah/Programming/data_eyeblink/geometry_preservation_outputs/geometry_preservation_rat0222_set0222_dim3_bins5_2026-04-29_08-40-29.npz
rat0222,shuffle_null_mean,-0.021818181818181813,,291.0,/Users/Hannah/Programming/data_eyeblink/geometry_preservation_outputs/geometry_preservation_rat0222_set0222_dim3_bins5_2026-04-29_08-40-29.npz
rat0222,shuffle_null_mean,-0.01818181818181818,,292.0,/Users/Hannah/Programming/data_eyeblink/geometry_preservation_outputs/geometry_preservation_rat0222_set0222_dim3_bins5_2026-04-29_08-40-29.npz
rat0222,shuffle_null_mean,0.1703030303030303,,293.0,/Users/Hannah/Programming/data_eyeblink/geometry_preservation_outputs/geometry_preservation_rat0222_set0222_dim3_bins5_2026-04-29_08-40-29.npz
rat0222,shuffle_null_mean,0.0036363636363636403,,294.0,/Users/Hannah/Programming/data_eyeblink/geometry_preservation_outputs/geometry_preservation_rat0222_set0222_dim3_bins5_2026-04-29_08-40-29.npz
rat0222,shuffle_null_mean,-0.07454545454545451,,295.0,/Users/Hannah/Programming/data_eyeblink/geometry_preservation_outputs/geometry_preservation_rat0222_set0222_dim3_bins5_2026-04-29_08-40-29.npz
rat0222,shuffle_null_mean,-0.07818181818181816,,296.0,/Users/Hannah/Programming/data_eyeblink/geometry_preservation_outputs/geometry_preservation_rat0222_set0222_dim3_bins5_2026-04-29_08-40-29.npz
rat0222,shuffle_null_mean,-0.07696969696969698,,297.0,/Users/Hannah/Programming/data_eyeblink/geometry_preservation_outputs/geometry_preservation_rat0222_set0222_dim3_bins5_2026-04-29_08-40-29.npz
rat0222,shuffle_null_mean,0.08848484848484849,,298.0,/Users/Hannah/Programming/data_eyeblink/geometry_preservation_outputs/geometry_preservation_rat0222_set0222_dim3_bins5_2026-04-29_08-40-29.npz
rat0222,shuffle_null_mean,0.04242424242424241,,299.0,/Users/Hannah/Programming/data_eyeblink/geometry_preservation_outputs/geometry_preservation_rat0222_set0222_dim3_bins5_2026-04-29_08-40-29.npz
rat0222,shuffle_null_mean,-0.07575757575757575,,300.0,/Users/Hannah/Programming/data_eyeblink/geometry_preservation_outputs/geometry_preservation_rat0222_set0222_dim3_bins5_2026-04-29_08-40-29.npz
rat0222,shuffle_null_mean,-0.03515151515151514,,301.0,/Users/Hannah/Programming/data_eyeblink/geometry_preservation_outputs/geometry_preservation_rat0222_set0222_dim3_bins5_2026-04-29_08-40-29.npz
rat0222,shuffle_null_mean,-0.03696969696969695,,302.0,/Users/Hannah/Programming/data_eyeblink/geometry_preservation_outputs/geometry_preservation_rat0222_set0222_dim3_bins5_2026-04-29_08-40-29.npz
rat0222,shuffle_null_mean,0.011515151515151497,,303.0,/Users/Hannah/Programming/data_eyeblink/geometry_preservation_outputs/geometry_preservation_rat0222_set0222_dim3_bins5_2026-04-29_08-40-29.npz
rat0222,shuffle_null_mean,-0.06727272727272726,,304.0,/Users/Hannah/Programming/data_eyeblink/geometry_preservation_outputs/geometry_preservation_rat0222_set0222_dim3_bins5_2026-04-29_08-40-29.npz
rat0222,shuffle_null_mean,0.036363636363636355,,305.0,/Users/Hannah/Programming/data_eyeblink/geometry_preservation_outputs/geometry_preservation_rat0222_set0222_dim3_bins5_2026-04-29_08-40-29.npz
rat0222,shuffle_null_mean,0.08181818181818182,,306.0,/Users/Hannah/Programming/data_eyeblink/geometry_preservation_outputs/geometry_preservation_rat0222_set0222_dim3_bins5_2026-04-29_08-40-29.npz
rat0222,shuffle_null_mean,-0.03090909090909092,,307.0,/Users/Hannah/Programming/data_eyeblink/geometry_preservation_outputs/geometry_preservation_rat0222_set0222_dim3_bins5_2026-04-29_08-40-29.npz
rat0222,shuffle_null_mean,0.06969696969696967,,308.0,/Users/Hannah/Programming/data_eyeblink/geometry_preservation_outputs/geometry_preservation_rat0222_set0222_dim3_bins5_2026-04-29_08-40-29.npz
rat0222,shuffle_null_mean,-0.07151515151515152,,309.0,/Users/Hannah/Programming/data_eyeblink/geometry_preservation_outputs/geometry_preservation_rat0222_set0222_dim3_bins5_2026-04-29_08-40-29.npz
rat0222,shuffle_null_mean,-0.1424242424242424,,310.0,/Users/Hannah/Programming/data_eyeblink/geometry_preservation_outputs/geometry_preservation_rat0222_set0222_dim3_bins5_2026-04-29_08-40-29.npz
rat0222,shuffle_null_mean,0.01333333333333333,,311.0,/Users/Hannah/Programming/data_eyeblink/geometry_preservation_outputs/geometry_preservation_rat0222_set0222_dim3_bins5_2026-04-29_08-40-29.npz
rat0222,shuffle_null_mean,-0.050303030303030294,,312.0,/Users/Hannah/Programming/data_eyeblink/geometry_preservation_outputs/geometry_preservation_rat0222_set0222_dim3_bins5_2026-04-29_08-40-29.npz
rat0222,shuffle_null_mean,-0.08121212121212118,,313.0,/Users/Hannah/Programming/data_eyeblink/geometry_preservation_outputs/geometry_preservation_rat0222_set0222_dim3_bins5_2026-04-29_08-40-29.npz
rat0222,shuffle_null_mean,-0.015151515151515147,,314.0,/Users/Hannah/Programming/data_eyeblink/geometry_preservation_outputs/geometry_preservation_rat0222_set0222_dim3_bins5_2026-04-29_08-40-29.npz
rat0222,shuffle_null_mean,0.17212121212121215,,315.0,/Users/Hannah/Programming/data_eyeblink/geometry_preservation_outputs/geometry_preservation_rat0222_set0222_dim3_bins5_2026-04-29_08-40-29.npz
rat0222,shuffle_null_mean,-0.12363636363636363,,316.0,/Users/Hannah/Programming/data_eyeblink/geometry_preservation_outputs/geometry_preservation_rat0222_set0222_dim3_bins5_2026-04-29_08-40-29.npz
rat0222,shuffle_null_mean,-0.14181818181818176,,317.0,/Users/Hannah/Programming/data_eyeblink/geometry_preservation_outputs/geometry_preservation_rat0222_set0222_dim3_bins5_2026-04-29_08-40-29.npz
rat0222,shuffle_null_mean,-0.011515151515151516,,318.0,/Users/Hannah/Programming/data_eyeblink/geometry_preservation_outputs/geometry_preservation_rat0222_set0222_dim3_bins5_2026-04-29_08-40-29.npz
rat0222,shuffle_null_mean,-0.03575757575757575,,319.0,/Users/Hannah/Programming/data_eyeblink/geometry_preservation_outputs/geometry_preservation_rat0222_set0222_dim3_bins5_2026-04-29_08-40-29.npz
rat0222,shuffle_null_mean,-0.07818181818181817,,320.0,/Users/Hannah/Programming/data_eyeblink/geometry_preservation_outputs/geometry_preservation_rat0222_set0222_dim3_bins5_2026-04-29_08-40-29.npz
rat0222,shuffle_null_mean,-0.0806060606060606,,321.0,/Users/Hannah/Programming/data_eyeblink/geometry_preservation_outputs/geometry_preservation_rat0222_set0222_dim3_bins5_2026-04-29_08-40-29.npz
rat0222,shuffle_null_mean,0.06666666666666665,,322.0,/Users/Hannah/Programming/data_eyeblink/geometry_preservation_outputs/geometry_preservation_rat0222_set0222_dim3_bins5_2026-04-29_08-40-29.npz
rat0222,shuffle_null_mean,-0.02424242424242424,,323.0,/Users/Hannah/Programming/data_eyeblink/geometry_preservation_outputs/geometry_preservation_rat0222_set0222_dim3_bins5_2026-04-29_08-40-29.npz
rat0222,shuffle_null_mean,0.020606060606060597,,324.0,/Users/Hannah/Programming/data_eyeblink/geometry_preservation_outputs/geometry_preservation_rat0222_set0222_dim3_bins5_2026-04-29_08-40-29.npz
rat0222,shuffle_null_mean,0.02121212121212121,,325.0,/Users/Hannah/Programming/data_eyeblink/geometry_preservation_outputs/geometry_preservation_rat0222_set0222_dim3_bins5_2026-04-29_08-40-29.npz
rat0222,shuffle_null_mean,-0.03212121212121211,,326.0,/Users/Hannah/Programming/data_eyeblink/geometry_preservation_outputs/geometry_preservation_rat0222_set0222_dim3_bins5_2026-04-29_08-40-29.npz
rat0222,shuffle_null_mean,-0.16727272727272727,,327.0,/Users/Hannah/Programming/data_eyeblink/geometry_preservation_outputs/geometry_preservation_rat0222_set0222_dim3_bins5_2026-04-29_08-40-29.npz
rat0222,shuffle_null_mean,-0.04727272727272726,,328.0,/Users/Hannah/Programming/data_eyeblink/geometry_preservation_outputs/geometry_preservation_rat0222_set0222_dim3_bins5_2026-04-29_08-40-29.npz
rat0222,shuffle_null_mean,-0.01757575757575756,,329.0,/Users/Hannah/Programming/data_eyeblink/geometry_preservation_outputs/geometry_preservation_rat0222_set0222_dim3_bins5_2026-04-29_08-40-29.npz
rat0222,shuffle_null_mean,-0.13878787878787877,,330.0,/Users/Hannah/Programming/data_eyeblink/geometry_preservation_outputs/geometry_preservation_rat0222_set0222_dim3_bins5_2026-04-29_08-40-29.npz
rat0222,shuffle_null_mean,-0.051515151515151514,,331.0,/Users/Hannah/Programming/data_eyeblink/geometry_preservation_outputs/geometry_preservation_rat0222_set0222_dim3_bins5_2026-04-29_08-40-29.npz
rat0222,shuffle_null_mean,0.015757575757575762,,332.0,/Users/Hannah/Programming/data_eyeblink/geometry_preservation_outputs/geometry_preservation_rat0222_set0222_dim3_bins5_2026-04-29_08-40-29.npz
rat0222,shuffle_null_mean,0.009090909090909085,,333.0,/Users/Hannah/Programming/data_eyeblink/geometry_preservation_outputs/geometry_preservation_rat0222_set0222_dim3_bins5_2026-04-29_08-40-29.npz
rat0222,shuffle_null_mean,0.0030303030303030247,,334.0,/Users/Hannah/Programming/data_eyeblink/geometry_preservation_outputs/geometry_preservation_rat0222_set0222_dim3_bins5_2026-04-29_08-40-29.npz
rat0222,shuffle_null_mean,0.01272727272727273,,335.0,/Users/Hannah/Programming/data_eyeblink/geometry_preservation_outputs/geometry_preservation_rat0222_set0222_dim3_bins5_2026-04-29_08-40-29.npz
rat0222,shuffle_null_mean,-0.040606060606060604,,336.0,/Users/Hannah/Programming/data_eyeblink/geometry_preservation_outputs/geometry_preservation_rat0222_set0222_dim3_bins5_2026-04-29_08-40-29.npz
rat0222,shuffle_null_mean,-0.0296969696969697,,337.0,/Users/Hannah/Programming/data_eyeblink/geometry_preservation_outputs/geometry_preservation_rat0222_set0222_dim3_bins5_2026-04-29_08-40-29.npz
rat0222,shuffle_null_mean,-0.01818181818181817,,338.0,/Users/Hannah/Programming/data_eyeblink/geometry_preservation_outputs/geometry_preservation_rat0222_set0222_dim3_bins5_2026-04-29_08-40-29.npz
rat0222,shuffle_null_mean,0.04848484848484847,,339.0,/Users/Hannah/Programming/data_eyeblink/geometry_preservation_outputs/geometry_preservation_rat0222_set0222_dim3_bins5_2026-04-29_08-40-29.npz
rat0222,shuffle_null_mean,-0.033333333333333326,,340.0,/Users/Hannah/Programming/data_eyeblink/geometry_preservation_outputs/geometry_preservation_rat0222_set0222_dim3_bins5_2026-04-29_08-40-29.npz
rat0222,shuffle_null_mean,-0.09878787878787879,,341.0,/Users/Hannah/Programming/data_eyeblink/geometry_preservation_outputs/geometry_preservation_rat0222_set0222_dim3_bins5_2026-04-29_08-40-29.npz
rat0222,shuffle_null_mean,-0.10484848484848483,,342.0,/Users/Hannah/Programming/data_eyeblink/geometry_preservation_outputs/geometry_preservation_rat0222_set0222_dim3_bins5_2026-04-29_08-40-29.npz
rat0222,shuffle_null_mean,0.2127272727272727,,343.0,/Users/Hannah/Programming/data_eyeblink/geometry_preservation_outputs/geometry_preservation_rat0222_set0222_dim3_bins5_2026-04-29_08-40-29.npz
rat0222,shuffle_null_mean,-0.16909090909090904,,344.0,/Users/Hannah/Programming/data_eyeblink/geometry_preservation_outputs/geometry_preservation_rat0222_set0222_dim3_bins5_2026-04-29_08-40-29.npz
rat0222,shuffle_null_mean,-0.0206060606060606,,345.0,/Users/Hannah/Programming/data_eyeblink/geometry_preservation_outputs/geometry_preservation_rat0222_set0222_dim3_bins5_2026-04-29_08-40-29.npz
rat0222,shuffle_null_mean,-0.05393939393939394,,346.0,/Users/Hannah/Programming/data_eyeblink/geometry_preservation_outputs/geometry_preservation_rat0222_set0222_dim3_bins5_2026-04-29_08-40-29.npz
rat0222,shuffle_null_mean,0.08424242424242426,,347.0,/Users/Hannah/Programming/data_eyeblink/geometry_preservation_outputs/geometry_preservation_rat0222_set0222_dim3_bins5_2026-04-29_08-40-29.npz
rat0222,shuffle_null_mean,-0.08121212121212121,,348.0,/Users/Hannah/Programming/data_eyeblink/geometry_preservation_outputs/geometry_preservation_rat0222_set0222_dim3_bins5_2026-04-29_08-40-29.npz
rat0222,shuffle_null_mean,-0.03454545454545454,,349.0,/Users/Hannah/Programming/data_eyeblink/geometry_preservation_outputs/geometry_preservation_rat0222_set0222_dim3_bins5_2026-04-29_08-40-29.npz
rat0222,shuffle_null_mean,-0.004848484848484847,,350.0,/Users/Hannah/Programming/data_eyeblink/geometry_preservation_outputs/geometry_preservation_rat0222_set0222_dim3_bins5_2026-04-29_08-40-29.npz
rat0222,shuffle_null_mean,-0.07818181818181817,,351.0,/Users/Hannah/Programming/data_eyeblink/geometry_preservation_outputs/geometry_preservation_rat0222_set0222_dim3_bins5_2026-04-29_08-40-29.npz
rat0222,shuffle_null_mean,-0.013939393939393942,,352.0,/Users/Hannah/Programming/data_eyeblink/geometry_preservation_outputs/geometry_preservation_rat0222_set0222_dim3_bins5_2026-04-29_08-40-29.npz
rat0222,shuffle_null_mean,0.10969696969696967,,353.0,/Users/Hannah/Programming/data_eyeblink/geometry_preservation_outputs/geometry_preservation_rat0222_set0222_dim3_bins5_2026-04-29_08-40-29.npz
rat0222,shuffle_null_mean,-0.1496969696969697,,354.0,/Users/Hannah/Programming/data_eyeblink/geometry_preservation_outputs/geometry_preservation_rat0222_set0222_dim3_bins5_2026-04-29_08-40-29.npz
rat0222,shuffle_null_mean,0.10909090909090909,,355.0,/Users/Hannah/Programming/data_eyeblink/geometry_preservation_outputs/geometry_preservation_rat0222_set0222_dim3_bins5_2026-04-29_08-40-29.npz
rat0222,shuffle_null_mean,0.06909090909090908,,356.0,/Users/Hannah/Programming/data_eyeblink/geometry_preservation_outputs/geometry_preservation_rat0222_set0222_dim3_bins5_2026-04-29_08-40-29.npz
rat0222,shuffle_null_mean,-0.024242424242424232,,357.0,/Users/Hannah/Programming/data_eyeblink/geometry_preservation_outputs/geometry_preservation_rat0222_set0222_dim3_bins5_2026-04-29_08-40-29.npz
rat0222,shuffle_null_mean,-0.030303030303030287,,358.0,/Users/Hannah/Programming/data_eyeblink/geometry_preservation_outputs/geometry_preservation_rat0222_set0222_dim3_bins5_2026-04-29_08-40-29.npz
rat0222,shuffle_null_mean,0.04,,359.0,/Users/Hannah/Programming/data_eyeblink/geometry_preservation_outputs/geometry_preservation_rat0222_set0222_dim3_bins5_2026-04-29_08-40-29.npz
rat0222,shuffle_null_mean,0.07212121212121213,,360.0,/Users/Hannah/Programming/data_eyeblink/geometry_preservation_outputs/geometry_preservation_rat0222_set0222_dim3_bins5_2026-04-29_08-40-29.npz
rat0222,shuffle_null_mean,0.0024242424242424255,,361.0,/Users/Hannah/Programming/data_eyeblink/geometry_preservation_outputs/geometry_preservation_rat0222_set0222_dim3_bins5_2026-04-29_08-40-29.npz
rat0222,shuffle_null_mean,-0.018181818181818195,,362.0,/Users/Hannah/Programming/data_eyeblink/geometry_preservation_outputs/geometry_preservation_rat0222_set0222_dim3_bins5_2026-04-29_08-40-29.npz
rat0222,shuffle_null_mean,-0.01212121212121212,,363.0,/Users/Hannah/Programming/data_eyeblink/geometry_preservation_outputs/geometry_preservation_rat0222_set0222_dim3_bins5_2026-04-29_08-40-29.npz
rat0222,shuffle_null_mean,-0.07878787878787877,,364.0,/Users/Hannah/Programming/data_eyeblink/geometry_preservation_outputs/geometry_preservation_rat0222_set0222_dim3_bins5_2026-04-29_08-40-29.npz
rat0222,shuffle_null_mean,0.08363636363636363,,365.0,/Users/Hannah/Programming/data_eyeblink/geometry_preservation_outputs/geometry_preservation_rat0222_set0222_dim3_bins5_2026-04-29_08-40-29.npz
rat0222,shuffle_null_mean,0.14484848484848484,,366.0,/Users/Hannah/Programming/data_eyeblink/geometry_preservation_outputs/geometry_preservation_rat0222_set0222_dim3_bins5_2026-04-29_08-40-29.npz
rat0222,shuffle_null_mean,-0.06303030303030303,,367.0,/Users/Hannah/Programming/data_eyeblink/geometry_preservation_outputs/geometry_preservation_rat0222_set0222_dim3_bins5_2026-04-29_08-40-29.npz
rat0222,shuffle_null_mean,-0.08424242424242423,,368.0,/Users/Hannah/Programming/data_eyeblink/geometry_preservation_outputs/geometry_preservation_rat0222_set0222_dim3_bins5_2026-04-29_08-40-29.npz
rat0222,shuffle_null_mean,3.816391647148976e-18,,369.0,/Users/Hannah/Programming/data_eyeblink/geometry_preservation_outputs/geometry_preservation_rat0222_set0222_dim3_bins5_2026-04-29_08-40-29.npz
rat0222,shuffle_null_mean,0.01818181818181818,,370.0,/Users/Hannah/Programming/data_eyeblink/geometry_preservation_outputs/geometry_preservation_rat0222_set0222_dim3_bins5_2026-04-29_08-40-29.npz
rat0222,shuffle_null_mean,-0.04727272727272727,,371.0,/Users/Hannah/Programming/data_eyeblink/geometry_preservation_outputs/geometry_preservation_rat0222_set0222_dim3_bins5_2026-04-29_08-40-29.npz
rat0222,shuffle_null_mean,0.02787878787878787,,372.0,/Users/Hannah/Programming/data_eyeblink/geometry_preservation_outputs/geometry_preservation_rat0222_set0222_dim3_bins5_2026-04-29_08-40-29.npz
rat0222,shuffle_null_mean,-0.03393939393939395,,373.0,/Users/Hannah/Programming/data_eyeblink/geometry_preservation_outputs/geometry_preservation_rat0222_set0222_dim3_bins5_2026-04-29_08-40-29.npz
rat0222,shuffle_null_mean,0.046060606060606045,,374.0,/Users/Hannah/Programming/data_eyeblink/geometry_preservation_outputs/geometry_preservation_rat0222_set0222_dim3_bins5_2026-04-29_08-40-29.npz
rat0222,shuffle_null_mean,0.06727272727272728,,375.0,/Users/Hannah/Programming/data_eyeblink/geometry_preservation_outputs/geometry_preservation_rat0222_set0222_dim3_bins5_2026-04-29_08-40-29.npz
rat0222,shuffle_null_mean,0.009090909090909092,,376.0,/Users/Hannah/Programming/data_eyeblink/geometry_preservation_outputs/geometry_preservation_rat0222_set0222_dim3_bins5_2026-04-29_08-40-29.npz
rat0222,shuffle_null_mean,-0.14121212121212118,,377.0,/Users/Hannah/Programming/data_eyeblink/geometry_preservation_outputs/geometry_preservation_rat0222_set0222_dim3_bins5_2026-04-29_08-40-29.npz
rat0222,shuffle_null_mean,0.0515151515151515,,378.0,/Users/Hannah/Programming/data_eyeblink/geometry_preservation_outputs/geometry_preservation_rat0222_set0222_dim3_bins5_2026-04-29_08-40-29.npz
rat0222,shuffle_null_mean,0.04121212121212121,,379.0,/Users/Hannah/Programming/data_eyeblink/geometry_preservation_outputs/geometry_preservation_rat0222_set0222_dim3_bins5_2026-04-29_08-40-29.npz
rat0222,shuffle_null_mean,-0.06303030303030302,,380.0,/Users/Hannah/Programming/data_eyeblink/geometry_preservation_outputs/geometry_preservation_rat0222_set0222_dim3_bins5_2026-04-29_08-40-29.npz
rat0222,shuffle_null_mean,0.06060606060606061,,381.0,/Users/Hannah/Programming/data_eyeblink/geometry_preservation_outputs/geometry_preservation_rat0222_set0222_dim3_bins5_2026-04-29_08-40-29.npz
rat0222,shuffle_null_mean,0.0030303030303030264,,382.0,/Users/Hannah/Programming/data_eyeblink/geometry_preservation_outputs/geometry_preservation_rat0222_set0222_dim3_bins5_2026-04-29_08-40-29.npz
rat0222,shuffle_null_mean,0.11757575757575758,,383.0,/Users/Hannah/Programming/data_eyeblink/geometry_preservation_outputs/geometry_preservation_rat0222_set0222_dim3_bins5_2026-04-29_08-40-29.npz
rat0222,shuffle_null_mean,0.10060606060606059,,384.0,/Users/Hannah/Programming/data_eyeblink/geometry_preservation_outputs/geometry_preservation_rat0222_set0222_dim3_bins5_2026-04-29_08-40-29.npz
rat0222,shuffle_null_mean,-0.015757575757575748,,385.0,/Users/Hannah/Programming/data_eyeblink/geometry_preservation_outputs/geometry_preservation_rat0222_set0222_dim3_bins5_2026-04-29_08-40-29.npz
rat0222,shuffle_null_mean,0.061818181818181814,,386.0,/Users/Hannah/Programming/data_eyeblink/geometry_preservation_outputs/geometry_preservation_rat0222_set0222_dim3_bins5_2026-04-29_08-40-29.npz
rat0222,shuffle_null_mean,0.008484848484848491,,387.0,/Users/Hannah/Programming/data_eyeblink/geometry_preservation_outputs/geometry_preservation_rat0222_set0222_dim3_bins5_2026-04-29_08-40-29.npz
rat0222,shuffle_null_mean,-0.20181818181818176,,388.0,/Users/Hannah/Programming/data_eyeblink/geometry_preservation_outputs/geometry_preservation_rat0222_set0222_dim3_bins5_2026-04-29_08-40-29.npz
rat0222,shuffle_null_mean,0.036969696969696965,,389.0,/Users/Hannah/Programming/data_eyeblink/geometry_preservation_outputs/geometry_preservation_rat0222_set0222_dim3_bins5_2026-04-29_08-40-29.npz
rat0222,shuffle_null_mean,-0.10606060606060608,,390.0,/Users/Hannah/Programming/data_eyeblink/geometry_preservation_outputs/geometry_preservation_rat0222_set0222_dim3_bins5_2026-04-29_08-40-29.npz
rat0222,shuffle_null_mean,0.03151515151515152,,391.0,/Users/Hannah/Programming/data_eyeblink/geometry_preservation_outputs/geometry_preservation_rat0222_set0222_dim3_bins5_2026-04-29_08-40-29.npz
rat0222,shuffle_null_mean,-0.07272727272727272,,392.0,/Users/Hannah/Programming/data_eyeblink/geometry_preservation_outputs/geometry_preservation_rat0222_set0222_dim3_bins5_2026-04-29_08-40-29.npz
rat0222,shuffle_null_mean,-0.036363636363636355,,393.0,/Users/Hannah/Programming/data_eyeblink/geometry_preservation_outputs/geometry_preservation_rat0222_set0222_dim3_bins5_2026-04-29_08-40-29.npz
rat0222,shuffle_null_mean,-0.06242424242424242,,394.0,/Users/Hannah/Programming/data_eyeblink/geometry_preservation_outputs/geometry_preservation_rat0222_set0222_dim3_bins5_2026-04-29_08-40-29.npz
rat0222,shuffle_null_mean,0.14060606060606057,,395.0,/Users/Hannah/Programming/data_eyeblink/geometry_preservation_outputs/geometry_preservation_rat0222_set0222_dim3_bins5_2026-04-29_08-40-29.npz
rat0222,shuffle_null_mean,0.015151515151515143,,396.0,/Users/Hannah/Programming/data_eyeblink/geometry_preservation_outputs/geometry_preservation_rat0222_set0222_dim3_bins5_2026-04-29_08-40-29.npz
rat0222,shuffle_null_mean,-0.103030303030303,,397.0,/Users/Hannah/Programming/data_eyeblink/geometry_preservation_outputs/geometry_preservation_rat0222_set0222_dim3_bins5_2026-04-29_08-40-29.npz
rat0222,shuffle_null_mean,-0.0903030303030303,,398.0,/Users/Hannah/Programming/data_eyeblink/geometry_preservation_outputs/geometry_preservation_rat0222_set0222_dim3_bins5_2026-04-29_08-40-29.npz
rat0222,shuffle_null_mean,-0.022424242424242413,,399.0,/Users/Hannah/Programming/data_eyeblink/geometry_preservation_outputs/geometry_preservation_rat0222_set0222_dim3_bins5_2026-04-29_08-40-29.npz
rat0222,shuffle_null_mean,-0.039999999999999994,,400.0,/Users/Hannah/Programming/data_eyeblink/geometry_preservation_outputs/geometry_preservation_rat0222_set0222_dim3_bins5_2026-04-29_08-40-29.npz
rat0222,shuffle_null_mean,0.008484848484848482,,401.0,/Users/Hannah/Programming/data_eyeblink/geometry_preservation_outputs/geometry_preservation_rat0222_set0222_dim3_bins5_2026-04-29_08-40-29.npz
rat0222,shuffle_null_mean,-0.05575757575757575,,402.0,/Users/Hannah/Programming/data_eyeblink/geometry_preservation_outputs/geometry_preservation_rat0222_set0222_dim3_bins5_2026-04-29_08-40-29.npz
rat0222,shuffle_null_mean,-0.02969696969696971,,403.0,/Users/Hannah/Programming/data_eyeblink/geometry_preservation_outputs/geometry_preservation_rat0222_set0222_dim3_bins5_2026-04-29_08-40-29.npz
rat0222,shuffle_null_mean,0.013333333333333326,,404.0,/Users/Hannah/Programming/data_eyeblink/geometry_preservation_outputs/geometry_preservation_rat0222_set0222_dim3_bins5_2026-04-29_08-40-29.npz
rat0222,shuffle_null_mean,0.03151515151515148,,405.0,/Users/Hannah/Programming/data_eyeblink/geometry_preservation_outputs/geometry_preservation_rat0222_set0222_dim3_bins5_2026-04-29_08-40-29.npz
rat0222,shuffle_null_mean,0.029696969696969687,,406.0,/Users/Hannah/Programming/data_eyeblink/geometry_preservation_outputs/geometry_preservation_rat0222_set0222_dim3_bins5_2026-04-29_08-40-29.npz
rat0222,shuffle_null_mean,0.09151515151515151,,407.0,/Users/Hannah/Programming/data_eyeblink/geometry_preservation_outputs/geometry_preservation_rat0222_set0222_dim3_bins5_2026-04-29_08-40-29.npz
rat0222,shuffle_null_mean,-0.07212121212121211,,408.0,/Users/Hannah/Programming/data_eyeblink/geometry_preservation_outputs/geometry_preservation_rat0222_set0222_dim3_bins5_2026-04-29_08-40-29.npz
rat0222,shuffle_null_mean,-0.11696969696969697,,409.0,/Users/Hannah/Programming/data_eyeblink/geometry_preservation_outputs/geometry_preservation_rat0222_set0222_dim3_bins5_2026-04-29_08-40-29.npz
rat0222,shuffle_null_mean,0.05515151515151513,,410.0,/Users/Hannah/Programming/data_eyeblink/geometry_preservation_outputs/geometry_preservation_rat0222_set0222_dim3_bins5_2026-04-29_08-40-29.npz
rat0222,shuffle_null_mean,0.023030303030303026,,411.0,/Users/Hannah/Programming/data_eyeblink/geometry_preservation_outputs/geometry_preservation_rat0222_set0222_dim3_bins5_2026-04-29_08-40-29.npz
rat0222,shuffle_null_mean,0.07818181818181817,,412.0,/Users/Hannah/Programming/data_eyeblink/geometry_preservation_outputs/geometry_preservation_rat0222_set0222_dim3_bins5_2026-04-29_08-40-29.npz
rat0222,shuffle_null_mean,0.10909090909090909,,413.0,/Users/Hannah/Programming/data_eyeblink/geometry_preservation_outputs/geometry_preservation_rat0222_set0222_dim3_bins5_2026-04-29_08-40-29.npz
rat0222,shuffle_null_mean,0.01333333333333333,,414.0,/Users/Hannah/Programming/data_eyeblink/geometry_preservation_outputs/geometry_preservation_rat0222_set0222_dim3_bins5_2026-04-29_08-40-29.npz
rat0222,shuffle_null_mean,0.04727272727272727,,415.0,/Users/Hannah/Programming/data_eyeblink/geometry_preservation_outputs/geometry_preservation_rat0222_set0222_dim3_bins5_2026-04-29_08-40-29.npz
rat0222,shuffle_null_mean,-0.0806060606060606,,416.0,/Users/Hannah/Programming/data_eyeblink/geometry_preservation_outputs/geometry_preservation_rat0222_set0222_dim3_bins5_2026-04-29_08-40-29.npz
rat0222,shuffle_null_mean,0.006060606060606065,,417.0,/Users/Hannah/Programming/data_eyeblink/geometry_preservation_outputs/geometry_preservation_rat0222_set0222_dim3_bins5_2026-04-29_08-40-29.npz
rat0222,shuffle_null_mean,-0.25272727272727274,,418.0,/Users/Hannah/Programming/data_eyeblink/geometry_preservation_outputs/geometry_preservation_rat0222_set0222_dim3_bins5_2026-04-29_08-40-29.npz
rat0222,shuffle_null_mean,-0.030303030303030293,,419.0,/Users/Hannah/Programming/data_eyeblink/geometry_preservation_outputs/geometry_preservation_rat0222_set0222_dim3_bins5_2026-04-29_08-40-29.npz
rat0222,shuffle_null_mean,-0.01636363636363637,,420.0,/Users/Hannah/Programming/data_eyeblink/geometry_preservation_outputs/geometry_preservation_rat0222_set0222_dim3_bins5_2026-04-29_08-40-29.npz
rat0222,shuffle_null_mean,0.10424242424242425,,421.0,/Users/Hannah/Programming/data_eyeblink/geometry_preservation_outputs/geometry_preservation_rat0222_set0222_dim3_bins5_2026-04-29_08-40-29.npz
rat0222,shuffle_null_mean,0.03393939393939395,,422.0,/Users/Hannah/Programming/data_eyeblink/geometry_preservation_outputs/geometry_preservation_rat0222_set0222_dim3_bins5_2026-04-29_08-40-29.npz
rat0222,shuffle_null_mean,0.04727272727272728,,423.0,/Users/Hannah/Programming/data_eyeblink/geometry_preservation_outputs/geometry_preservation_rat0222_set0222_dim3_bins5_2026-04-29_08-40-29.npz
rat0222,shuffle_null_mean,-0.0296969696969697,,424.0,/Users/Hannah/Programming/data_eyeblink/geometry_preservation_outputs/geometry_preservation_rat0222_set0222_dim3_bins5_2026-04-29_08-40-29.npz
rat0222,shuffle_null_mean,0.032121212121212106,,425.0,/Users/Hannah/Programming/data_eyeblink/geometry_preservation_outputs/geometry_preservation_rat0222_set0222_dim3_bins5_2026-04-29_08-40-29.npz
rat0222,shuffle_null_mean,0.08181818181818182,,426.0,/Users/Hannah/Programming/data_eyeblink/geometry_preservation_outputs/geometry_preservation_rat0222_set0222_dim3_bins5_2026-04-29_08-40-29.npz
rat0222,shuffle_null_mean,0.13272727272727275,,427.0,/Users/Hannah/Programming/data_eyeblink/geometry_preservation_outputs/geometry_preservation_rat0222_set0222_dim3_bins5_2026-04-29_08-40-29.npz
rat0222,shuffle_null_mean,-0.09090909090909088,,428.0,/Users/Hannah/Programming/data_eyeblink/geometry_preservation_outputs/geometry_preservation_rat0222_set0222_dim3_bins5_2026-04-29_08-40-29.npz
rat0222,shuffle_null_mean,-0.05151515151515149,,429.0,/Users/Hannah/Programming/data_eyeblink/geometry_preservation_outputs/geometry_preservation_rat0222_set0222_dim3_bins5_2026-04-29_08-40-29.npz
rat0222,shuffle_null_mean,-0.11515151515151516,,430.0,/Users/Hannah/Programming/data_eyeblink/geometry_preservation_outputs/geometry_preservation_rat0222_set0222_dim3_bins5_2026-04-29_08-40-29.npz
rat0222,shuffle_null_mean,-0.09030303030303029,,431.0,/Users/Hannah/Programming/data_eyeblink/geometry_preservation_outputs/geometry_preservation_rat0222_set0222_dim3_bins5_2026-04-29_08-40-29.npz
rat0222,shuffle_null_mean,0.017575757575757585,,432.0,/Users/Hannah/Programming/data_eyeblink/geometry_preservation_outputs/geometry_preservation_rat0222_set0222_dim3_bins5_2026-04-29_08-40-29.npz
rat0222,shuffle_null_mean,-0.0715151515151515,,433.0,/Users/Hannah/Programming/data_eyeblink/geometry_preservation_outputs/geometry_preservation_rat0222_set0222_dim3_bins5_2026-04-29_08-40-29.npz
rat0222,shuffle_null_mean,0.08303030303030304,,434.0,/Users/Hannah/Programming/data_eyeblink/geometry_preservation_outputs/geometry_preservation_rat0222_set0222_dim3_bins5_2026-04-29_08-40-29.npz
rat0222,shuffle_null_mean,0.15515151515151515,,435.0,/Users/Hannah/Programming/data_eyeblink/geometry_preservation_outputs/geometry_preservation_rat0222_set0222_dim3_bins5_2026-04-29_08-40-29.npz
rat0222,shuffle_null_mean,0.11515151515151509,,436.0,/Users/Hannah/Programming/data_eyeblink/geometry_preservation_outputs/geometry_preservation_rat0222_set0222_dim3_bins5_2026-04-29_08-40-29.npz
rat0222,shuffle_null_mean,-0.0018181818181818188,,437.0,/Users/Hannah/Programming/data_eyeblink/geometry_preservation_outputs/geometry_preservation_rat0222_set0222_dim3_bins5_2026-04-29_08-40-29.npz
rat0222,shuffle_null_mean,-0.06727272727272728,,438.0,/Users/Hannah/Programming/data_eyeblink/geometry_preservation_outputs/geometry_preservation_rat0222_set0222_dim3_bins5_2026-04-29_08-40-29.npz
rat0222,shuffle_null_mean,-0.18848484848484848,,439.0,/Users/Hannah/Programming/data_eyeblink/geometry_preservation_outputs/geometry_preservation_rat0222_set0222_dim3_bins5_2026-04-29_08-40-29.npz
rat0222,shuffle_null_mean,0.06303030303030302,,440.0,/Users/Hannah/Programming/data_eyeblink/geometry_preservation_outputs/geometry_preservation_rat0222_set0222_dim3_bins5_2026-04-29_08-40-29.npz
rat0222,shuffle_null_mean,-0.09999999999999999,,441.0,/Users/Hannah/Programming/data_eyeblink/geometry_preservation_outputs/geometry_preservation_rat0222_set0222_dim3_bins5_2026-04-29_08-40-29.npz
rat0222,shuffle_null_mean,-0.12545454545454546,,442.0,/Users/Hannah/Programming/data_eyeblink/geometry_preservation_outputs/geometry_preservation_rat0222_set0222_dim3_bins5_2026-04-29_08-40-29.npz
rat0222,shuffle_null_mean,0.044848484848484846,,443.0,/Users/Hannah/Programming/data_eyeblink/geometry_preservation_outputs/geometry_preservation_rat0222_set0222_dim3_bins5_2026-04-29_08-40-29.npz
rat0222,shuffle_null_mean,0.010303030303030297,,444.0,/Users/Hannah/Programming/data_eyeblink/geometry_preservation_outputs/geometry_preservation_rat0222_set0222_dim3_bins5_2026-04-29_08-40-29.npz
rat0222,shuffle_null_mean,-0.01999999999999999,,445.0,/Users/Hannah/Programming/data_eyeblink/geometry_preservation_outputs/geometry_preservation_rat0222_set0222_dim3_bins5_2026-04-29_08-40-29.npz
rat0222,shuffle_null_mean,-0.008484848484848494,,446.0,/Users/Hannah/Programming/data_eyeblink/geometry_preservation_outputs/geometry_preservation_rat0222_set0222_dim3_bins5_2026-04-29_08-40-29.npz
rat0222,shuffle_null_mean,0.018787878787878777,,447.0,/Users/Hannah/Programming/data_eyeblink/geometry_preservation_outputs/geometry_preservation_rat0222_set0222_dim3_bins5_2026-04-29_08-40-29.npz
rat0222,shuffle_null_mean,0.030909090909090924,,448.0,/Users/Hannah/Programming/data_eyeblink/geometry_preservation_outputs/geometry_preservation_rat0222_set0222_dim3_bins5_2026-04-29_08-40-29.npz
rat0222,shuffle_null_mean,0.10121212121212117,,449.0,/Users/Hannah/Programming/data_eyeblink/geometry_preservation_outputs/geometry_preservation_rat0222_set0222_dim3_bins5_2026-04-29_08-40-29.npz
rat0222,shuffle_null_mean,0.062424242424242424,,450.0,/Users/Hannah/Programming/data_eyeblink/geometry_preservation_outputs/geometry_preservation_rat0222_set0222_dim3_bins5_2026-04-29_08-40-29.npz
rat0222,shuffle_null_mean,-0.11333333333333333,,451.0,/Users/Hannah/Programming/data_eyeblink/geometry_preservation_outputs/geometry_preservation_rat0222_set0222_dim3_bins5_2026-04-29_08-40-29.npz
rat0222,shuffle_null_mean,0.10909090909090909,,452.0,/Users/Hannah/Programming/data_eyeblink/geometry_preservation_outputs/geometry_preservation_rat0222_set0222_dim3_bins5_2026-04-29_08-40-29.npz
rat0222,shuffle_null_mean,0.052727272727272734,,453.0,/Users/Hannah/Programming/data_eyeblink/geometry_preservation_outputs/geometry_preservation_rat0222_set0222_dim3_bins5_2026-04-29_08-40-29.npz
rat0222,shuffle_null_mean,-0.09575757575757574,,454.0,/Users/Hannah/Programming/data_eyeblink/geometry_preservation_outputs/geometry_preservation_rat0222_set0222_dim3_bins5_2026-04-29_08-40-29.npz
rat0222,shuffle_null_mean,0.0806060606060606,,455.0,/Users/Hannah/Programming/data_eyeblink/geometry_preservation_outputs/geometry_preservation_rat0222_set0222_dim3_bins5_2026-04-29_08-40-29.npz
rat0222,shuffle_null_mean,0.0412121212121212,,456.0,/Users/Hannah/Programming/data_eyeblink/geometry_preservation_outputs/geometry_preservation_rat0222_set0222_dim3_bins5_2026-04-29_08-40-29.npz
rat0222,shuffle_null_mean,-0.02727272727272726,,457.0,/Users/Hannah/Programming/data_eyeblink/geometry_preservation_outputs/geometry_preservation_rat0222_set0222_dim3_bins5_2026-04-29_08-40-29.npz
rat0222,shuffle_null_mean,0.12121212121212122,,458.0,/Users/Hannah/Programming/data_eyeblink/geometry_preservation_outputs/geometry_preservation_rat0222_set0222_dim3_bins5_2026-04-29_08-40-29.npz
rat0222,shuffle_null_mean,-0.12484848484848483,,459.0,/Users/Hannah/Programming/data_eyeblink/geometry_preservation_outputs/geometry_preservation_rat0222_set0222_dim3_bins5_2026-04-29_08-40-29.npz
rat0222,shuffle_null_mean,0.07515151515151515,,460.0,/Users/Hannah/Programming/data_eyeblink/geometry_preservation_outputs/geometry_preservation_rat0222_set0222_dim3_bins5_2026-04-29_08-40-29.npz
rat0222,shuffle_null_mean,-0.004242424242424242,,461.0,/Users/Hannah/Programming/data_eyeblink/geometry_preservation_outputs/geometry_preservation_rat0222_set0222_dim3_bins5_2026-04-29_08-40-29.npz
rat0222,shuffle_null_mean,-0.13696969696969694,,462.0,/Users/Hannah/Programming/data_eyeblink/geometry_preservation_outputs/geometry_preservation_rat0222_set0222_dim3_bins5_2026-04-29_08-40-29.npz
rat0222,shuffle_null_mean,0.03636363636363636,,463.0,/Users/Hannah/Programming/data_eyeblink/geometry_preservation_outputs/geometry_preservation_rat0222_set0222_dim3_bins5_2026-04-29_08-40-29.npz
rat0222,shuffle_null_mean,-0.16969696969696968,,464.0,/Users/Hannah/Programming/data_eyeblink/geometry_preservation_outputs/geometry_preservation_rat0222_set0222_dim3_bins5_2026-04-29_08-40-29.npz
rat0222,shuffle_null_mean,0.0030303030303030277,,465.0,/Users/Hannah/Programming/data_eyeblink/geometry_preservation_outputs/geometry_preservation_rat0222_set0222_dim3_bins5_2026-04-29_08-40-29.npz
rat0222,shuffle_null_mean,-0.09212121212121209,,466.0,/Users/Hannah/Programming/data_eyeblink/geometry_preservation_outputs/geometry_preservation_rat0222_set0222_dim3_bins5_2026-04-29_08-40-29.npz
rat0222,shuffle_null_mean,-0.061212121212121204,,467.0,/Users/Hannah/Programming/data_eyeblink/geometry_preservation_outputs/geometry_preservation_rat0222_set0222_dim3_bins5_2026-04-29_08-40-29.npz
rat0222,shuffle_null_mean,0.03818181818181817,,468.0,/Users/Hannah/Programming/data_eyeblink/geometry_preservation_outputs/geometry_preservation_rat0222_set0222_dim3_bins5_2026-04-29_08-40-29.npz
rat0222,shuffle_null_mean,-0.0036363636363636554,,469.0,/Users/Hannah/Programming/data_eyeblink/geometry_preservation_outputs/geometry_preservation_rat0222_set0222_dim3_bins5_2026-04-29_08-40-29.npz
rat0222,shuffle_null_mean,-0.012121212121212116,,470.0,/Users/Hannah/Programming/data_eyeblink/geometry_preservation_outputs/geometry_preservation_rat0222_set0222_dim3_bins5_2026-04-29_08-40-29.npz
rat0222,shuffle_null_mean,-0.020000000000000004,,471.0,/Users/Hannah/Programming/data_eyeblink/geometry_preservation_outputs/geometry_preservation_rat0222_set0222_dim3_bins5_2026-04-29_08-40-29.npz
rat0222,shuffle_null_mean,0.06606060606060606,,472.0,/Users/Hannah/Programming/data_eyeblink/geometry_preservation_outputs/geometry_preservation_rat0222_set0222_dim3_bins5_2026-04-29_08-40-29.npz
rat0222,shuffle_null_mean,-0.05878787878787878,,473.0,/Users/Hannah/Programming/data_eyeblink/geometry_preservation_outputs/geometry_preservation_rat0222_set0222_dim3_bins5_2026-04-29_08-40-29.npz
rat0222,shuffle_null_mean,-0.03151515151515151,,474.0,/Users/Hannah/Programming/data_eyeblink/geometry_preservation_outputs/geometry_preservation_rat0222_set0222_dim3_bins5_2026-04-29_08-40-29.npz
rat0222,shuffle_null_mean,-0.044848484848484846,,475.0,/Users/Hannah/Programming/data_eyeblink/geometry_preservation_outputs/geometry_preservation_rat0222_set0222_dim3_bins5_2026-04-29_08-40-29.npz
rat0222,shuffle_null_mean,0.05757575757575756,,476.0,/Users/Hannah/Programming/data_eyeblink/geometry_preservation_outputs/geometry_preservation_rat0222_set0222_dim3_bins5_2026-04-29_08-40-29.npz
rat0222,shuffle_null_mean,-0.01030303030303031,,477.0,/Users/Hannah/Programming/data_eyeblink/geometry_preservation_outputs/geometry_preservation_rat0222_set0222_dim3_bins5_2026-04-29_08-40-29.npz
rat0222,shuffle_null_mean,0.035151515151515156,,478.0,/Users/Hannah/Programming/data_eyeblink/geometry_preservation_outputs/geometry_preservation_rat0222_set0222_dim3_bins5_2026-04-29_08-40-29.npz
rat0222,shuffle_null_mean,0.0030303030303030277,,479.0,/Users/Hannah/Programming/data_eyeblink/geometry_preservation_outputs/geometry_preservation_rat0222_set0222_dim3_bins5_2026-04-29_08-40-29.npz
rat0222,shuffle_null_mean,-0.04242424242424242,,480.0,/Users/Hannah/Programming/data_eyeblink/geometry_preservation_outputs/geometry_preservation_rat0222_set0222_dim3_bins5_2026-04-29_08-40-29.npz
rat0222,shuffle_null_mean,-0.11454545454545453,,481.0,/Users/Hannah/Programming/data_eyeblink/geometry_preservation_outputs/geometry_preservation_rat0222_set0222_dim3_bins5_2026-04-29_08-40-29.npz
rat0222,shuffle_null_mean,0.007878787878787881,,482.0,/Users/Hannah/Programming/data_eyeblink/geometry_preservation_outputs/geometry_preservation_rat0222_set0222_dim3_bins5_2026-04-29_08-40-29.npz
rat0222,shuffle_null_mean,0.02787878787878787,,483.0,/Users/Hannah/Programming/data_eyeblink/geometry_preservation_outputs/geometry_preservation_rat0222_set0222_dim3_bins5_2026-04-29_08-40-29.npz
rat0222,shuffle_null_mean,0.07818181818181817,,484.0,/Users/Hannah/Programming/data_eyeblink/geometry_preservation_outputs/geometry_preservation_rat0222_set0222_dim3_bins5_2026-04-29_08-40-29.npz
rat0222,shuffle_null_mean,-0.011515151515151506,,485.0,/Users/Hannah/Programming/data_eyeblink/geometry_preservation_outputs/geometry_preservation_rat0222_set0222_dim3_bins5_2026-04-29_08-40-29.npz
rat0222,shuffle_null_mean,-0.09454545454545454,,486.0,/Users/Hannah/Programming/data_eyeblink/geometry_preservation_outputs/geometry_preservation_rat0222_set0222_dim3_bins5_2026-04-29_08-40-29.npz
rat0222,shuffle_null_mean,-0.035757575757575745,,487.0,/Users/Hannah/Programming/data_eyeblink/geometry_preservation_outputs/geometry_preservation_rat0222_set0222_dim3_bins5_2026-04-29_08-40-29.npz
rat0222,shuffle_null_mean,-0.10424242424242422,,488.0,/Users/Hannah/Programming/data_eyeblink/geometry_preservation_outputs/geometry_preservation_rat0222_set0222_dim3_bins5_2026-04-29_08-40-29.npz
rat0222,shuffle_null_mean,-0.06787878787878786,,489.0,/Users/Hannah/Programming/data_eyeblink/geometry_preservation_outputs/geometry_preservation_rat0222_set0222_dim3_bins5_2026-04-29_08-40-29.npz
rat0222,shuffle_null_mean,-0.02121212121212121,,490.0,/Users/Hannah/Programming/data_eyeblink/geometry_preservation_outputs/geometry_preservation_rat0222_set0222_dim3_bins5_2026-04-29_08-40-29.npz
rat0222,shuffle_null_mean,-0.0030303030303030385,,491.0,/Users/Hannah/Programming/data_eyeblink/geometry_preservation_outputs/geometry_preservation_rat0222_set0222_dim3_bins5_2026-04-29_08-40-29.npz
rat0222,shuffle_null_mean,-0.01090909090909092,,492.0,/Users/Hannah/Programming/data_eyeblink/geometry_preservation_outputs/geometry_preservation_rat0222_set0222_dim3_bins5_2026-04-29_08-40-29.npz
rat0222,shuffle_null_mean,-0.09030303030303027,,493.0,/Users/Hannah/Programming/data_eyeblink/geometry_preservation_outputs/geometry_preservation_rat0222_set0222_dim3_bins5_2026-04-29_08-40-29.npz
rat0222,shuffle_null_mean,0.02909090909090909,,494.0,/Users/Hannah/Programming/data_eyeblink/geometry_preservation_outputs/geometry_preservation_rat0222_set0222_dim3_bins5_2026-04-29_08-40-29.npz
rat0222,shuffle_null_mean,-0.04242424242424242,,495.0,/Users/Hannah/Programming/data_eyeblink/geometry_preservation_outputs/geometry_preservation_rat0222_set0222_dim3_bins5_2026-04-29_08-40-29.npz
rat0222,shuffle_null_mean,0.12,,496.0,/Users/Hannah/Programming/data_eyeblink/geometry_preservation_outputs/geometry_preservation_rat0222_set0222_dim3_bins5_2026-04-29_08-40-29.npz
rat0222,shuffle_null_mean,-0.0096969696969697,,497.0,/Users/Hannah/Programming/data_eyeblink/geometry_preservation_outputs/geometry_preservation_rat0222_set0222_dim3_bins5_2026-04-29_08-40-29.npz
rat0222,shuffle_null_mean,-0.016969696969696968,,498.0,/Users/Hannah/Programming/data_eyeblink/geometry_preservation_outputs/geometry_preservation_rat0222_set0222_dim3_bins5_2026-04-29_08-40-29.npz
rat0222,shuffle_null_mean,-0.05151515151515149,,499.0,/Users/Hannah/Programming/data_eyeblink/geometry_preservation_outputs/geometry_preservation_rat0222_set0222_dim3_bins5_2026-04-29_08-40-29.npz
rat0307,real_run,-0.4545454545454545,0.0,,/Users/Hannah/Programming/data_eyeblink/geometry_preservation_outputs/geometry_preservation_rat0307_set0307_dim3_bins5_2026-04-30_22-51-17.npz
rat0307,real_run,0.4545454545454545,1.0,,/Users/Hannah/Programming/data_eyeblink/geometry_preservation_outputs/geometry_preservation_rat0307_set0307_dim3_bins5_2026-04-30_22-51-17.npz
rat0307,real_run,0.6848484848484848,2.0,,/Users/Hannah/Programming/data_eyeblink/geometry_preservation_outputs/geometry_preservation_rat0307_set0307_dim3_bins5_2026-04-30_22-51-17.npz
rat0307,real_run,0.7818181818181817,3.0,,/Users/Hannah/Programming/data_eyeblink/geometry_preservation_outputs/geometry_preservation_rat0307_set0307_dim3_bins5_2026-04-30_22-51-17.npz
rat0307,real_run,0.4545454545454545,4.0,,/Users/Hannah/Programming/data_eyeblink/geometry_preservation_outputs/geometry_preservation_rat0307_set0307_dim3_bins5_2026-04-30_22-51-17.npz
rat0307,real_run,-0.04242424242424241,5.0,,/Users/Hannah/Programming/data_eyeblink/geometry_preservation_outputs/geometry_preservation_rat0307_set0307_dim3_bins5_2026-04-30_22-51-17.npz
rat0307,real_run,0.10303030303030303,6.0,,/Users/Hannah/Programming/data_eyeblink/geometry_preservation_outputs/geometry_preservation_rat0307_set0307_dim3_bins5_2026-04-30_22-51-17.npz
rat0307,real_run,0.6121212121212121,7.0,,/Users/Hannah/Programming/data_eyeblink/geometry_preservation_outputs/geometry_preservation_rat0307_set0307_dim3_bins5_2026-04-30_22-51-17.npz
rat0307,real_run,0.24848484848484845,8.0,,/Users/Hannah/Programming/data_eyeblink/geometry_preservation_outputs/geometry_preservation_rat0307_set0307_dim3_bins5_2026-04-30_22-51-17.npz
rat0307,real_run,0.43030303030303024,9.0,,/Users/Hannah/Programming/data_eyeblink/geometry_preservation_outputs/geometry_preservation_rat0307_set0307_dim3_bins5_2026-04-30_22-51-17.npz
rat0307,real_run,0.6969696969696969,10.0,,/Users/Hannah/Programming/data_eyeblink/geometry_preservation_outputs/geometry_preservation_rat0307_set0307_dim3_bins5_2026-04-30_22-51-17.npz
rat0307,real_run,0.4545454545454545,11.0,,/Users/Hannah/Programming/data_eyeblink/geometry_preservation_outputs/geometry_preservation_rat0307_set0307_dim3_bins5_2026-04-30_22-51-17.npz
rat0307,real_run,0.43030303030303024,12.0,,/Users/Hannah/Programming/data_eyeblink/geometry_preservation_outputs/geometry_preservation_rat0307_set0307_dim3_bins5_2026-04-30_22-51-17.npz
rat0307,real_run,0.5272727272727272,13.0,,/Users/Hannah/Programming/data_eyeblink/geometry_preservation_outputs/geometry_preservation_rat0307_set0307_dim3_bins5_2026-04-30_22-51-17.npz
rat0307,real_run,0.309090909090909,14.0,,/Users/Hannah/Programming/data_eyeblink/geometry_preservation_outputs/geometry_preservation_rat0307_set0307_dim3_bins5_2026-04-30_22-51-17.npz
rat0307,real_run,-0.13939393939393938,15.0,,/Users/Hannah/Programming/data_eyeblink/geometry_preservation_outputs/geometry_preservation_rat0307_set0307_dim3_bins5_2026-04-30_22-51-17.npz
rat0307,real_run,-0.22424242424242422,16.0,,/Users/Hannah/Programming/data_eyeblink/geometry_preservation_outputs/geometry_preservation_rat0307_set0307_dim3_bins5_2026-04-30_22-51-17.npz
rat0307,real_run,0.006060606060606061,17.0,,/Users/Hannah/Programming/data_eyeblink/geometry_preservation_outputs/geometry_preservation_rat0307_set0307_dim3_bins5_2026-04-30_22-51-17.npz
rat0307,real_run,0.5393939393939393,18.0,,/Users/Hannah/Programming/data_eyeblink/geometry_preservation_outputs/geometry_preservation_rat0307_set0307_dim3_bins5_2026-04-30_22-51-17.npz
rat0307,real_run,0.0303030303030303,19.0,,/Users/Hannah/Programming/data_eyeblink/geometry_preservation_outputs/geometry_preservation_rat0307_set0307_dim3_bins5_2026-04-30_22-51-17.npz
rat0307,shuffle_null_mean,0.0496969696969697,,0.0,/Users/Hannah/Programming/data_eyeblink/geometry_preservation_outputs/geometry_preservation_rat0307_set0307_dim3_bins5_2026-04-30_22-51-17.npz
rat0307,shuffle_null_mean,0.03393939393939395,,1.0,/Users/Hannah/Programming/data_eyeblink/geometry_preservation_outputs/geometry_preservation_rat0307_set0307_dim3_bins5_2026-04-30_22-51-17.npz
rat0307,shuffle_null_mean,-0.05878787878787878,,2.0,/Users/Hannah/Programming/data_eyeblink/geometry_preservation_outputs/geometry_preservation_rat0307_set0307_dim3_bins5_2026-04-30_22-51-17.npz
rat0307,shuffle_null_mean,-0.07636363636363638,,3.0,/Users/Hannah/Programming/data_eyeblink/geometry_preservation_outputs/geometry_preservation_rat0307_set0307_dim3_bins5_2026-04-30_22-51-17.npz
rat0307,shuffle_null_mean,0.08303030303030304,,4.0,/Users/Hannah/Programming/data_eyeblink/geometry_preservation_outputs/geometry_preservation_rat0307_set0307_dim3_bins5_2026-04-30_22-51-17.npz
rat0307,shuffle_null_mean,-0.16787878787878788,,5.0,/Users/Hannah/Programming/data_eyeblink/geometry_preservation_outputs/geometry_preservation_rat0307_set0307_dim3_bins5_2026-04-30_22-51-17.npz
rat0307,shuffle_null_mean,0.024242424242424232,,6.0,/Users/Hannah/Programming/data_eyeblink/geometry_preservation_outputs/geometry_preservation_rat0307_set0307_dim3_bins5_2026-04-30_22-51-17.npz
rat0307,shuffle_null_mean,-0.04606060606060606,,7.0,/Users/Hannah/Programming/data_eyeblink/geometry_preservation_outputs/geometry_preservation_rat0307_set0307_dim3_bins5_2026-04-30_22-51-17.npz
rat0307,shuffle_null_mean,-0.0030303030303030316,,8.0,/Users/Hannah/Programming/data_eyeblink/geometry_preservation_outputs/geometry_preservation_rat0307_set0307_dim3_bins5_2026-04-30_22-51-17.npz
rat0307,shuffle_null_mean,0.047878787878787875,,9.0,/Users/Hannah/Programming/data_eyeblink/geometry_preservation_outputs/geometry_preservation_rat0307_set0307_dim3_bins5_2026-04-30_22-51-17.npz
rat0307,shuffle_null_mean,-0.0903030303030303,,10.0,/Users/Hannah/Programming/data_eyeblink/geometry_preservation_outputs/geometry_preservation_rat0307_set0307_dim3_bins5_2026-04-30_22-51-17.npz
rat0307,shuffle_null_mean,0.1321212121212121,,11.0,/Users/Hannah/Programming/data_eyeblink/geometry_preservation_outputs/geometry_preservation_rat0307_set0307_dim3_bins5_2026-04-30_22-51-17.npz
rat0307,shuffle_null_mean,0.046666666666666655,,12.0,/Users/Hannah/Programming/data_eyeblink/geometry_preservation_outputs/geometry_preservation_rat0307_set0307_dim3_bins5_2026-04-30_22-51-17.npz
rat0307,shuffle_null_mean,0.05393939393939394,,13.0,/Users/Hannah/Programming/data_eyeblink/geometry_preservation_outputs/geometry_preservation_rat0307_set0307_dim3_bins5_2026-04-30_22-51-17.npz
rat0307,shuffle_null_mean,-0.06727272727272726,,14.0,/Users/Hannah/Programming/data_eyeblink/geometry_preservation_outputs/geometry_preservation_rat0307_set0307_dim3_bins5_2026-04-30_22-51-17.npz
rat0307,shuffle_null_mean,-0.06727272727272728,,15.0,/Users/Hannah/Programming/data_eyeblink/geometry_preservation_outputs/geometry_preservation_rat0307_set0307_dim3_bins5_2026-04-30_22-51-17.npz
rat0307,shuffle_null_mean,-0.07636363636363634,,16.0,/Users/Hannah/Programming/data_eyeblink/geometry_preservation_outputs/geometry_preservation_rat0307_set0307_dim3_bins5_2026-04-30_22-51-17.npz
rat0307,shuffle_null_mean,-0.04242424242424242,,17.0,/Users/Hannah/Programming/data_eyeblink/geometry_preservation_outputs/geometry_preservation_rat0307_set0307_dim3_bins5_2026-04-30_22-51-17.npz
rat0307,shuffle_null_mean,0.04606060606060606,,18.0,/Users/Hannah/Programming/data_eyeblink/geometry_preservation_outputs/geometry_preservation_rat0307_set0307_dim3_bins5_2026-04-30_22-51-17.npz
rat0307,shuffle_null_mean,0.03878787878787879,,19.0,/Users/Hannah/Programming/data_eyeblink/geometry_preservation_outputs/geometry_preservation_rat0307_set0307_dim3_bins5_2026-04-30_22-51-17.npz
rat0307,shuffle_null_mean,0.007272727272727271,,20.0,/Users/Hannah/Programming/data_eyeblink/geometry_preservation_outputs/geometry_preservation_rat0307_set0307_dim3_bins5_2026-04-30_22-51-17.npz
rat0307,shuffle_null_mean,-0.11272727272727272,,21.0,/Users/Hannah/Programming/data_eyeblink/geometry_preservation_outputs/geometry_preservation_rat0307_set0307_dim3_bins5_2026-04-30_22-51-17.npz
rat0307,shuffle_null_mean,-0.1127272727272727,,22.0,/Users/Hannah/Programming/data_eyeblink/geometry_preservation_outputs/geometry_preservation_rat0307_set0307_dim3_bins5_2026-04-30_22-51-17.npz
rat0307,shuffle_null_mean,0.030303030303030293,,23.0,/Users/Hannah/Programming/data_eyeblink/geometry_preservation_outputs/geometry_preservation_rat0307_set0307_dim3_bins5_2026-04-30_22-51-17.npz
rat0307,shuffle_null_mean,-0.03454545454545454,,24.0,/Users/Hannah/Programming/data_eyeblink/geometry_preservation_outputs/geometry_preservation_rat0307_set0307_dim3_bins5_2026-04-30_22-51-17.npz
rat0307,shuffle_null_mean,0.016363636363636365,,25.0,/Users/Hannah/Programming/data_eyeblink/geometry_preservation_outputs/geometry_preservation_rat0307_set0307_dim3_bins5_2026-04-30_22-51-17.npz
rat0307,shuffle_null_mean,-0.04606060606060604,,26.0,/Users/Hannah/Programming/data_eyeblink/geometry_preservation_outputs/geometry_preservation_rat0307_set0307_dim3_bins5_2026-04-30_22-51-17.npz
rat0307,shuffle_null_mean,0.018787878787878774,,27.0,/Users/Hannah/Programming/data_eyeblink/geometry_preservation_outputs/geometry_preservation_rat0307_set0307_dim3_bins5_2026-04-30_22-51-17.npz
rat0307,shuffle_null_mean,-0.2739393939393939,,28.0,/Users/Hannah/Programming/data_eyeblink/geometry_preservation_outputs/geometry_preservation_rat0307_set0307_dim3_bins5_2026-04-30_22-51-17.npz
rat0307,shuffle_null_mean,-0.01575757575757576,,29.0,/Users/Hannah/Programming/data_eyeblink/geometry_preservation_outputs/geometry_preservation_rat0307_set0307_dim3_bins5_2026-04-30_22-51-17.npz
rat0307,shuffle_null_mean,0.10848484848484849,,30.0,/Users/Hannah/Programming/data_eyeblink/geometry_preservation_outputs/geometry_preservation_rat0307_set0307_dim3_bins5_2026-04-30_22-51-17.npz
rat0307,shuffle_null_mean,-0.07454545454545455,,31.0,/Users/Hannah/Programming/data_eyeblink/geometry_preservation_outputs/geometry_preservation_rat0307_set0307_dim3_bins5_2026-04-30_22-51-17.npz
rat0307,shuffle_null_mean,-0.05454545454545453,,32.0,/Users/Hannah/Programming/data_eyeblink/geometry_preservation_outputs/geometry_preservation_rat0307_set0307_dim3_bins5_2026-04-30_22-51-17.npz
rat0307,shuffle_null_mean,0.002424242424242426,,33.0,/Users/Hannah/Programming/data_eyeblink/geometry_preservation_outputs/geometry_preservation_rat0307_set0307_dim3_bins5_2026-04-30_22-51-17.npz
rat0307,shuffle_null_mean,0.13757575757575757,,34.0,/Users/Hannah/Programming/data_eyeblink/geometry_preservation_outputs/geometry_preservation_rat0307_set0307_dim3_bins5_2026-04-30_22-51-17.npz
rat0307,shuffle_null_mean,0.0781818181818182,,35.0,/Users/Hannah/Programming/data_eyeblink/geometry_preservation_outputs/geometry_preservation_rat0307_set0307_dim3_bins5_2026-04-30_22-51-17.npz
rat0307,shuffle_null_mean,0.06424242424242424,,36.0,/Users/Hannah/Programming/data_eyeblink/geometry_preservation_outputs/geometry_preservation_rat0307_set0307_dim3_bins5_2026-04-30_22-51-17.npz
rat0307,shuffle_null_mean,0.0715151515151515,,37.0,/Users/Hannah/Programming/data_eyeblink/geometry_preservation_outputs/geometry_preservation_rat0307_set0307_dim3_bins5_2026-04-30_22-51-17.npz
rat0307,shuffle_null_mean,-0.10909090909090906,,38.0,/Users/Hannah/Programming/data_eyeblink/geometry_preservation_outputs/geometry_preservation_rat0307_set0307_dim3_bins5_2026-04-30_22-51-17.npz
rat0307,shuffle_null_mean,0.06363636363636363,,39.0,/Users/Hannah/Programming/data_eyeblink/geometry_preservation_outputs/geometry_preservation_rat0307_set0307_dim3_bins5_2026-04-30_22-51-17.npz
rat0307,shuffle_null_mean,-0.05212121212121214,,40.0,/Users/Hannah/Programming/data_eyeblink/geometry_preservation_outputs/geometry_preservation_rat0307_set0307_dim3_bins5_2026-04-30_22-51-17.npz
rat0307,shuffle_null_mean,-0.013939393939393942,,41.0,/Users/Hannah/Programming/data_eyeblink/geometry_preservation_outputs/geometry_preservation_rat0307_set0307_dim3_bins5_2026-04-30_22-51-17.npz
rat0307,shuffle_null_mean,-0.03454545454545456,,42.0,/Users/Hannah/Programming/data_eyeblink/geometry_preservation_outputs/geometry_preservation_rat0307_set0307_dim3_bins5_2026-04-30_22-51-17.npz
rat0307,shuffle_null_mean,-0.09333333333333332,,43.0,/Users/Hannah/Programming/data_eyeblink/geometry_preservation_outputs/geometry_preservation_rat0307_set0307_dim3_bins5_2026-04-30_22-51-17.npz
rat0307,shuffle_null_mean,0.06606060606060606,,44.0,/Users/Hannah/Programming/data_eyeblink/geometry_preservation_outputs/geometry_preservation_rat0307_set0307_dim3_bins5_2026-04-30_22-51-17.npz
rat0307,shuffle_null_mean,-0.050909090909090904,,45.0,/Users/Hannah/Programming/data_eyeblink/geometry_preservation_outputs/geometry_preservation_rat0307_set0307_dim3_bins5_2026-04-30_22-51-17.npz
rat0307,shuffle_null_mean,-0.03393939393939392,,46.0,/Users/Hannah/Programming/data_eyeblink/geometry_preservation_outputs/geometry_preservation_rat0307_set0307_dim3_bins5_2026-04-30_22-51-17.npz
rat0307,shuffle_null_mean,-0.1224242424242424,,47.0,/Users/Hannah/Programming/data_eyeblink/geometry_preservation_outputs/geometry_preservation_rat0307_set0307_dim3_bins5_2026-04-30_22-51-17.npz
rat0307,shuffle_null_mean,-0.0387878787878788,,48.0,/Users/Hannah/Programming/data_eyeblink/geometry_preservation_outputs/geometry_preservation_rat0307_set0307_dim3_bins5_2026-04-30_22-51-17.npz
rat0307,shuffle_null_mean,-0.021212121212121217,,49.0,/Users/Hannah/Programming/data_eyeblink/geometry_preservation_outputs/geometry_preservation_rat0307_set0307_dim3_bins5_2026-04-30_22-51-17.npz
rat0307,shuffle_null_mean,0.030909090909090893,,50.0,/Users/Hannah/Programming/data_eyeblink/geometry_preservation_outputs/geometry_preservation_rat0307_set0307_dim3_bins5_2026-04-30_22-51-17.npz
rat0307,shuffle_null_mean,-0.029090909090909094,,51.0,/Users/Hannah/Programming/data_eyeblink/geometry_preservation_outputs/geometry_preservation_rat0307_set0307_dim3_bins5_2026-04-30_22-51-17.npz
rat0307,shuffle_null_mean,-0.08909090909090908,,52.0,/Users/Hannah/Programming/data_eyeblink/geometry_preservation_outputs/geometry_preservation_rat0307_set0307_dim3_bins5_2026-04-30_22-51-17.npz
rat0307,shuffle_null_mean,0.07696969696969698,,53.0,/Users/Hannah/Programming/data_eyeblink/geometry_preservation_outputs/geometry_preservation_rat0307_set0307_dim3_bins5_2026-04-30_22-51-17.npz
rat0307,shuffle_null_mean,0.029696969696969687,,54.0,/Users/Hannah/Programming/data_eyeblink/geometry_preservation_outputs/geometry_preservation_rat0307_set0307_dim3_bins5_2026-04-30_22-51-17.npz
rat0307,shuffle_null_mean,-0.07515151515151515,,55.0,/Users/Hannah/Programming/data_eyeblink/geometry_preservation_outputs/geometry_preservation_rat0307_set0307_dim3_bins5_2026-04-30_22-51-17.npz
rat0307,shuffle_null_mean,-0.05636363636363638,,56.0,/Users/Hannah/Programming/data_eyeblink/geometry_preservation_outputs/geometry_preservation_rat0307_set0307_dim3_bins5_2026-04-30_22-51-17.npz
rat0307,shuffle_null_mean,-0.03939393939393939,,57.0,/Users/Hannah/Programming/data_eyeblink/geometry_preservation_outputs/geometry_preservation_rat0307_set0307_dim3_bins5_2026-04-30_22-51-17.npz
rat0307,shuffle_null_mean,-0.0054545454545454645,,58.0,/Users/Hannah/Programming/data_eyeblink/geometry_preservation_outputs/geometry_preservation_rat0307_set0307_dim3_bins5_2026-04-30_22-51-17.npz
rat0307,shuffle_null_mean,0.07636363636363634,,59.0,/Users/Hannah/Programming/data_eyeblink/geometry_preservation_outputs/geometry_preservation_rat0307_set0307_dim3_bins5_2026-04-30_22-51-17.npz
rat0307,shuffle_null_mean,0.12727272727272726,,60.0,/Users/Hannah/Programming/data_eyeblink/geometry_preservation_outputs/geometry_preservation_rat0307_set0307_dim3_bins5_2026-04-30_22-51-17.npz
rat0307,shuffle_null_mean,-0.01757575757575757,,61.0,/Users/Hannah/Programming/data_eyeblink/geometry_preservation_outputs/geometry_preservation_rat0307_set0307_dim3_bins5_2026-04-30_22-51-17.npz
rat0307,shuffle_null_mean,-0.026060606060606062,,62.0,/Users/Hannah/Programming/data_eyeblink/geometry_preservation_outputs/geometry_preservation_rat0307_set0307_dim3_bins5_2026-04-30_22-51-17.npz
rat0307,shuffle_null_mean,-0.09999999999999998,,63.0,/Users/Hannah/Programming/data_eyeblink/geometry_preservation_outputs/geometry_preservation_rat0307_set0307_dim3_bins5_2026-04-30_22-51-17.npz
rat0307,shuffle_null_mean,-0.04060606060606062,,64.0,/Users/Hannah/Programming/data_eyeblink/geometry_preservation_outputs/geometry_preservation_rat0307_set0307_dim3_bins5_2026-04-30_22-51-17.npz
rat0307,shuffle_null_mean,0.046060606060606066,,65.0,/Users/Hannah/Programming/data_eyeblink/geometry_preservation_outputs/geometry_preservation_rat0307_set0307_dim3_bins5_2026-04-30_22-51-17.npz
rat0307,shuffle_null_mean,0.044848484848484846,,66.0,/Users/Hannah/Programming/data_eyeblink/geometry_preservation_outputs/geometry_preservation_rat0307_set0307_dim3_bins5_2026-04-30_22-51-17.npz
rat0307,shuffle_null_mean,-0.019393939393939394,,67.0,/Users/Hannah/Programming/data_eyeblink/geometry_preservation_outputs/geometry_preservation_rat0307_set0307_dim3_bins5_2026-04-30_22-51-17.npz
rat0307,shuffle_null_mean,-0.02848484848484849,,68.0,/Users/Hannah/Programming/data_eyeblink/geometry_preservation_outputs/geometry_preservation_rat0307_set0307_dim3_bins5_2026-04-30_22-51-17.npz
rat0307,shuffle_null_mean,0.024242424242424232,,69.0,/Users/Hannah/Programming/data_eyeblink/geometry_preservation_outputs/geometry_preservation_rat0307_set0307_dim3_bins5_2026-04-30_22-51-17.npz
rat0307,shuffle_null_mean,-0.02484848484848485,,70.0,/Users/Hannah/Programming/data_eyeblink/geometry_preservation_outputs/geometry_preservation_rat0307_set0307_dim3_bins5_2026-04-30_22-51-17.npz
rat0307,shuffle_null_mean,-0.09636363636363633,,71.0,/Users/Hannah/Programming/data_eyeblink/geometry_preservation_outputs/geometry_preservation_rat0307_set0307_dim3_bins5_2026-04-30_22-51-17.npz
rat0307,shuffle_null_mean,-0.020606060606060607,,72.0,/Users/Hannah/Programming/data_eyeblink/geometry_preservation_outputs/geometry_preservation_rat0307_set0307_dim3_bins5_2026-04-30_22-51-17.npz
rat0307,shuffle_null_mean,0.024242424242424242,,73.0,/Users/Hannah/Programming/data_eyeblink/geometry_preservation_outputs/geometry_preservation_rat0307_set0307_dim3_bins5_2026-04-30_22-51-17.npz
rat0307,shuffle_null_mean,0.02545454545454546,,74.0,/Users/Hannah/Programming/data_eyeblink/geometry_preservation_outputs/geometry_preservation_rat0307_set0307_dim3_bins5_2026-04-30_22-51-17.npz
rat0307,shuffle_null_mean,-0.06727272727272728,,75.0,/Users/Hannah/Programming/data_eyeblink/geometry_preservation_outputs/geometry_preservation_rat0307_set0307_dim3_bins5_2026-04-30_22-51-17.npz
rat0307,shuffle_null_mean,-0.027878787878787892,,76.0,/Users/Hannah/Programming/data_eyeblink/geometry_preservation_outputs/geometry_preservation_rat0307_set0307_dim3_bins5_2026-04-30_22-51-17.npz
rat0307,shuffle_null_mean,-0.11333333333333333,,77.0,/Users/Hannah/Programming/data_eyeblink/geometry_preservation_outputs/geometry_preservation_rat0307_set0307_dim3_bins5_2026-04-30_22-51-17.npz
rat0307,shuffle_null_mean,0.01515151515151516,,78.0,/Users/Hannah/Programming/data_eyeblink/geometry_preservation_outputs/geometry_preservation_rat0307_set0307_dim3_bins5_2026-04-30_22-51-17.npz
rat0307,shuffle_null_mean,-0.04121212121212122,,79.0,/Users/Hannah/Programming/data_eyeblink/geometry_preservation_outputs/geometry_preservation_rat0307_set0307_dim3_bins5_2026-04-30_22-51-17.npz
rat0307,shuffle_null_mean,0.036969696969696965,,80.0,/Users/Hannah/Programming/data_eyeblink/geometry_preservation_outputs/geometry_preservation_rat0307_set0307_dim3_bins5_2026-04-30_22-51-17.npz
rat0307,shuffle_null_mean,0.019393939393939394,,81.0,/Users/Hannah/Programming/data_eyeblink/geometry_preservation_outputs/geometry_preservation_rat0307_set0307_dim3_bins5_2026-04-30_22-51-17.npz
rat0307,shuffle_null_mean,0.010909090909090915,,82.0,/Users/Hannah/Programming/data_eyeblink/geometry_preservation_outputs/geometry_preservation_rat0307_set0307_dim3_bins5_2026-04-30_22-51-17.npz
rat0307,shuffle_null_mean,-0.0903030303030303,,83.0,/Users/Hannah/Programming/data_eyeblink/geometry_preservation_outputs/geometry_preservation_rat0307_set0307_dim3_bins5_2026-04-30_22-51-17.npz
rat0307,shuffle_null_mean,-0.009090909090909094,,84.0,/Users/Hannah/Programming/data_eyeblink/geometry_preservation_outputs/geometry_preservation_rat0307_set0307_dim3_bins5_2026-04-30_22-51-17.npz
rat0307,shuffle_null_mean,0.03575757575757574,,85.0,/Users/Hannah/Programming/data_eyeblink/geometry_preservation_outputs/geometry_preservation_rat0307_set0307_dim3_bins5_2026-04-30_22-51-17.npz
rat0307,shuffle_null_mean,-0.06484848484848485,,86.0,/Users/Hannah/Programming/data_eyeblink/geometry_preservation_outputs/geometry_preservation_rat0307_set0307_dim3_bins5_2026-04-30_22-51-17.npz
rat0307,shuffle_null_mean,0.023636363636363632,,87.0,/Users/Hannah/Programming/data_eyeblink/geometry_preservation_outputs/geometry_preservation_rat0307_set0307_dim3_bins5_2026-04-30_22-51-17.npz
rat0307,shuffle_null_mean,-0.007878787878787881,,88.0,/Users/Hannah/Programming/data_eyeblink/geometry_preservation_outputs/geometry_preservation_rat0307_set0307_dim3_bins5_2026-04-30_22-51-17.npz
rat0307,shuffle_null_mean,0.016969696969696968,,89.0,/Users/Hannah/Programming/data_eyeblink/geometry_preservation_outputs/geometry_preservation_rat0307_set0307_dim3_bins5_2026-04-30_22-51-17.npz
rat0307,shuffle_null_mean,-0.07636363636363634,,90.0,/Users/Hannah/Programming/data_eyeblink/geometry_preservation_outputs/geometry_preservation_rat0307_set0307_dim3_bins5_2026-04-30_22-51-17.npz
rat0307,shuffle_null_mean,-0.03818181818181818,,91.0,/Users/Hannah/Programming/data_eyeblink/geometry_preservation_outputs/geometry_preservation_rat0307_set0307_dim3_bins5_2026-04-30_22-51-17.npz
rat0307,shuffle_null_mean,0.01212121212121212,,92.0,/Users/Hannah/Programming/data_eyeblink/geometry_preservation_outputs/geometry_preservation_rat0307_set0307_dim3_bins5_2026-04-30_22-51-17.npz
rat0307,shuffle_null_mean,0.08424242424242423,,93.0,/Users/Hannah/Programming/data_eyeblink/geometry_preservation_outputs/geometry_preservation_rat0307_set0307_dim3_bins5_2026-04-30_22-51-17.npz
rat0307,shuffle_null_mean,0.07212121212121211,,94.0,/Users/Hannah/Programming/data_eyeblink/geometry_preservation_outputs/geometry_preservation_rat0307_set0307_dim3_bins5_2026-04-30_22-51-17.npz
rat0307,shuffle_null_mean,0.03575757575757575,,95.0,/Users/Hannah/Programming/data_eyeblink/geometry_preservation_outputs/geometry_preservation_rat0307_set0307_dim3_bins5_2026-04-30_22-51-17.npz
rat0307,shuffle_null_mean,-0.026060606060606062,,96.0,/Users/Hannah/Programming/data_eyeblink/geometry_preservation_outputs/geometry_preservation_rat0307_set0307_dim3_bins5_2026-04-30_22-51-17.npz
rat0307,shuffle_null_mean,0.016969696969696958,,97.0,/Users/Hannah/Programming/data_eyeblink/geometry_preservation_outputs/geometry_preservation_rat0307_set0307_dim3_bins5_2026-04-30_22-51-17.npz
rat0307,shuffle_null_mean,-0.023030303030303033,,98.0,/Users/Hannah/Programming/data_eyeblink/geometry_preservation_outputs/geometry_preservation_rat0307_set0307_dim3_bins5_2026-04-30_22-51-17.npz
rat0307,shuffle_null_mean,0.0296969696969697,,99.0,/Users/Hannah/Programming/data_eyeblink/geometry_preservation_outputs/geometry_preservation_rat0307_set0307_dim3_bins5_2026-04-30_22-51-17.npz
rat0307,shuffle_null_mean,0.0030303030303030247,,100.0,/Users/Hannah/Programming/data_eyeblink/geometry_preservation_outputs/geometry_preservation_rat0307_set0307_dim3_bins5_2026-04-30_22-51-17.npz
rat0307,shuffle_null_mean,0.10787878787878787,,101.0,/Users/Hannah/Programming/data_eyeblink/geometry_preservation_outputs/geometry_preservation_rat0307_set0307_dim3_bins5_2026-04-30_22-51-17.npz
rat0307,shuffle_null_mean,-0.01272727272727272,,102.0,/Users/Hannah/Programming/data_eyeblink/geometry_preservation_outputs/geometry_preservation_rat0307_set0307_dim3_bins5_2026-04-30_22-51-17.npz
rat0307,shuffle_null_mean,-0.009090909090909113,,103.0,/Users/Hannah/Programming/data_eyeblink/geometry_preservation_outputs/geometry_preservation_rat0307_set0307_dim3_bins5_2026-04-30_22-51-17.npz
rat0307,shuffle_null_mean,0.010909090909090905,,104.0,/Users/Hannah/Programming/data_eyeblink/geometry_preservation_outputs/geometry_preservation_rat0307_set0307_dim3_bins5_2026-04-30_22-51-17.npz
rat0307,shuffle_null_mean,-0.14363636363636362,,105.0,/Users/Hannah/Programming/data_eyeblink/geometry_preservation_outputs/geometry_preservation_rat0307_set0307_dim3_bins5_2026-04-30_22-51-17.npz
rat0307,shuffle_null_mean,0.03454545454545454,,106.0,/Users/Hannah/Programming/data_eyeblink/geometry_preservation_outputs/geometry_preservation_rat0307_set0307_dim3_bins5_2026-04-30_22-51-17.npz
rat0307,shuffle_null_mean,-0.11636363636363636,,107.0,/Users/Hannah/Programming/data_eyeblink/geometry_preservation_outputs/geometry_preservation_rat0307_set0307_dim3_bins5_2026-04-30_22-51-17.npz
rat0307,shuffle_null_mean,-0.0418181818181818,,108.0,/Users/Hannah/Programming/data_eyeblink/geometry_preservation_outputs/geometry_preservation_rat0307_set0307_dim3_bins5_2026-04-30_22-51-17.npz
rat0307,shuffle_null_mean,-0.09878787878787879,,109.0,/Users/Hannah/Programming/data_eyeblink/geometry_preservation_outputs/geometry_preservation_rat0307_set0307_dim3_bins5_2026-04-30_22-51-17.npz
rat0307,shuffle_null_mean,-0.043636363636363605,,110.0,/Users/Hannah/Programming/data_eyeblink/geometry_preservation_outputs/geometry_preservation_rat0307_set0307_dim3_bins5_2026-04-30_22-51-17.npz
rat0307,shuffle_null_mean,-0.10545454545454544,,111.0,/Users/Hannah/Programming/data_eyeblink/geometry_preservation_outputs/geometry_preservation_rat0307_set0307_dim3_bins5_2026-04-30_22-51-17.npz
rat0307,shuffle_null_mean,-0.0993939393939394,,112.0,/Users/Hannah/Programming/data_eyeblink/geometry_preservation_outputs/geometry_preservation_rat0307_set0307_dim3_bins5_2026-04-30_22-51-17.npz
rat0307,shuffle_null_mean,-0.044848484848484846,,113.0,/Users/Hannah/Programming/data_eyeblink/geometry_preservation_outputs/geometry_preservation_rat0307_set0307_dim3_bins5_2026-04-30_22-51-17.npz
rat0307,shuffle_null_mean,0.04545454545454545,,114.0,/Users/Hannah/Programming/data_eyeblink/geometry_preservation_outputs/geometry_preservation_rat0307_set0307_dim3_bins5_2026-04-30_22-51-17.npz
rat0307,shuffle_null_mean,-0.11333333333333329,,115.0,/Users/Hannah/Programming/data_eyeblink/geometry_preservation_outputs/geometry_preservation_rat0307_set0307_dim3_bins5_2026-04-30_22-51-17.npz
rat0307,shuffle_null_mean,0.013939393939393935,,116.0,/Users/Hannah/Programming/data_eyeblink/geometry_preservation_outputs/geometry_preservation_rat0307_set0307_dim3_bins5_2026-04-30_22-51-17.npz
rat0307,shuffle_null_mean,-0.008484848484848484,,117.0,/Users/Hannah/Programming/data_eyeblink/geometry_preservation_outputs/geometry_preservation_rat0307_set0307_dim3_bins5_2026-04-30_22-51-17.npz
rat0307,shuffle_null_mean,0.00787878787878788,,118.0,/Users/Hannah/Programming/data_eyeblink/geometry_preservation_outputs/geometry_preservation_rat0307_set0307_dim3_bins5_2026-04-30_22-51-17.npz
rat0307,shuffle_null_mean,-0.2145454545454545,,119.0,/Users/Hannah/Programming/data_eyeblink/geometry_preservation_outputs/geometry_preservation_rat0307_set0307_dim3_bins5_2026-04-30_22-51-17.npz
rat0307,shuffle_null_mean,0.04121212121212121,,120.0,/Users/Hannah/Programming/data_eyeblink/geometry_preservation_outputs/geometry_preservation_rat0307_set0307_dim3_bins5_2026-04-30_22-51-17.npz
rat0307,shuffle_null_mean,0.08969696969696969,,121.0,/Users/Hannah/Programming/data_eyeblink/geometry_preservation_outputs/geometry_preservation_rat0307_set0307_dim3_bins5_2026-04-30_22-51-17.npz
rat0307,shuffle_null_mean,-0.07212121212121211,,122.0,/Users/Hannah/Programming/data_eyeblink/geometry_preservation_outputs/geometry_preservation_rat0307_set0307_dim3_bins5_2026-04-30_22-51-17.npz
rat0307,shuffle_null_mean,-0.003030303030303011,,123.0,/Users/Hannah/Programming/data_eyeblink/geometry_preservation_outputs/geometry_preservation_rat0307_set0307_dim3_bins5_2026-04-30_22-51-17.npz
rat0307,shuffle_null_mean,0.07515151515151514,,124.0,/Users/Hannah/Programming/data_eyeblink/geometry_preservation_outputs/geometry_preservation_rat0307_set0307_dim3_bins5_2026-04-30_22-51-17.npz
rat0307,shuffle_null_mean,-0.07272727272727271,,125.0,/Users/Hannah/Programming/data_eyeblink/geometry_preservation_outputs/geometry_preservation_rat0307_set0307_dim3_bins5_2026-04-30_22-51-17.npz
rat0307,shuffle_null_mean,-0.01696969696969696,,126.0,/Users/Hannah/Programming/data_eyeblink/geometry_preservation_outputs/geometry_preservation_rat0307_set0307_dim3_bins5_2026-04-30_22-51-17.npz
rat0307,shuffle_null_mean,0.0315151515151515,,127.0,/Users/Hannah/Programming/data_eyeblink/geometry_preservation_outputs/geometry_preservation_rat0307_set0307_dim3_bins5_2026-04-30_22-51-17.npz
rat0307,shuffle_null_mean,0.04363636363636363,,128.0,/Users/Hannah/Programming/data_eyeblink/geometry_preservation_outputs/geometry_preservation_rat0307_set0307_dim3_bins5_2026-04-30_22-51-17.npz
rat0307,shuffle_null_mean,0.05333333333333332,,129.0,/Users/Hannah/Programming/data_eyeblink/geometry_preservation_outputs/geometry_preservation_rat0307_set0307_dim3_bins5_2026-04-30_22-51-17.npz
rat0307,shuffle_null_mean,-0.16303030303030303,,130.0,/Users/Hannah/Programming/data_eyeblink/geometry_preservation_outputs/geometry_preservation_rat0307_set0307_dim3_bins5_2026-04-30_22-51-17.npz
rat0307,shuffle_null_mean,-0.14909090909090905,,131.0,/Users/Hannah/Programming/data_eyeblink/geometry_preservation_outputs/geometry_preservation_rat0307_set0307_dim3_bins5_2026-04-30_22-51-17.npz
rat0307,shuffle_null_mean,-0.04121212121212122,,132.0,/Users/Hannah/Programming/data_eyeblink/geometry_preservation_outputs/geometry_preservation_rat0307_set0307_dim3_bins5_2026-04-30_22-51-17.npz
rat0307,shuffle_null_mean,0.0593939393939394,,133.0,/Users/Hannah/Programming/data_eyeblink/geometry_preservation_outputs/geometry_preservation_rat0307_set0307_dim3_bins5_2026-04-30_22-51-17.npz
rat0307,shuffle_null_mean,0.12060606060606058,,134.0,/Users/Hannah/Programming/data_eyeblink/geometry_preservation_outputs/geometry_preservation_rat0307_set0307_dim3_bins5_2026-04-30_22-51-17.npz
rat0307,shuffle_null_mean,0.025454545454545462,,135.0,/Users/Hannah/Programming/data_eyeblink/geometry_preservation_outputs/geometry_preservation_rat0307_set0307_dim3_bins5_2026-04-30_22-51-17.npz
rat0307,shuffle_null_mean,0.0290909090909091,,136.0,/Users/Hannah/Programming/data_eyeblink/geometry_preservation_outputs/geometry_preservation_rat0307_set0307_dim3_bins5_2026-04-30_22-51-17.npz
rat0307,shuffle_null_mean,-0.0072727272727272805,,137.0,/Users/Hannah/Programming/data_eyeblink/geometry_preservation_outputs/geometry_preservation_rat0307_set0307_dim3_bins5_2026-04-30_22-51-17.npz
rat0307,shuffle_null_mean,-0.00787878787878787,,138.0,/Users/Hannah/Programming/data_eyeblink/geometry_preservation_outputs/geometry_preservation_rat0307_set0307_dim3_bins5_2026-04-30_22-51-17.npz
rat0307,shuffle_null_mean,-0.1090909090909091,,139.0,/Users/Hannah/Programming/data_eyeblink/geometry_preservation_outputs/geometry_preservation_rat0307_set0307_dim3_bins5_2026-04-30_22-51-17.npz
rat0307,shuffle_null_mean,0.03333333333333333,,140.0,/Users/Hannah/Programming/data_eyeblink/geometry_preservation_outputs/geometry_preservation_rat0307_set0307_dim3_bins5_2026-04-30_22-51-17.npz
rat0307,shuffle_null_mean,-0.11575757575757573,,141.0,/Users/Hannah/Programming/data_eyeblink/geometry_preservation_outputs/geometry_preservation_rat0307_set0307_dim3_bins5_2026-04-30_22-51-17.npz
rat0307,shuffle_null_mean,0.0496969696969697,,142.0,/Users/Hannah/Programming/data_eyeblink/geometry_preservation_outputs/geometry_preservation_rat0307_set0307_dim3_bins5_2026-04-30_22-51-17.npz
rat0307,shuffle_null_mean,-0.04,,143.0,/Users/Hannah/Programming/data_eyeblink/geometry_preservation_outputs/geometry_preservation_rat0307_set0307_dim3_bins5_2026-04-30_22-51-17.npz
rat0307,shuffle_null_mean,-0.06303030303030302,,144.0,/Users/Hannah/Programming/data_eyeblink/geometry_preservation_outputs/geometry_preservation_rat0307_set0307_dim3_bins5_2026-04-30_22-51-17.npz
rat0307,shuffle_null_mean,0.016363636363636358,,145.0,/Users/Hannah/Programming/data_eyeblink/geometry_preservation_outputs/geometry_preservation_rat0307_set0307_dim3_bins5_2026-04-30_22-51-17.npz
rat0307,shuffle_null_mean,-0.06363636363636363,,146.0,/Users/Hannah/Programming/data_eyeblink/geometry_preservation_outputs/geometry_preservation_rat0307_set0307_dim3_bins5_2026-04-30_22-51-17.npz
rat0307,shuffle_null_mean,-0.006060606060606067,,147.0,/Users/Hannah/Programming/data_eyeblink/geometry_preservation_outputs/geometry_preservation_rat0307_set0307_dim3_bins5_2026-04-30_22-51-17.npz
rat0307,shuffle_null_mean,-0.04606060606060606,,148.0,/Users/Hannah/Programming/data_eyeblink/geometry_preservation_outputs/geometry_preservation_rat0307_set0307_dim3_bins5_2026-04-30_22-51-17.npz
rat0307,shuffle_null_mean,0.08242424242424243,,149.0,/Users/Hannah/Programming/data_eyeblink/geometry_preservation_outputs/geometry_preservation_rat0307_set0307_dim3_bins5_2026-04-30_22-51-17.npz
rat0307,shuffle_null_mean,-0.09878787878787876,,150.0,/Users/Hannah/Programming/data_eyeblink/geometry_preservation_outputs/geometry_preservation_rat0307_set0307_dim3_bins5_2026-04-30_22-51-17.npz
rat0307,shuffle_null_mean,-0.07333333333333333,,151.0,/Users/Hannah/Programming/data_eyeblink/geometry_preservation_outputs/geometry_preservation_rat0307_set0307_dim3_bins5_2026-04-30_22-51-17.npz
rat0307,shuffle_null_mean,-0.041212121212121214,,152.0,/Users/Hannah/Programming/data_eyeblink/geometry_preservation_outputs/geometry_preservation_rat0307_set0307_dim3_bins5_2026-04-30_22-51-17.npz
rat0307,shuffle_null_mean,0.039999999999999994,,153.0,/Users/Hannah/Programming/data_eyeblink/geometry_preservation_outputs/geometry_preservation_rat0307_set0307_dim3_bins5_2026-04-30_22-51-17.npz
rat0307,shuffle_null_mean,-0.08303030303030302,,154.0,/Users/Hannah/Programming/data_eyeblink/geometry_preservation_outputs/geometry_preservation_rat0307_set0307_dim3_bins5_2026-04-30_22-51-17.npz
rat0307,shuffle_null_mean,0.01151515151515151,,155.0,/Users/Hannah/Programming/data_eyeblink/geometry_preservation_outputs/geometry_preservation_rat0307_set0307_dim3_bins5_2026-04-30_22-51-17.npz
rat0307,shuffle_null_mean,0.02727272727272727,,156.0,/Users/Hannah/Programming/data_eyeblink/geometry_preservation_outputs/geometry_preservation_rat0307_set0307_dim3_bins5_2026-04-30_22-51-17.npz
rat0307,shuffle_null_mean,0.03454545454545453,,157.0,/Users/Hannah/Programming/data_eyeblink/geometry_preservation_outputs/geometry_preservation_rat0307_set0307_dim3_bins5_2026-04-30_22-51-17.npz
rat0307,shuffle_null_mean,0.0496969696969697,,158.0,/Users/Hannah/Programming/data_eyeblink/geometry_preservation_outputs/geometry_preservation_rat0307_set0307_dim3_bins5_2026-04-30_22-51-17.npz
rat0307,shuffle_null_mean,0.02727272727272726,,159.0,/Users/Hannah/Programming/data_eyeblink/geometry_preservation_outputs/geometry_preservation_rat0307_set0307_dim3_bins5_2026-04-30_22-51-17.npz
rat0307,shuffle_null_mean,0.09939393939393937,,160.0,/Users/Hannah/Programming/data_eyeblink/geometry_preservation_outputs/geometry_preservation_rat0307_set0307_dim3_bins5_2026-04-30_22-51-17.npz
rat0307,shuffle_null_mean,0.0290909090909091,,161.0,/Users/Hannah/Programming/data_eyeblink/geometry_preservation_outputs/geometry_preservation_rat0307_set0307_dim3_bins5_2026-04-30_22-51-17.npz
rat0307,shuffle_null_mean,-0.049090909090909074,,162.0,/Users/Hannah/Programming/data_eyeblink/geometry_preservation_outputs/geometry_preservation_rat0307_set0307_dim3_bins5_2026-04-30_22-51-17.npz
rat0307,shuffle_null_mean,0.051515151515151514,,163.0,/Users/Hannah/Programming/data_eyeblink/geometry_preservation_outputs/geometry_preservation_rat0307_set0307_dim3_bins5_2026-04-30_22-51-17.npz
rat0307,shuffle_null_mean,0.06606060606060607,,164.0,/Users/Hannah/Programming/data_eyeblink/geometry_preservation_outputs/geometry_preservation_rat0307_set0307_dim3_bins5_2026-04-30_22-51-17.npz
rat0307,shuffle_null_mean,-0.04000000000000001,,165.0,/Users/Hannah/Programming/data_eyeblink/geometry_preservation_outputs/geometry_preservation_rat0307_set0307_dim3_bins5_2026-04-30_22-51-17.npz
rat0307,shuffle_null_mean,-0.02424242424242425,,166.0,/Users/Hannah/Programming/data_eyeblink/geometry_preservation_outputs/geometry_preservation_rat0307_set0307_dim3_bins5_2026-04-30_22-51-17.npz
rat0307,shuffle_null_mean,-0.1012121212121212,,167.0,/Users/Hannah/Programming/data_eyeblink/geometry_preservation_outputs/geometry_preservation_rat0307_set0307_dim3_bins5_2026-04-30_22-51-17.npz
rat0307,shuffle_null_mean,-0.011515151515151516,,168.0,/Users/Hannah/Programming/data_eyeblink/geometry_preservation_outputs/geometry_preservation_rat0307_set0307_dim3_bins5_2026-04-30_22-51-17.npz
rat0307,shuffle_null_mean,0.032121212121212106,,169.0,/Users/Hannah/Programming/data_eyeblink/geometry_preservation_outputs/geometry_preservation_rat0307_set0307_dim3_bins5_2026-04-30_22-51-17.npz
rat0307,shuffle_null_mean,-0.013333333333333336,,170.0,/Users/Hannah/Programming/data_eyeblink/geometry_preservation_outputs/geometry_preservation_rat0307_set0307_dim3_bins5_2026-04-30_22-51-17.npz
rat0307,shuffle_null_mean,-0.1496969696969697,,171.0,/Users/Hannah/Programming/data_eyeblink/geometry_preservation_outputs/geometry_preservation_rat0307_set0307_dim3_bins5_2026-04-30_22-51-17.npz
rat0307,shuffle_null_mean,0.0703030303030303,,172.0,/Users/Hannah/Programming/data_eyeblink/geometry_preservation_outputs/geometry_preservation_rat0307_set0307_dim3_bins5_2026-04-30_22-51-17.npz
rat0307,shuffle_null_mean,0.03151515151515151,,173.0,/Users/Hannah/Programming/data_eyeblink/geometry_preservation_outputs/geometry_preservation_rat0307_set0307_dim3_bins5_2026-04-30_22-51-17.npz
rat0307,shuffle_null_mean,-0.15575757575757576,,174.0,/Users/Hannah/Programming/data_eyeblink/geometry_preservation_outputs/geometry_preservation_rat0307_set0307_dim3_bins5_2026-04-30_22-51-17.npz
rat0307,shuffle_null_mean,0.05212121212121211,,175.0,/Users/Hannah/Programming/data_eyeblink/geometry_preservation_outputs/geometry_preservation_rat0307_set0307_dim3_bins5_2026-04-30_22-51-17.npz
rat0307,shuffle_null_mean,0.276969696969697,,176.0,/Users/Hannah/Programming/data_eyeblink/geometry_preservation_outputs/geometry_preservation_rat0307_set0307_dim3_bins5_2026-04-30_22-51-17.npz
rat0307,shuffle_null_mean,0.07454545454545454,,177.0,/Users/Hannah/Programming/data_eyeblink/geometry_preservation_outputs/geometry_preservation_rat0307_set0307_dim3_bins5_2026-04-30_22-51-17.npz
rat0307,shuffle_null_mean,-0.05696969696969696,,178.0,/Users/Hannah/Programming/data_eyeblink/geometry_preservation_outputs/geometry_preservation_rat0307_set0307_dim3_bins5_2026-04-30_22-51-17.npz
rat0307,shuffle_null_mean,-0.030909090909090907,,179.0,/Users/Hannah/Programming/data_eyeblink/geometry_preservation_outputs/geometry_preservation_rat0307_set0307_dim3_bins5_2026-04-30_22-51-17.npz
rat0307,shuffle_null_mean,-0.04181818181818182,,180.0,/Users/Hannah/Programming/data_eyeblink/geometry_preservation_outputs/geometry_preservation_rat0307_set0307_dim3_bins5_2026-04-30_22-51-17.npz
rat0307,shuffle_null_mean,0.15454545454545449,,181.0,/Users/Hannah/Programming/data_eyeblink/geometry_preservation_outputs/geometry_preservation_rat0307_set0307_dim3_bins5_2026-04-30_22-51-17.npz
rat0307,shuffle_null_mean,-0.1618181818181818,,182.0,/Users/Hannah/Programming/data_eyeblink/geometry_preservation_outputs/geometry_preservation_rat0307_set0307_dim3_bins5_2026-04-30_22-51-17.npz
rat0307,shuffle_null_mean,0.05636363636363636,,183.0,/Users/Hannah/Programming/data_eyeblink/geometry_preservation_outputs/geometry_preservation_rat0307_set0307_dim3_bins5_2026-04-30_22-51-17.npz
rat0307,shuffle_null_mean,-0.018787878787878787,,184.0,/Users/Hannah/Programming/data_eyeblink/geometry_preservation_outputs/geometry_preservation_rat0307_set0307_dim3_bins5_2026-04-30_22-51-17.npz
rat0307,shuffle_null_mean,0.052727272727272734,,185.0,/Users/Hannah/Programming/data_eyeblink/geometry_preservation_outputs/geometry_preservation_rat0307_set0307_dim3_bins5_2026-04-30_22-51-17.npz
rat0307,shuffle_null_mean,-0.02848484848484848,,186.0,/Users/Hannah/Programming/data_eyeblink/geometry_preservation_outputs/geometry_preservation_rat0307_set0307_dim3_bins5_2026-04-30_22-51-17.npz
rat0307,shuffle_null_mean,0.01575757575757576,,187.0,/Users/Hannah/Programming/data_eyeblink/geometry_preservation_outputs/geometry_preservation_rat0307_set0307_dim3_bins5_2026-04-30_22-51-17.npz
rat0307,shuffle_null_mean,-0.13151515151515153,,188.0,/Users/Hannah/Programming/data_eyeblink/geometry_preservation_outputs/geometry_preservation_rat0307_set0307_dim3_bins5_2026-04-30_22-51-17.npz
rat0307,shuffle_null_mean,-0.0036363636363636446,,189.0,/Users/Hannah/Programming/data_eyeblink/geometry_preservation_outputs/geometry_preservation_rat0307_set0307_dim3_bins5_2026-04-30_22-51-17.npz
rat0307,shuffle_null_mean,0.0709090909090909,,190.0,/Users/Hannah/Programming/data_eyeblink/geometry_preservation_outputs/geometry_preservation_rat0307_set0307_dim3_bins5_2026-04-30_22-51-17.npz
rat0307,shuffle_null_mean,-0.04848484848484851,,191.0,/Users/Hannah/Programming/data_eyeblink/geometry_preservation_outputs/geometry_preservation_rat0307_set0307_dim3_bins5_2026-04-30_22-51-17.npz
rat0307,shuffle_null_mean,0.06909090909090908,,192.0,/Users/Hannah/Programming/data_eyeblink/geometry_preservation_outputs/geometry_preservation_rat0307_set0307_dim3_bins5_2026-04-30_22-51-17.npz
rat0307,shuffle_null_mean,-0.06727272727272726,,193.0,/Users/Hannah/Programming/data_eyeblink/geometry_preservation_outputs/geometry_preservation_rat0307_set0307_dim3_bins5_2026-04-30_22-51-17.npz
rat0307,shuffle_null_mean,-0.05878787878787879,,194.0,/Users/Hannah/Programming/data_eyeblink/geometry_preservation_outputs/geometry_preservation_rat0307_set0307_dim3_bins5_2026-04-30_22-51-17.npz
rat0307,shuffle_null_mean,-0.02181818181818181,,195.0,/Users/Hannah/Programming/data_eyeblink/geometry_preservation_outputs/geometry_preservation_rat0307_set0307_dim3_bins5_2026-04-30_22-51-17.npz
rat0307,shuffle_null_mean,0.08909090909090908,,196.0,/Users/Hannah/Programming/data_eyeblink/geometry_preservation_outputs/geometry_preservation_rat0307_set0307_dim3_bins5_2026-04-30_22-51-17.npz
rat0307,shuffle_null_mean,0.015151515151515155,,197.0,/Users/Hannah/Programming/data_eyeblink/geometry_preservation_outputs/geometry_preservation_rat0307_set0307_dim3_bins5_2026-04-30_22-51-17.npz
rat0307,shuffle_null_mean,-0.0024242424242424147,,198.0,/Users/Hannah/Programming/data_eyeblink/geometry_preservation_outputs/geometry_preservation_rat0307_set0307_dim3_bins5_2026-04-30_22-51-17.npz
rat0307,shuffle_null_mean,0.02303030303030303,,199.0,/Users/Hannah/Programming/data_eyeblink/geometry_preservation_outputs/geometry_preservation_rat0307_set0307_dim3_bins5_2026-04-30_22-51-17.npz
rat0307,shuffle_null_mean,0.02303030303030304,,200.0,/Users/Hannah/Programming/data_eyeblink/geometry_preservation_outputs/geometry_preservation_rat0307_set0307_dim3_bins5_2026-04-30_22-51-17.npz
rat0307,shuffle_null_mean,0.05636363636363637,,201.0,/Users/Hannah/Programming/data_eyeblink/geometry_preservation_outputs/geometry_preservation_rat0307_set0307_dim3_bins5_2026-04-30_22-51-17.npz
rat0307,shuffle_null_mean,-0.07515151515151515,,202.0,/Users/Hannah/Programming/data_eyeblink/geometry_preservation_outputs/geometry_preservation_rat0307_set0307_dim3_bins5_2026-04-30_22-51-17.npz
rat0307,shuffle_null_mean,-0.005454545454545459,,203.0,/Users/Hannah/Programming/data_eyeblink/geometry_preservation_outputs/geometry_preservation_rat0307_set0307_dim3_bins5_2026-04-30_22-51-17.npz
rat0307,shuffle_null_mean,-0.026666666666666665,,204.0,/Users/Hannah/Programming/data_eyeblink/geometry_preservation_outputs/geometry_preservation_rat0307_set0307_dim3_bins5_2026-04-30_22-51-17.npz
rat0307,shuffle_null_mean,-0.07757575757575756,,205.0,/Users/Hannah/Programming/data_eyeblink/geometry_preservation_outputs/geometry_preservation_rat0307_set0307_dim3_bins5_2026-04-30_22-51-17.npz
rat0307,shuffle_null_mean,-0.00969696969696969,,206.0,/Users/Hannah/Programming/data_eyeblink/geometry_preservation_outputs/geometry_preservation_rat0307_set0307_dim3_bins5_2026-04-30_22-51-17.npz
rat0307,shuffle_null_mean,0.038787878787878795,,207.0,/Users/Hannah/Programming/data_eyeblink/geometry_preservation_outputs/geometry_preservation_rat0307_set0307_dim3_bins5_2026-04-30_22-51-17.npz
rat0307,shuffle_null_mean,-0.16545454545454544,,208.0,/Users/Hannah/Programming/data_eyeblink/geometry_preservation_outputs/geometry_preservation_rat0307_set0307_dim3_bins5_2026-04-30_22-51-17.npz
rat0307,shuffle_null_mean,0.11636363636363636,,209.0,/Users/Hannah/Programming/data_eyeblink/geometry_preservation_outputs/geometry_preservation_rat0307_set0307_dim3_bins5_2026-04-30_22-51-17.npz
rat0307,shuffle_null_mean,-0.02848484848484849,,210.0,/Users/Hannah/Programming/data_eyeblink/geometry_preservation_outputs/geometry_preservation_rat0307_set0307_dim3_bins5_2026-04-30_22-51-17.npz
rat0307,shuffle_null_mean,0.023030303030303005,,211.0,/Users/Hannah/Programming/data_eyeblink/geometry_preservation_outputs/geometry_preservation_rat0307_set0307_dim3_bins5_2026-04-30_22-51-17.npz
rat0307,shuffle_null_mean,-0.00787878787878788,,212.0,/Users/Hannah/Programming/data_eyeblink/geometry_preservation_outputs/geometry_preservation_rat0307_set0307_dim3_bins5_2026-04-30_22-51-17.npz
rat0307,shuffle_null_mean,-0.11030303030303028,,213.0,/Users/Hannah/Programming/data_eyeblink/geometry_preservation_outputs/geometry_preservation_rat0307_set0307_dim3_bins5_2026-04-30_22-51-17.npz
rat0307,shuffle_null_mean,-0.026060606060606055,,214.0,/Users/Hannah/Programming/data_eyeblink/geometry_preservation_outputs/geometry_preservation_rat0307_set0307_dim3_bins5_2026-04-30_22-51-17.npz
rat0307,shuffle_null_mean,-0.033333333333333326,,215.0,/Users/Hannah/Programming/data_eyeblink/geometry_preservation_outputs/geometry_preservation_rat0307_set0307_dim3_bins5_2026-04-30_22-51-17.npz
rat0307,shuffle_null_mean,-0.038787878787878774,,216.0,/Users/Hannah/Programming/data_eyeblink/geometry_preservation_outputs/geometry_preservation_rat0307_set0307_dim3_bins5_2026-04-30_22-51-17.npz
rat0307,shuffle_null_mean,-0.11393939393939392,,217.0,/Users/Hannah/Programming/data_eyeblink/geometry_preservation_outputs/geometry_preservation_rat0307_set0307_dim3_bins5_2026-04-30_22-51-17.npz
rat0307,shuffle_null_mean,0.020606060606060607,,218.0,/Users/Hannah/Programming/data_eyeblink/geometry_preservation_outputs/geometry_preservation_rat0307_set0307_dim3_bins5_2026-04-30_22-51-17.npz
rat0307,shuffle_null_mean,-0.06666666666666665,,219.0,/Users/Hannah/Programming/data_eyeblink/geometry_preservation_outputs/geometry_preservation_rat0307_set0307_dim3_bins5_2026-04-30_22-51-17.npz
rat0307,shuffle_null_mean,0.05575757575757573,,220.0,/Users/Hannah/Programming/data_eyeblink/geometry_preservation_outputs/geometry_preservation_rat0307_set0307_dim3_bins5_2026-04-30_22-51-17.npz
rat0307,shuffle_null_mean,-0.042424242424242406,,221.0,/Users/Hannah/Programming/data_eyeblink/geometry_preservation_outputs/geometry_preservation_rat0307_set0307_dim3_bins5_2026-04-30_22-51-17.npz
rat0307,shuffle_null_mean,-0.03393939393939393,,222.0,/Users/Hannah/Programming/data_eyeblink/geometry_preservation_outputs/geometry_preservation_rat0307_set0307_dim3_bins5_2026-04-30_22-51-17.npz
rat0307,shuffle_null_mean,-0.06363636363636363,,223.0,/Users/Hannah/Programming/data_eyeblink/geometry_preservation_outputs/geometry_preservation_rat0307_set0307_dim3_bins5_2026-04-30_22-51-17.npz
rat0307,shuffle_null_mean,0.04181818181818181,,224.0,/Users/Hannah/Programming/data_eyeblink/geometry_preservation_outputs/geometry_preservation_rat0307_set0307_dim3_bins5_2026-04-30_22-51-17.npz
rat0307,shuffle_null_mean,-0.05878787878787879,,225.0,/Users/Hannah/Programming/data_eyeblink/geometry_preservation_outputs/geometry_preservation_rat0307_set0307_dim3_bins5_2026-04-30_22-51-17.npz
rat0307,shuffle_null_mean,-0.013333333333333332,,226.0,/Users/Hannah/Programming/data_eyeblink/geometry_preservation_outputs/geometry_preservation_rat0307_set0307_dim3_bins5_2026-04-30_22-51-17.npz
rat0307,shuffle_null_mean,-0.01757575757575757,,227.0,/Users/Hannah/Programming/data_eyeblink/geometry_preservation_outputs/geometry_preservation_rat0307_set0307_dim3_bins5_2026-04-30_22-51-17.npz
rat0307,shuffle_null_mean,-0.05090909090909092,,228.0,/Users/Hannah/Programming/data_eyeblink/geometry_preservation_outputs/geometry_preservation_rat0307_set0307_dim3_bins5_2026-04-30_22-51-17.npz
rat0307,shuffle_null_mean,-0.018181818181818177,,229.0,/Users/Hannah/Programming/data_eyeblink/geometry_preservation_outputs/geometry_preservation_rat0307_set0307_dim3_bins5_2026-04-30_22-51-17.npz
rat0307,shuffle_null_mean,-0.0012121212121212143,,230.0,/Users/Hannah/Programming/data_eyeblink/geometry_preservation_outputs/geometry_preservation_rat0307_set0307_dim3_bins5_2026-04-30_22-51-17.npz
rat0307,shuffle_null_mean,-0.1933333333333333,,231.0,/Users/Hannah/Programming/data_eyeblink/geometry_preservation_outputs/geometry_preservation_rat0307_set0307_dim3_bins5_2026-04-30_22-51-17.npz
rat0307,shuffle_null_mean,-0.04848484848484847,,232.0,/Users/Hannah/Programming/data_eyeblink/geometry_preservation_outputs/geometry_preservation_rat0307_set0307_dim3_bins5_2026-04-30_22-51-17.npz
rat0307,shuffle_null_mean,-0.009696969696969699,,233.0,/Users/Hannah/Programming/data_eyeblink/geometry_preservation_outputs/geometry_preservation_rat0307_set0307_dim3_bins5_2026-04-30_22-51-17.npz
rat0307,shuffle_null_mean,0.01757575757575756,,234.0,/Users/Hannah/Programming/data_eyeblink/geometry_preservation_outputs/geometry_preservation_rat0307_set0307_dim3_bins5_2026-04-30_22-51-17.npz
rat0307,shuffle_null_mean,-0.009090909090909077,,235.0,/Users/Hannah/Programming/data_eyeblink/geometry_preservation_outputs/geometry_preservation_rat0307_set0307_dim3_bins5_2026-04-30_22-51-17.npz
rat0307,shuffle_null_mean,0.11212121212121211,,236.0,/Users/Hannah/Programming/data_eyeblink/geometry_preservation_outputs/geometry_preservation_rat0307_set0307_dim3_bins5_2026-04-30_22-51-17.npz
rat0307,shuffle_null_mean,-0.03151515151515151,,237.0,/Users/Hannah/Programming/data_eyeblink/geometry_preservation_outputs/geometry_preservation_rat0307_set0307_dim3_bins5_2026-04-30_22-51-17.npz
rat0307,shuffle_null_mean,0.007272727272727274,,238.0,/Users/Hannah/Programming/data_eyeblink/geometry_preservation_outputs/geometry_preservation_rat0307_set0307_dim3_bins5_2026-04-30_22-51-17.npz
rat0307,shuffle_null_mean,-0.0006060606060605989,,239.0,/Users/Hannah/Programming/data_eyeblink/geometry_preservation_outputs/geometry_preservation_rat0307_set0307_dim3_bins5_2026-04-30_22-51-17.npz
rat0307,shuffle_null_mean,0.047878787878787875,,240.0,/Users/Hannah/Programming/data_eyeblink/geometry_preservation_outputs/geometry_preservation_rat0307_set0307_dim3_bins5_2026-04-30_22-51-17.npz
rat0307,shuffle_null_mean,0.007878787878787883,,241.0,/Users/Hannah/Programming/data_eyeblink/geometry_preservation_outputs/geometry_preservation_rat0307_set0307_dim3_bins5_2026-04-30_22-51-17.npz
rat0307,shuffle_null_mean,-0.0024242424242424225,,242.0,/Users/Hannah/Programming/data_eyeblink/geometry_preservation_outputs/geometry_preservation_rat0307_set0307_dim3_bins5_2026-04-30_22-51-17.npz
rat0307,shuffle_null_mean,-0.12787878787878787,,243.0,/Users/Hannah/Programming/data_eyeblink/geometry_preservation_outputs/geometry_preservation_rat0307_set0307_dim3_bins5_2026-04-30_22-51-17.npz
rat0307,shuffle_null_mean,-0.07515151515151515,,244.0,/Users/Hannah/Programming/data_eyeblink/geometry_preservation_outputs/geometry_preservation_rat0307_set0307_dim3_bins5_2026-04-30_22-51-17.npz
rat0307,shuffle_null_mean,-0.25090909090909086,,245.0,/Users/Hannah/Programming/data_eyeblink/geometry_preservation_outputs/geometry_preservation_rat0307_set0307_dim3_bins5_2026-04-30_22-51-17.npz
rat0307,shuffle_null_mean,0.05272727272727271,,246.0,/Users/Hannah/Programming/data_eyeblink/geometry_preservation_outputs/geometry_preservation_rat0307_set0307_dim3_bins5_2026-04-30_22-51-17.npz
rat0307,shuffle_null_mean,-0.09272727272727271,,247.0,/Users/Hannah/Programming/data_eyeblink/geometry_preservation_outputs/geometry_preservation_rat0307_set0307_dim3_bins5_2026-04-30_22-51-17.npz
rat0307,shuffle_null_mean,-0.16969696969696965,,248.0,/Users/Hannah/Programming/data_eyeblink/geometry_preservation_outputs/geometry_preservation_rat0307_set0307_dim3_bins5_2026-04-30_22-51-17.npz
rat0307,shuffle_null_mean,-0.05575757575757575,,249.0,/Users/Hannah/Programming/data_eyeblink/geometry_preservation_outputs/geometry_preservation_rat0307_set0307_dim3_bins5_2026-04-30_22-51-17.npz
rat0307,shuffle_null_mean,0.010303030303030302,,250.0,/Users/Hannah/Programming/data_eyeblink/geometry_preservation_outputs/geometry_preservation_rat0307_set0307_dim3_bins5_2026-04-30_22-51-17.npz
rat0307,shuffle_null_mean,0.02787878787878787,,251.0,/Users/Hannah/Programming/data_eyeblink/geometry_preservation_outputs/geometry_preservation_rat0307_set0307_dim3_bins5_2026-04-30_22-51-17.npz
rat0307,shuffle_null_mean,0.039999999999999994,,252.0,/Users/Hannah/Programming/data_eyeblink/geometry_preservation_outputs/geometry_preservation_rat0307_set0307_dim3_bins5_2026-04-30_22-51-17.npz
rat0307,shuffle_null_mean,-0.1321212121212121,,253.0,/Users/Hannah/Programming/data_eyeblink/geometry_preservation_outputs/geometry_preservation_rat0307_set0307_dim3_bins5_2026-04-30_22-51-17.npz
rat0307,shuffle_null_mean,-0.06909090909090906,,254.0,/Users/Hannah/Programming/data_eyeblink/geometry_preservation_outputs/geometry_preservation_rat0307_set0307_dim3_bins5_2026-04-30_22-51-17.npz
rat0307,shuffle_null_mean,-0.07515151515151515,,255.0,/Users/Hannah/Programming/data_eyeblink/geometry_preservation_outputs/geometry_preservation_rat0307_set0307_dim3_bins5_2026-04-30_22-51-17.npz
rat0307,shuffle_null_mean,0.17333333333333334,,256.0,/Users/Hannah/Programming/data_eyeblink/geometry_preservation_outputs/geometry_preservation_rat0307_set0307_dim3_bins5_2026-04-30_22-51-17.npz
rat0307,shuffle_null_mean,0.009090909090909092,,257.0,/Users/Hannah/Programming/data_eyeblink/geometry_preservation_outputs/geometry_preservation_rat0307_set0307_dim3_bins5_2026-04-30_22-51-17.npz
rat0307,shuffle_null_mean,0.06666666666666668,,258.0,/Users/Hannah/Programming/data_eyeblink/geometry_preservation_outputs/geometry_preservation_rat0307_set0307_dim3_bins5_2026-04-30_22-51-17.npz
rat0307,shuffle_null_mean,-0.014545454545454556,,259.0,/Users/Hannah/Programming/data_eyeblink/geometry_preservation_outputs/geometry_preservation_rat0307_set0307_dim3_bins5_2026-04-30_22-51-17.npz
rat0307,shuffle_null_mean,0.052727272727272734,,260.0,/Users/Hannah/Programming/data_eyeblink/geometry_preservation_outputs/geometry_preservation_rat0307_set0307_dim3_bins5_2026-04-30_22-51-17.npz
rat0307,shuffle_null_mean,0.04181818181818182,,261.0,/Users/Hannah/Programming/data_eyeblink/geometry_preservation_outputs/geometry_preservation_rat0307_set0307_dim3_bins5_2026-04-30_22-51-17.npz
rat0307,shuffle_null_mean,0.11999999999999997,,262.0,/Users/Hannah/Programming/data_eyeblink/geometry_preservation_outputs/geometry_preservation_rat0307_set0307_dim3_bins5_2026-04-30_22-51-17.npz
rat0307,shuffle_null_mean,-0.011515151515151518,,263.0,/Users/Hannah/Programming/data_eyeblink/geometry_preservation_outputs/geometry_preservation_rat0307_set0307_dim3_bins5_2026-04-30_22-51-17.npz
rat0307,shuffle_null_mean,-0.01757575757575757,,264.0,/Users/Hannah/Programming/data_eyeblink/geometry_preservation_outputs/geometry_preservation_rat0307_set0307_dim3_bins5_2026-04-30_22-51-17.npz
rat0307,shuffle_null_mean,0.010909090909090913,,265.0,/Users/Hannah/Programming/data_eyeblink/geometry_preservation_outputs/geometry_preservation_rat0307_set0307_dim3_bins5_2026-04-30_22-51-17.npz
rat0307,shuffle_null_mean,0.040606060606060604,,266.0,/Users/Hannah/Programming/data_eyeblink/geometry_preservation_outputs/geometry_preservation_rat0307_set0307_dim3_bins5_2026-04-30_22-51-17.npz
rat0307,shuffle_null_mean,0.030303030303030297,,267.0,/Users/Hannah/Programming/data_eyeblink/geometry_preservation_outputs/geometry_preservation_rat0307_set0307_dim3_bins5_2026-04-30_22-51-17.npz
rat0307,shuffle_null_mean,-0.15636363636363634,,268.0,/Users/Hannah/Programming/data_eyeblink/geometry_preservation_outputs/geometry_preservation_rat0307_set0307_dim3_bins5_2026-04-30_22-51-17.npz
rat0307,shuffle_null_mean,0.19818181818181815,,269.0,/Users/Hannah/Programming/data_eyeblink/geometry_preservation_outputs/geometry_preservation_rat0307_set0307_dim3_bins5_2026-04-30_22-51-17.npz
rat0307,shuffle_null_mean,-0.04363636363636364,,270.0,/Users/Hannah/Programming/data_eyeblink/geometry_preservation_outputs/geometry_preservation_rat0307_set0307_dim3_bins5_2026-04-30_22-51-17.npz
rat0307,shuffle_null_mean,-0.11333333333333331,,271.0,/Users/Hannah/Programming/data_eyeblink/geometry_preservation_outputs/geometry_preservation_rat0307_set0307_dim3_bins5_2026-04-30_22-51-17.npz
rat0307,shuffle_null_mean,-0.07090909090909091,,272.0,/Users/Hannah/Programming/data_eyeblink/geometry_preservation_outputs/geometry_preservation_rat0307_set0307_dim3_bins5_2026-04-30_22-51-17.npz
rat0307,shuffle_null_mean,0.06363636363636364,,273.0,/Users/Hannah/Programming/data_eyeblink/geometry_preservation_outputs/geometry_preservation_rat0307_set0307_dim3_bins5_2026-04-30_22-51-17.npz
rat0307,shuffle_null_mean,-0.05454545454545453,,274.0,/Users/Hannah/Programming/data_eyeblink/geometry_preservation_outputs/geometry_preservation_rat0307_set0307_dim3_bins5_2026-04-30_22-51-17.npz
rat0307,shuffle_null_mean,-0.005454545454545445,,275.0,/Users/Hannah/Programming/data_eyeblink/geometry_preservation_outputs/geometry_preservation_rat0307_set0307_dim3_bins5_2026-04-30_22-51-17.npz
rat0307,shuffle_null_mean,0.1327272727272727,,276.0,/Users/Hannah/Programming/data_eyeblink/geometry_preservation_outputs/geometry_preservation_rat0307_set0307_dim3_bins5_2026-04-30_22-51-17.npz
rat0307,shuffle_null_mean,-0.023636363636363632,,277.0,/Users/Hannah/Programming/data_eyeblink/geometry_preservation_outputs/geometry_preservation_rat0307_set0307_dim3_bins5_2026-04-30_22-51-17.npz
rat0307,shuffle_null_mean,-0.07939393939393938,,278.0,/Users/Hannah/Programming/data_eyeblink/geometry_preservation_outputs/geometry_preservation_rat0307_set0307_dim3_bins5_2026-04-30_22-51-17.npz
rat0307,shuffle_null_mean,-0.0806060606060606,,279.0,/Users/Hannah/Programming/data_eyeblink/geometry_preservation_outputs/geometry_preservation_rat0307_set0307_dim3_bins5_2026-04-30_22-51-17.npz
rat0307,shuffle_null_mean,-0.0006060606060606044,,280.0,/Users/Hannah/Programming/data_eyeblink/geometry_preservation_outputs/geometry_preservation_rat0307_set0307_dim3_bins5_2026-04-30_22-51-17.npz
rat0307,shuffle_null_mean,-0.006060606060606062,,281.0,/Users/Hannah/Programming/data_eyeblink/geometry_preservation_outputs/geometry_preservation_rat0307_set0307_dim3_bins5_2026-04-30_22-51-17.npz
rat0307,shuffle_null_mean,-0.015757575757575755,,282.0,/Users/Hannah/Programming/data_eyeblink/geometry_preservation_outputs/geometry_preservation_rat0307_set0307_dim3_bins5_2026-04-30_22-51-17.npz
rat0307,shuffle_null_mean,-0.07757575757575756,,283.0,/Users/Hannah/Programming/data_eyeblink/geometry_preservation_outputs/geometry_preservation_rat0307_set0307_dim3_bins5_2026-04-30_22-51-17.npz
rat0307,shuffle_null_mean,-0.029090909090909094,,284.0,/Users/Hannah/Programming/data_eyeblink/geometry_preservation_outputs/geometry_preservation_rat0307_set0307_dim3_bins5_2026-04-30_22-51-17.npz
rat0307,shuffle_null_mean,-0.08,,285.0,/Users/Hannah/Programming/data_eyeblink/geometry_preservation_outputs/geometry_preservation_rat0307_set0307_dim3_bins5_2026-04-30_22-51-17.npz
rat0307,shuffle_null_mean,0.00606060606060607,,286.0,/Users/Hannah/Programming/data_eyeblink/geometry_preservation_outputs/geometry_preservation_rat0307_set0307_dim3_bins5_2026-04-30_22-51-17.npz
rat0307,shuffle_null_mean,-0.010909090909090906,,287.0,/Users/Hannah/Programming/data_eyeblink/geometry_preservation_outputs/geometry_preservation_rat0307_set0307_dim3_bins5_2026-04-30_22-51-17.npz
rat0307,shuffle_null_mean,-0.030303030303030304,,288.0,/Users/Hannah/Programming/data_eyeblink/geometry_preservation_outputs/geometry_preservation_rat0307_set0307_dim3_bins5_2026-04-30_22-51-17.npz
rat0307,shuffle_null_mean,-0.034545454545454546,,289.0,/Users/Hannah/Programming/data_eyeblink/geometry_preservation_outputs/geometry_preservation_rat0307_set0307_dim3_bins5_2026-04-30_22-51-17.npz
rat0307,shuffle_null_mean,-0.12121212121212119,,290.0,/Users/Hannah/Programming/data_eyeblink/geometry_preservation_outputs/geometry_preservation_rat0307_set0307_dim3_bins5_2026-04-30_22-51-17.npz
rat0307,shuffle_null_mean,-0.07999999999999999,,291.0,/Users/Hannah/Programming/data_eyeblink/geometry_preservation_outputs/geometry_preservation_rat0307_set0307_dim3_bins5_2026-04-30_22-51-17.npz
rat0307,shuffle_null_mean,-0.1387878787878788,,292.0,/Users/Hannah/Programming/data_eyeblink/geometry_preservation_outputs/geometry_preservation_rat0307_set0307_dim3_bins5_2026-04-30_22-51-17.npz
rat0307,shuffle_null_mean,-0.14424242424242423,,293.0,/Users/Hannah/Programming/data_eyeblink/geometry_preservation_outputs/geometry_preservation_rat0307_set0307_dim3_bins5_2026-04-30_22-51-17.npz
rat0307,shuffle_null_mean,-0.041212121212121214,,294.0,/Users/Hannah/Programming/data_eyeblink/geometry_preservation_outputs/geometry_preservation_rat0307_set0307_dim3_bins5_2026-04-30_22-51-17.npz
rat0307,shuffle_null_mean,-0.04545454545454546,,295.0,/Users/Hannah/Programming/data_eyeblink/geometry_preservation_outputs/geometry_preservation_rat0307_set0307_dim3_bins5_2026-04-30_22-51-17.npz
rat0307,shuffle_null_mean,0.08727272727272727,,296.0,/Users/Hannah/Programming/data_eyeblink/geometry_preservation_outputs/geometry_preservation_rat0307_set0307_dim3_bins5_2026-04-30_22-51-17.npz
rat0307,shuffle_null_mean,-0.04363636363636364,,297.0,/Users/Hannah/Programming/data_eyeblink/geometry_preservation_outputs/geometry_preservation_rat0307_set0307_dim3_bins5_2026-04-30_22-51-17.npz
rat0307,shuffle_null_mean,-0.05818181818181818,,298.0,/Users/Hannah/Programming/data_eyeblink/geometry_preservation_outputs/geometry_preservation_rat0307_set0307_dim3_bins5_2026-04-30_22-51-17.npz
rat0307,shuffle_null_mean,0.04969696969696969,,299.0,/Users/Hannah/Programming/data_eyeblink/geometry_preservation_outputs/geometry_preservation_rat0307_set0307_dim3_bins5_2026-04-30_22-51-17.npz
rat0307,shuffle_null_mean,0.10181818181818181,,300.0,/Users/Hannah/Programming/data_eyeblink/geometry_preservation_outputs/geometry_preservation_rat0307_set0307_dim3_bins5_2026-04-30_22-51-17.npz
rat0307,shuffle_null_mean,0.019999999999999997,,301.0,/Users/Hannah/Programming/data_eyeblink/geometry_preservation_outputs/geometry_preservation_rat0307_set0307_dim3_bins5_2026-04-30_22-51-17.npz
rat0307,shuffle_null_mean,0.14545454545454545,,302.0,/Users/Hannah/Programming/data_eyeblink/geometry_preservation_outputs/geometry_preservation_rat0307_set0307_dim3_bins5_2026-04-30_22-51-17.npz
rat0307,shuffle_null_mean,-0.02666666666666666,,303.0,/Users/Hannah/Programming/data_eyeblink/geometry_preservation_outputs/geometry_preservation_rat0307_set0307_dim3_bins5_2026-04-30_22-51-17.npz
rat0307,shuffle_null_mean,-0.009090909090909097,,304.0,/Users/Hannah/Programming/data_eyeblink/geometry_preservation_outputs/geometry_preservation_rat0307_set0307_dim3_bins5_2026-04-30_22-51-17.npz
rat0307,shuffle_null_mean,-0.0036363636363636307,,305.0,/Users/Hannah/Programming/data_eyeblink/geometry_preservation_outputs/geometry_preservation_rat0307_set0307_dim3_bins5_2026-04-30_22-51-17.npz
rat0307,shuffle_null_mean,-0.030909090909090903,,306.0,/Users/Hannah/Programming/data_eyeblink/geometry_preservation_outputs/geometry_preservation_rat0307_set0307_dim3_bins5_2026-04-30_22-51-17.npz
rat0307,shuffle_null_mean,-0.05878787878787881,,307.0,/Users/Hannah/Programming/data_eyeblink/geometry_preservation_outputs/geometry_preservation_rat0307_set0307_dim3_bins5_2026-04-30_22-51-17.npz
rat0307,shuffle_null_mean,0.0212121212121212,,308.0,/Users/Hannah/Programming/data_eyeblink/geometry_preservation_outputs/geometry_preservation_rat0307_set0307_dim3_bins5_2026-04-30_22-51-17.npz
rat0307,shuffle_null_mean,0.02424242424242424,,309.0,/Users/Hannah/Programming/data_eyeblink/geometry_preservation_outputs/geometry_preservation_rat0307_set0307_dim3_bins5_2026-04-30_22-51-17.npz
rat0307,shuffle_null_mean,0.06909090909090908,,310.0,/Users/Hannah/Programming/data_eyeblink/geometry_preservation_outputs/geometry_preservation_rat0307_set0307_dim3_bins5_2026-04-30_22-51-17.npz
rat0307,shuffle_null_mean,-0.06848484848484847,,311.0,/Users/Hannah/Programming/data_eyeblink/geometry_preservation_outputs/geometry_preservation_rat0307_set0307_dim3_bins5_2026-04-30_22-51-17.npz
rat0307,shuffle_null_mean,0.020606060606060593,,312.0,/Users/Hannah/Programming/data_eyeblink/geometry_preservation_outputs/geometry_preservation_rat0307_set0307_dim3_bins5_2026-04-30_22-51-17.npz
rat0307,shuffle_null_mean,-0.13636363636363633,,313.0,/Users/Hannah/Programming/data_eyeblink/geometry_preservation_outputs/geometry_preservation_rat0307_set0307_dim3_bins5_2026-04-30_22-51-17.npz
rat0307,shuffle_null_mean,-0.13030303030303028,,314.0,/Users/Hannah/Programming/data_eyeblink/geometry_preservation_outputs/geometry_preservation_rat0307_set0307_dim3_bins5_2026-04-30_22-51-17.npz
rat0307,shuffle_null_mean,0.024848484848484852,,315.0,/Users/Hannah/Programming/data_eyeblink/geometry_preservation_outputs/geometry_preservation_rat0307_set0307_dim3_bins5_2026-04-30_22-51-17.npz
rat0307,shuffle_null_mean,-0.0327272727272727,,316.0,/Users/Hannah/Programming/data_eyeblink/geometry_preservation_outputs/geometry_preservation_rat0307_set0307_dim3_bins5_2026-04-30_22-51-17.npz
rat0307,shuffle_null_mean,0.015757575757575755,,317.0,/Users/Hannah/Programming/data_eyeblink/geometry_preservation_outputs/geometry_preservation_rat0307_set0307_dim3_bins5_2026-04-30_22-51-17.npz
rat0307,shuffle_null_mean,-0.006060606060606061,,318.0,/Users/Hannah/Programming/data_eyeblink/geometry_preservation_outputs/geometry_preservation_rat0307_set0307_dim3_bins5_2026-04-30_22-51-17.npz
rat0307,shuffle_null_mean,-0.14969696969696972,,319.0,/Users/Hannah/Programming/data_eyeblink/geometry_preservation_outputs/geometry_preservation_rat0307_set0307_dim3_bins5_2026-04-30_22-51-17.npz
rat0307,shuffle_null_mean,0.010303030303030297,,320.0,/Users/Hannah/Programming/data_eyeblink/geometry_preservation_outputs/geometry_preservation_rat0307_set0307_dim3_bins5_2026-04-30_22-51-17.npz
rat0307,shuffle_null_mean,-0.1,,321.0,/Users/Hannah/Programming/data_eyeblink/geometry_preservation_outputs/geometry_preservation_rat0307_set0307_dim3_bins5_2026-04-30_22-51-17.npz
rat0307,shuffle_null_mean,0.06424242424242424,,322.0,/Users/Hannah/Programming/data_eyeblink/geometry_preservation_outputs/geometry_preservation_rat0307_set0307_dim3_bins5_2026-04-30_22-51-17.npz
rat0307,shuffle_null_mean,-0.023030303030303033,,323.0,/Users/Hannah/Programming/data_eyeblink/geometry_preservation_outputs/geometry_preservation_rat0307_set0307_dim3_bins5_2026-04-30_22-51-17.npz
rat0307,shuffle_null_mean,-0.05454545454545454,,324.0,/Users/Hannah/Programming/data_eyeblink/geometry_preservation_outputs/geometry_preservation_rat0307_set0307_dim3_bins5_2026-04-30_22-51-17.npz
rat0307,shuffle_null_mean,0.09272727272727271,,325.0,/Users/Hannah/Programming/data_eyeblink/geometry_preservation_outputs/geometry_preservation_rat0307_set0307_dim3_bins5_2026-04-30_22-51-17.npz
rat0307,shuffle_null_mean,-0.025454545454545452,,326.0,/Users/Hannah/Programming/data_eyeblink/geometry_preservation_outputs/geometry_preservation_rat0307_set0307_dim3_bins5_2026-04-30_22-51-17.npz
rat0307,shuffle_null_mean,0.04484848484848484,,327.0,/Users/Hannah/Programming/data_eyeblink/geometry_preservation_outputs/geometry_preservation_rat0307_set0307_dim3_bins5_2026-04-30_22-51-17.npz
rat0307,shuffle_null_mean,-0.057575757575757544,,328.0,/Users/Hannah/Programming/data_eyeblink/geometry_preservation_outputs/geometry_preservation_rat0307_set0307_dim3_bins5_2026-04-30_22-51-17.npz
rat0307,shuffle_null_mean,0.1145454545454545,,329.0,/Users/Hannah/Programming/data_eyeblink/geometry_preservation_outputs/geometry_preservation_rat0307_set0307_dim3_bins5_2026-04-30_22-51-17.npz
rat0307,shuffle_null_mean,0.015151515151515148,,330.0,/Users/Hannah/Programming/data_eyeblink/geometry_preservation_outputs/geometry_preservation_rat0307_set0307_dim3_bins5_2026-04-30_22-51-17.npz
rat0307,shuffle_null_mean,-0.0715151515151515,,331.0,/Users/Hannah/Programming/data_eyeblink/geometry_preservation_outputs/geometry_preservation_rat0307_set0307_dim3_bins5_2026-04-30_22-51-17.npz
rat0307,shuffle_null_mean,0.025454545454545452,,332.0,/Users/Hannah/Programming/data_eyeblink/geometry_preservation_outputs/geometry_preservation_rat0307_set0307_dim3_bins5_2026-04-30_22-51-17.npz
rat0307,shuffle_null_mean,0.0024242424242424286,,333.0,/Users/Hannah/Programming/data_eyeblink/geometry_preservation_outputs/geometry_preservation_rat0307_set0307_dim3_bins5_2026-04-30_22-51-17.npz
rat0307,shuffle_null_mean,0.11696969696969697,,334.0,/Users/Hannah/Programming/data_eyeblink/geometry_preservation_outputs/geometry_preservation_rat0307_set0307_dim3_bins5_2026-04-30_22-51-17.npz
rat0307,shuffle_null_mean,-0.12060606060606058,,335.0,/Users/Hannah/Programming/data_eyeblink/geometry_preservation_outputs/geometry_preservation_rat0307_set0307_dim3_bins5_2026-04-30_22-51-17.npz
rat0307,shuffle_null_mean,0.0018181818181818251,,336.0,/Users/Hannah/Programming/data_eyeblink/geometry_preservation_outputs/geometry_preservation_rat0307_set0307_dim3_bins5_2026-04-30_22-51-17.npz
rat0307,shuffle_null_mean,0.13515151515151513,,337.0,/Users/Hannah/Programming/data_eyeblink/geometry_preservation_outputs/geometry_preservation_rat0307_set0307_dim3_bins5_2026-04-30_22-51-17.npz
rat0307,shuffle_null_mean,-0.029696969696969687,,338.0,/Users/Hannah/Programming/data_eyeblink/geometry_preservation_outputs/geometry_preservation_rat0307_set0307_dim3_bins5_2026-04-30_22-51-17.npz
rat0307,shuffle_null_mean,-0.030909090909090903,,339.0,/Users/Hannah/Programming/data_eyeblink/geometry_preservation_outputs/geometry_preservation_rat0307_set0307_dim3_bins5_2026-04-30_22-51-17.npz
rat0307,shuffle_null_mean,0.07393939393939393,,340.0,/Users/Hannah/Programming/data_eyeblink/geometry_preservation_outputs/geometry_preservation_rat0307_set0307_dim3_bins5_2026-04-30_22-51-17.npz
rat0307,shuffle_null_mean,-0.07999999999999997,,341.0,/Users/Hannah/Programming/data_eyeblink/geometry_preservation_outputs/geometry_preservation_rat0307_set0307_dim3_bins5_2026-04-30_22-51-17.npz
rat0307,shuffle_null_mean,-0.050303030303030294,,342.0,/Users/Hannah/Programming/data_eyeblink/geometry_preservation_outputs/geometry_preservation_rat0307_set0307_dim3_bins5_2026-04-30_22-51-17.npz
rat0307,shuffle_null_mean,-0.029696969696969687,,343.0,/Users/Hannah/Programming/data_eyeblink/geometry_preservation_outputs/geometry_preservation_rat0307_set0307_dim3_bins5_2026-04-30_22-51-17.npz
rat0307,shuffle_null_mean,-0.05393939393939392,,344.0,/Users/Hannah/Programming/data_eyeblink/geometry_preservation_outputs/geometry_preservation_rat0307_set0307_dim3_bins5_2026-04-30_22-51-17.npz
rat0307,shuffle_null_mean,0.060606060606060594,,345.0,/Users/Hannah/Programming/data_eyeblink/geometry_preservation_outputs/geometry_preservation_rat0307_set0307_dim3_bins5_2026-04-30_22-51-17.npz
rat0307,shuffle_null_mean,0.11515151515151514,,346.0,/Users/Hannah/Programming/data_eyeblink/geometry_preservation_outputs/geometry_preservation_rat0307_set0307_dim3_bins5_2026-04-30_22-51-17.npz
rat0307,shuffle_null_mean,-0.001212121212121206,,347.0,/Users/Hannah/Programming/data_eyeblink/geometry_preservation_outputs/geometry_preservation_rat0307_set0307_dim3_bins5_2026-04-30_22-51-17.npz
rat0307,shuffle_null_mean,0.09999999999999998,,348.0,/Users/Hannah/Programming/data_eyeblink/geometry_preservation_outputs/geometry_preservation_rat0307_set0307_dim3_bins5_2026-04-30_22-51-17.npz
rat0307,shuffle_null_mean,-0.11636363636363636,,349.0,/Users/Hannah/Programming/data_eyeblink/geometry_preservation_outputs/geometry_preservation_rat0307_set0307_dim3_bins5_2026-04-30_22-51-17.npz
rat0307,shuffle_null_mean,0.10848484848484848,,350.0,/Users/Hannah/Programming/data_eyeblink/geometry_preservation_outputs/geometry_preservation_rat0307_set0307_dim3_bins5_2026-04-30_22-51-17.npz
rat0307,shuffle_null_mean,-0.020606060606060593,,351.0,/Users/Hannah/Programming/data_eyeblink/geometry_preservation_outputs/geometry_preservation_rat0307_set0307_dim3_bins5_2026-04-30_22-51-17.npz
rat0307,shuffle_null_mean,0.007272727272727275,,352.0,/Users/Hannah/Programming/data_eyeblink/geometry_preservation_outputs/geometry_preservation_rat0307_set0307_dim3_bins5_2026-04-30_22-51-17.npz
rat0307,shuffle_null_mean,-0.03878787878787879,,353.0,/Users/Hannah/Programming/data_eyeblink/geometry_preservation_outputs/geometry_preservation_rat0307_set0307_dim3_bins5_2026-04-30_22-51-17.npz
rat0307,shuffle_null_mean,0.0787878787878788,,354.0,/Users/Hannah/Programming/data_eyeblink/geometry_preservation_outputs/geometry_preservation_rat0307_set0307_dim3_bins5_2026-04-30_22-51-17.npz
rat0307,shuffle_null_mean,-0.1218181818181818,,355.0,/Users/Hannah/Programming/data_eyeblink/geometry_preservation_outputs/geometry_preservation_rat0307_set0307_dim3_bins5_2026-04-30_22-51-17.npz
rat0307,shuffle_null_mean,-0.17818181818181816,,356.0,/Users/Hannah/Programming/data_eyeblink/geometry_preservation_outputs/geometry_preservation_rat0307_set0307_dim3_bins5_2026-04-30_22-51-17.npz
rat0307,shuffle_null_mean,-0.052121212121212124,,357.0,/Users/Hannah/Programming/data_eyeblink/geometry_preservation_outputs/geometry_preservation_rat0307_set0307_dim3_bins5_2026-04-30_22-51-17.npz
rat0307,shuffle_null_mean,1.3877787807814458e-18,,358.0,/Users/Hannah/Programming/data_eyeblink/geometry_preservation_outputs/geometry_preservation_rat0307_set0307_dim3_bins5_2026-04-30_22-51-17.npz
rat0307,shuffle_null_mean,-0.05878787878787878,,359.0,/Users/Hannah/Programming/data_eyeblink/geometry_preservation_outputs/geometry_preservation_rat0307_set0307_dim3_bins5_2026-04-30_22-51-17.npz
rat0307,shuffle_null_mean,0.13636363636363633,,360.0,/Users/Hannah/Programming/data_eyeblink/geometry_preservation_outputs/geometry_preservation_rat0307_set0307_dim3_bins5_2026-04-30_22-51-17.npz
rat0307,shuffle_null_mean,-0.05878787878787879,,361.0,/Users/Hannah/Programming/data_eyeblink/geometry_preservation_outputs/geometry_preservation_rat0307_set0307_dim3_bins5_2026-04-30_22-51-17.npz
rat0307,shuffle_null_mean,0.07030303030303028,,362.0,/Users/Hannah/Programming/data_eyeblink/geometry_preservation_outputs/geometry_preservation_rat0307_set0307_dim3_bins5_2026-04-30_22-51-17.npz
rat0307,shuffle_null_mean,0.021818181818181813,,363.0,/Users/Hannah/Programming/data_eyeblink/geometry_preservation_outputs/geometry_preservation_rat0307_set0307_dim3_bins5_2026-04-30_22-51-17.npz
rat0307,shuffle_null_mean,0.038787878787878774,,364.0,/Users/Hannah/Programming/data_eyeblink/geometry_preservation_outputs/geometry_preservation_rat0307_set0307_dim3_bins5_2026-04-30_22-51-17.npz
rat0307,shuffle_null_mean,-0.05151515151515153,,365.0,/Users/Hannah/Programming/data_eyeblink/geometry_preservation_outputs/geometry_preservation_rat0307_set0307_dim3_bins5_2026-04-30_22-51-17.npz
rat0307,shuffle_null_mean,0.08484848484848484,,366.0,/Users/Hannah/Programming/data_eyeblink/geometry_preservation_outputs/geometry_preservation_rat0307_set0307_dim3_bins5_2026-04-30_22-51-17.npz
rat0307,shuffle_null_mean,-0.02000000000000001,,367.0,/Users/Hannah/Programming/data_eyeblink/geometry_preservation_outputs/geometry_preservation_rat0307_set0307_dim3_bins5_2026-04-30_22-51-17.npz
rat0307,shuffle_null_mean,0.09333333333333332,,368.0,/Users/Hannah/Programming/data_eyeblink/geometry_preservation_outputs/geometry_preservation_rat0307_set0307_dim3_bins5_2026-04-30_22-51-17.npz
rat0307,shuffle_null_mean,-0.11939393939393939,,369.0,/Users/Hannah/Programming/data_eyeblink/geometry_preservation_outputs/geometry_preservation_rat0307_set0307_dim3_bins5_2026-04-30_22-51-17.npz
rat0307,shuffle_null_mean,0.012121212121212121,,370.0,/Users/Hannah/Programming/data_eyeblink/geometry_preservation_outputs/geometry_preservation_rat0307_set0307_dim3_bins5_2026-04-30_22-51-17.npz
rat0307,shuffle_null_mean,-0.08424242424242423,,371.0,/Users/Hannah/Programming/data_eyeblink/geometry_preservation_outputs/geometry_preservation_rat0307_set0307_dim3_bins5_2026-04-30_22-51-17.npz
rat0307,shuffle_null_mean,0.0103030303030303,,372.0,/Users/Hannah/Programming/data_eyeblink/geometry_preservation_outputs/geometry_preservation_rat0307_set0307_dim3_bins5_2026-04-30_22-51-17.npz
rat0307,shuffle_null_mean,-0.024242424242424253,,373.0,/Users/Hannah/Programming/data_eyeblink/geometry_preservation_outputs/geometry_preservation_rat0307_set0307_dim3_bins5_2026-04-30_22-51-17.npz
rat0307,shuffle_null_mean,0.08,,374.0,/Users/Hannah/Programming/data_eyeblink/geometry_preservation_outputs/geometry_preservation_rat0307_set0307_dim3_bins5_2026-04-30_22-51-17.npz
rat0307,shuffle_null_mean,0.10727272727272727,,375.0,/Users/Hannah/Programming/data_eyeblink/geometry_preservation_outputs/geometry_preservation_rat0307_set0307_dim3_bins5_2026-04-30_22-51-17.npz
rat0307,shuffle_null_mean,0.027272727272727264,,376.0,/Users/Hannah/Programming/data_eyeblink/geometry_preservation_outputs/geometry_preservation_rat0307_set0307_dim3_bins5_2026-04-30_22-51-17.npz
rat0307,shuffle_null_mean,0.032727272727272744,,377.0,/Users/Hannah/Programming/data_eyeblink/geometry_preservation_outputs/geometry_preservation_rat0307_set0307_dim3_bins5_2026-04-30_22-51-17.npz
rat0307,shuffle_null_mean,0.019999999999999997,,378.0,/Users/Hannah/Programming/data_eyeblink/geometry_preservation_outputs/geometry_preservation_rat0307_set0307_dim3_bins5_2026-04-30_22-51-17.npz
rat0307,shuffle_null_mean,-0.13696969696969694,,379.0,/Users/Hannah/Programming/data_eyeblink/geometry_preservation_outputs/geometry_preservation_rat0307_set0307_dim3_bins5_2026-04-30_22-51-17.npz
rat0307,shuffle_null_mean,-0.15454545454545454,,380.0,/Users/Hannah/Programming/data_eyeblink/geometry_preservation_outputs/geometry_preservation_rat0307_set0307_dim3_bins5_2026-04-30_22-51-17.npz
rat0307,shuffle_null_mean,0.09878787878787877,,381.0,/Users/Hannah/Programming/data_eyeblink/geometry_preservation_outputs/geometry_preservation_rat0307_set0307_dim3_bins5_2026-04-30_22-51-17.npz
rat0307,shuffle_null_mean,-0.0060606060606060485,,382.0,/Users/Hannah/Programming/data_eyeblink/geometry_preservation_outputs/geometry_preservation_rat0307_set0307_dim3_bins5_2026-04-30_22-51-17.npz
rat0307,shuffle_null_mean,0.10787878787878788,,383.0,/Users/Hannah/Programming/data_eyeblink/geometry_preservation_outputs/geometry_preservation_rat0307_set0307_dim3_bins5_2026-04-30_22-51-17.npz
rat0307,shuffle_null_mean,0.061212121212121204,,384.0,/Users/Hannah/Programming/data_eyeblink/geometry_preservation_outputs/geometry_preservation_rat0307_set0307_dim3_bins5_2026-04-30_22-51-17.npz
rat0307,shuffle_null_mean,0.02727272727272726,,385.0,/Users/Hannah/Programming/data_eyeblink/geometry_preservation_outputs/geometry_preservation_rat0307_set0307_dim3_bins5_2026-04-30_22-51-17.npz
rat0307,shuffle_null_mean,0.015151515151515155,,386.0,/Users/Hannah/Programming/data_eyeblink/geometry_preservation_outputs/geometry_preservation_rat0307_set0307_dim3_bins5_2026-04-30_22-51-17.npz
rat0307,shuffle_null_mean,0.10060606060606059,,387.0,/Users/Hannah/Programming/data_eyeblink/geometry_preservation_outputs/geometry_preservation_rat0307_set0307_dim3_bins5_2026-04-30_22-51-17.npz
rat0307,shuffle_null_mean,-0.03818181818181817,,388.0,/Users/Hannah/Programming/data_eyeblink/geometry_preservation_outputs/geometry_preservation_rat0307_set0307_dim3_bins5_2026-04-30_22-51-17.npz
rat0307,shuffle_null_mean,-0.050909090909090904,,389.0,/Users/Hannah/Programming/data_eyeblink/geometry_preservation_outputs/geometry_preservation_rat0307_set0307_dim3_bins5_2026-04-30_22-51-17.npz
rat0307,shuffle_null_mean,-0.1303030303030303,,390.0,/Users/Hannah/Programming/data_eyeblink/geometry_preservation_outputs/geometry_preservation_rat0307_set0307_dim3_bins5_2026-04-30_22-51-17.npz
rat0307,shuffle_null_mean,0.0690909090909091,,391.0,/Users/Hannah/Programming/data_eyeblink/geometry_preservation_outputs/geometry_preservation_rat0307_set0307_dim3_bins5_2026-04-30_22-51-17.npz
rat0307,shuffle_null_mean,-0.024242424242424225,,392.0,/Users/Hannah/Programming/data_eyeblink/geometry_preservation_outputs/geometry_preservation_rat0307_set0307_dim3_bins5_2026-04-30_22-51-17.npz
rat0307,shuffle_null_mean,0.09636363636363635,,393.0,/Users/Hannah/Programming/data_eyeblink/geometry_preservation_outputs/geometry_preservation_rat0307_set0307_dim3_bins5_2026-04-30_22-51-17.npz
rat0307,shuffle_null_mean,-0.02303030303030303,,394.0,/Users/Hannah/Programming/data_eyeblink/geometry_preservation_outputs/geometry_preservation_rat0307_set0307_dim3_bins5_2026-04-30_22-51-17.npz
rat0307,shuffle_null_mean,-0.04545454545454545,,395.0,/Users/Hannah/Programming/data_eyeblink/geometry_preservation_outputs/geometry_preservation_rat0307_set0307_dim3_bins5_2026-04-30_22-51-17.npz
rat0307,shuffle_null_mean,-0.12666666666666668,,396.0,/Users/Hannah/Programming/data_eyeblink/geometry_preservation_outputs/geometry_preservation_rat0307_set0307_dim3_bins5_2026-04-30_22-51-17.npz
rat0307,shuffle_null_mean,0.10424242424242422,,397.0,/Users/Hannah/Programming/data_eyeblink/geometry_preservation_outputs/geometry_preservation_rat0307_set0307_dim3_bins5_2026-04-30_22-51-17.npz
rat0307,shuffle_null_mean,-0.024848484848484852,,398.0,/Users/Hannah/Programming/data_eyeblink/geometry_preservation_outputs/geometry_preservation_rat0307_set0307_dim3_bins5_2026-04-30_22-51-17.npz
rat0307,shuffle_null_mean,0.0006060606060605996,,399.0,/Users/Hannah/Programming/data_eyeblink/geometry_preservation_outputs/geometry_preservation_rat0307_set0307_dim3_bins5_2026-04-30_22-51-17.npz
rat0307,shuffle_null_mean,-0.11212121212121211,,400.0,/Users/Hannah/Programming/data_eyeblink/geometry_preservation_outputs/geometry_preservation_rat0307_set0307_dim3_bins5_2026-04-30_22-51-17.npz
rat0307,shuffle_null_mean,0.019393939393939387,,401.0,/Users/Hannah/Programming/data_eyeblink/geometry_preservation_outputs/geometry_preservation_rat0307_set0307_dim3_bins5_2026-04-30_22-51-17.npz
rat0307,shuffle_null_mean,-0.12121212121212119,,402.0,/Users/Hannah/Programming/data_eyeblink/geometry_preservation_outputs/geometry_preservation_rat0307_set0307_dim3_bins5_2026-04-30_22-51-17.npz
rat0307,shuffle_null_mean,0.07575757575757576,,403.0,/Users/Hannah/Programming/data_eyeblink/geometry_preservation_outputs/geometry_preservation_rat0307_set0307_dim3_bins5_2026-04-30_22-51-17.npz
rat0307,shuffle_null_mean,-0.06848484848484848,,404.0,/Users/Hannah/Programming/data_eyeblink/geometry_preservation_outputs/geometry_preservation_rat0307_set0307_dim3_bins5_2026-04-30_22-51-17.npz
rat0307,shuffle_null_mean,-0.05696969696969696,,405.0,/Users/Hannah/Programming/data_eyeblink/geometry_preservation_outputs/geometry_preservation_rat0307_set0307_dim3_bins5_2026-04-30_22-51-17.npz
rat0307,shuffle_null_mean,0.06666666666666664,,406.0,/Users/Hannah/Programming/data_eyeblink/geometry_preservation_outputs/geometry_preservation_rat0307_set0307_dim3_bins5_2026-04-30_22-51-17.npz
rat0307,shuffle_null_mean,-0.24787878787878787,,407.0,/Users/Hannah/Programming/data_eyeblink/geometry_preservation_outputs/geometry_preservation_rat0307_set0307_dim3_bins5_2026-04-30_22-51-17.npz
rat0307,shuffle_null_mean,-0.08606060606060606,,408.0,/Users/Hannah/Programming/data_eyeblink/geometry_preservation_outputs/geometry_preservation_rat0307_set0307_dim3_bins5_2026-04-30_22-51-17.npz
rat0307,shuffle_null_mean,0.11272727272727272,,409.0,/Users/Hannah/Programming/data_eyeblink/geometry_preservation_outputs/geometry_preservation_rat0307_set0307_dim3_bins5_2026-04-30_22-51-17.npz
rat0307,shuffle_null_mean,-0.08242424242424241,,410.0,/Users/Hannah/Programming/data_eyeblink/geometry_preservation_outputs/geometry_preservation_rat0307_set0307_dim3_bins5_2026-04-30_22-51-17.npz
rat0307,shuffle_null_mean,0.0709090909090909,,411.0,/Users/Hannah/Programming/data_eyeblink/geometry_preservation_outputs/geometry_preservation_rat0307_set0307_dim3_bins5_2026-04-30_22-51-17.npz
rat0307,shuffle_null_mean,0.028484848484848457,,412.0,/Users/Hannah/Programming/data_eyeblink/geometry_preservation_outputs/geometry_preservation_rat0307_set0307_dim3_bins5_2026-04-30_22-51-17.npz
rat0307,shuffle_null_mean,0.09454545454545456,,413.0,/Users/Hannah/Programming/data_eyeblink/geometry_preservation_outputs/geometry_preservation_rat0307_set0307_dim3_bins5_2026-04-30_22-51-17.npz
rat0307,shuffle_null_mean,-0.0684848484848485,,414.0,/Users/Hannah/Programming/data_eyeblink/geometry_preservation_outputs/geometry_preservation_rat0307_set0307_dim3_bins5_2026-04-30_22-51-17.npz
rat0307,shuffle_null_mean,0.12363636363636359,,415.0,/Users/Hannah/Programming/data_eyeblink/geometry_preservation_outputs/geometry_preservation_rat0307_set0307_dim3_bins5_2026-04-30_22-51-17.npz
rat0307,shuffle_null_mean,-0.023030303030303033,,416.0,/Users/Hannah/Programming/data_eyeblink/geometry_preservation_outputs/geometry_preservation_rat0307_set0307_dim3_bins5_2026-04-30_22-51-17.npz
rat0307,shuffle_null_mean,-0.038787878787878795,,417.0,/Users/Hannah/Programming/data_eyeblink/geometry_preservation_outputs/geometry_preservation_rat0307_set0307_dim3_bins5_2026-04-30_22-51-17.npz
rat0307,shuffle_null_mean,-0.09575757575757575,,418.0,/Users/Hannah/Programming/data_eyeblink/geometry_preservation_outputs/geometry_preservation_rat0307_set0307_dim3_bins5_2026-04-30_22-51-17.npz
rat0307,shuffle_null_mean,-0.08363636363636362,,419.0,/Users/Hannah/Programming/data_eyeblink/geometry_preservation_outputs/geometry_preservation_rat0307_set0307_dim3_bins5_2026-04-30_22-51-17.npz
rat0307,shuffle_null_mean,0.033939393939393936,,420.0,/Users/Hannah/Programming/data_eyeblink/geometry_preservation_outputs/geometry_preservation_rat0307_set0307_dim3_bins5_2026-04-30_22-51-17.npz
rat0307,shuffle_null_mean,-0.04727272727272726,,421.0,/Users/Hannah/Programming/data_eyeblink/geometry_preservation_outputs/geometry_preservation_rat0307_set0307_dim3_bins5_2026-04-30_22-51-17.npz
rat0307,shuffle_null_mean,0.030303030303030293,,422.0,/Users/Hannah/Programming/data_eyeblink/geometry_preservation_outputs/geometry_preservation_rat0307_set0307_dim3_bins5_2026-04-30_22-51-17.npz
rat0307,shuffle_null_mean,-0.03151515151515151,,423.0,/Users/Hannah/Programming/data_eyeblink/geometry_preservation_outputs/geometry_preservation_rat0307_set0307_dim3_bins5_2026-04-30_22-51-17.npz
rat0307,shuffle_null_mean,0.027272727272727264,,424.0,/Users/Hannah/Programming/data_eyeblink/geometry_preservation_outputs/geometry_preservation_rat0307_set0307_dim3_bins5_2026-04-30_22-51-17.npz
rat0307,shuffle_null_mean,-0.0115151515151515,,425.0,/Users/Hannah/Programming/data_eyeblink/geometry_preservation_outputs/geometry_preservation_rat0307_set0307_dim3_bins5_2026-04-30_22-51-17.npz
rat0307,shuffle_null_mean,0.05030303030303031,,426.0,/Users/Hannah/Programming/data_eyeblink/geometry_preservation_outputs/geometry_preservation_rat0307_set0307_dim3_bins5_2026-04-30_22-51-17.npz
rat0307,shuffle_null_mean,0.06787878787878786,,427.0,/Users/Hannah/Programming/data_eyeblink/geometry_preservation_outputs/geometry_preservation_rat0307_set0307_dim3_bins5_2026-04-30_22-51-17.npz
rat0307,shuffle_null_mean,0.03272727272727273,,428.0,/Users/Hannah/Programming/data_eyeblink/geometry_preservation_outputs/geometry_preservation_rat0307_set0307_dim3_bins5_2026-04-30_22-51-17.npz
rat0307,shuffle_null_mean,0.022424242424242423,,429.0,/Users/Hannah/Programming/data_eyeblink/geometry_preservation_outputs/geometry_preservation_rat0307_set0307_dim3_bins5_2026-04-30_22-51-17.npz
rat0307,shuffle_null_mean,0.058787878787878764,,430.0,/Users/Hannah/Programming/data_eyeblink/geometry_preservation_outputs/geometry_preservation_rat0307_set0307_dim3_bins5_2026-04-30_22-51-17.npz
rat0307,shuffle_null_mean,-0.11757575757575756,,431.0,/Users/Hannah/Programming/data_eyeblink/geometry_preservation_outputs/geometry_preservation_rat0307_set0307_dim3_bins5_2026-04-30_22-51-17.npz
rat0307,shuffle_null_mean,0.06909090909090909,,432.0,/Users/Hannah/Programming/data_eyeblink/geometry_preservation_outputs/geometry_preservation_rat0307_set0307_dim3_bins5_2026-04-30_22-51-17.npz
rat0307,shuffle_null_mean,-0.04363636363636363,,433.0,/Users/Hannah/Programming/data_eyeblink/geometry_preservation_outputs/geometry_preservation_rat0307_set0307_dim3_bins5_2026-04-30_22-51-17.npz
rat0307,shuffle_null_mean,-0.12545454545454543,,434.0,/Users/Hannah/Programming/data_eyeblink/geometry_preservation_outputs/geometry_preservation_rat0307_set0307_dim3_bins5_2026-04-30_22-51-17.npz
rat0307,shuffle_null_mean,-0.07757575757575758,,435.0,/Users/Hannah/Programming/data_eyeblink/geometry_preservation_outputs/geometry_preservation_rat0307_set0307_dim3_bins5_2026-04-30_22-51-17.npz
rat0307,shuffle_null_mean,-0.014545454545454545,,436.0,/Users/Hannah/Programming/data_eyeblink/geometry_preservation_outputs/geometry_preservation_rat0307_set0307_dim3_bins5_2026-04-30_22-51-17.npz
rat0307,shuffle_null_mean,0.027272727272727275,,437.0,/Users/Hannah/Programming/data_eyeblink/geometry_preservation_outputs/geometry_preservation_rat0307_set0307_dim3_bins5_2026-04-30_22-51-17.npz
rat0307,shuffle_null_mean,-0.14484848484848484,,438.0,/Users/Hannah/Programming/data_eyeblink/geometry_preservation_outputs/geometry_preservation_rat0307_set0307_dim3_bins5_2026-04-30_22-51-17.npz
rat0307,shuffle_null_mean,0.01818181818181817,,439.0,/Users/Hannah/Programming/data_eyeblink/geometry_preservation_outputs/geometry_preservation_rat0307_set0307_dim3_bins5_2026-04-30_22-51-17.npz
rat0307,shuffle_null_mean,0.08606060606060606,,440.0,/Users/Hannah/Programming/data_eyeblink/geometry_preservation_outputs/geometry_preservation_rat0307_set0307_dim3_bins5_2026-04-30_22-51-17.npz
rat0307,shuffle_null_mean,0.17575757575757575,,441.0,/Users/Hannah/Programming/data_eyeblink/geometry_preservation_outputs/geometry_preservation_rat0307_set0307_dim3_bins5_2026-04-30_22-51-17.npz
rat0307,shuffle_null_mean,0.09333333333333332,,442.0,/Users/Hannah/Programming/data_eyeblink/geometry_preservation_outputs/geometry_preservation_rat0307_set0307_dim3_bins5_2026-04-30_22-51-17.npz
rat0307,shuffle_null_mean,-0.04484848484848484,,443.0,/Users/Hannah/Programming/data_eyeblink/geometry_preservation_outputs/geometry_preservation_rat0307_set0307_dim3_bins5_2026-04-30_22-51-17.npz
rat0307,shuffle_null_mean,-0.0715151515151515,,444.0,/Users/Hannah/Programming/data_eyeblink/geometry_preservation_outputs/geometry_preservation_rat0307_set0307_dim3_bins5_2026-04-30_22-51-17.npz
rat0307,shuffle_null_mean,0.0812121212121212,,445.0,/Users/Hannah/Programming/data_eyeblink/geometry_preservation_outputs/geometry_preservation_rat0307_set0307_dim3_bins5_2026-04-30_22-51-17.npz
rat0307,shuffle_null_mean,0.1296969696969697,,446.0,/Users/Hannah/Programming/data_eyeblink/geometry_preservation_outputs/geometry_preservation_rat0307_set0307_dim3_bins5_2026-04-30_22-51-17.npz
rat0307,shuffle_null_mean,-0.07454545454545454,,447.0,/Users/Hannah/Programming/data_eyeblink/geometry_preservation_outputs/geometry_preservation_rat0307_set0307_dim3_bins5_2026-04-30_22-51-17.npz
rat0307,shuffle_null_mean,0.03818181818181818,,448.0,/Users/Hannah/Programming/data_eyeblink/geometry_preservation_outputs/geometry_preservation_rat0307_set0307_dim3_bins5_2026-04-30_22-51-17.npz
rat0307,shuffle_null_mean,0.024242424242424253,,449.0,/Users/Hannah/Programming/data_eyeblink/geometry_preservation_outputs/geometry_preservation_rat0307_set0307_dim3_bins5_2026-04-30_22-51-17.npz
rat0307,shuffle_null_mean,0.019393939393939397,,450.0,/Users/Hannah/Programming/data_eyeblink/geometry_preservation_outputs/geometry_preservation_rat0307_set0307_dim3_bins5_2026-04-30_22-51-17.npz
rat0307,shuffle_null_mean,0.08424242424242423,,451.0,/Users/Hannah/Programming/data_eyeblink/geometry_preservation_outputs/geometry_preservation_rat0307_set0307_dim3_bins5_2026-04-30_22-51-17.npz
rat0307,shuffle_null_mean,0.05212121212121211,,452.0,/Users/Hannah/Programming/data_eyeblink/geometry_preservation_outputs/geometry_preservation_rat0307_set0307_dim3_bins5_2026-04-30_22-51-17.npz
rat0307,shuffle_null_mean,0.08363636363636363,,453.0,/Users/Hannah/Programming/data_eyeblink/geometry_preservation_outputs/geometry_preservation_rat0307_set0307_dim3_bins5_2026-04-30_22-51-17.npz
rat0307,shuffle_null_mean,-0.02363636363636364,,454.0,/Users/Hannah/Programming/data_eyeblink/geometry_preservation_outputs/geometry_preservation_rat0307_set0307_dim3_bins5_2026-04-30_22-51-17.npz
rat0307,shuffle_null_mean,-0.0624242424242424,,455.0,/Users/Hannah/Programming/data_eyeblink/geometry_preservation_outputs/geometry_preservation_rat0307_set0307_dim3_bins5_2026-04-30_22-51-17.npz
rat0307,shuffle_null_mean,-0.12545454545454543,,456.0,/Users/Hannah/Programming/data_eyeblink/geometry_preservation_outputs/geometry_preservation_rat0307_set0307_dim3_bins5_2026-04-30_22-51-17.npz
rat0307,shuffle_null_mean,0.05333333333333332,,457.0,/Users/Hannah/Programming/data_eyeblink/geometry_preservation_outputs/geometry_preservation_rat0307_set0307_dim3_bins5_2026-04-30_22-51-17.npz
rat0307,shuffle_null_mean,0.03696969696969696,,458.0,/Users/Hannah/Programming/data_eyeblink/geometry_preservation_outputs/geometry_preservation_rat0307_set0307_dim3_bins5_2026-04-30_22-51-17.npz
rat0307,shuffle_null_mean,-0.0721212121212121,,459.0,/Users/Hannah/Programming/data_eyeblink/geometry_preservation_outputs/geometry_preservation_rat0307_set0307_dim3_bins5_2026-04-30_22-51-17.npz
rat0307,shuffle_null_mean,-0.10909090909090909,,460.0,/Users/Hannah/Programming/data_eyeblink/geometry_preservation_outputs/geometry_preservation_rat0307_set0307_dim3_bins5_2026-04-30_22-51-17.npz
rat0307,shuffle_null_mean,-0.02484848484848485,,461.0,/Users/Hannah/Programming/data_eyeblink/geometry_preservation_outputs/geometry_preservation_rat0307_set0307_dim3_bins5_2026-04-30_22-51-17.npz
rat0307,shuffle_null_mean,0.07999999999999999,,462.0,/Users/Hannah/Programming/data_eyeblink/geometry_preservation_outputs/geometry_preservation_rat0307_set0307_dim3_bins5_2026-04-30_22-51-17.npz
rat0307,shuffle_null_mean,0.0030303030303030264,,463.0,/Users/Hannah/Programming/data_eyeblink/geometry_preservation_outputs/geometry_preservation_rat0307_set0307_dim3_bins5_2026-04-30_22-51-17.npz
rat0307,shuffle_null_mean,0.06363636363636363,,464.0,/Users/Hannah/Programming/data_eyeblink/geometry_preservation_outputs/geometry_preservation_rat0307_set0307_dim3_bins5_2026-04-30_22-51-17.npz
rat0307,shuffle_null_mean,0.15999999999999998,,465.0,/Users/Hannah/Programming/data_eyeblink/geometry_preservation_outputs/geometry_preservation_rat0307_set0307_dim3_bins5_2026-04-30_22-51-17.npz
rat0307,shuffle_null_mean,0.03212121212121212,,466.0,/Users/Hannah/Programming/data_eyeblink/geometry_preservation_outputs/geometry_preservation_rat0307_set0307_dim3_bins5_2026-04-30_22-51-17.npz
rat0307,shuffle_null_mean,0.007272727272727283,,467.0,/Users/Hannah/Programming/data_eyeblink/geometry_preservation_outputs/geometry_preservation_rat0307_set0307_dim3_bins5_2026-04-30_22-51-17.npz
rat0307,shuffle_null_mean,0.2145454545454545,,468.0,/Users/Hannah/Programming/data_eyeblink/geometry_preservation_outputs/geometry_preservation_rat0307_set0307_dim3_bins5_2026-04-30_22-51-17.npz
rat0307,shuffle_null_mean,-0.04484848484848484,,469.0,/Users/Hannah/Programming/data_eyeblink/geometry_preservation_outputs/geometry_preservation_rat0307_set0307_dim3_bins5_2026-04-30_22-51-17.npz
rat0307,shuffle_null_mean,0.012727272727272722,,470.0,/Users/Hannah/Programming/data_eyeblink/geometry_preservation_outputs/geometry_preservation_rat0307_set0307_dim3_bins5_2026-04-30_22-51-17.npz
rat0307,shuffle_null_mean,0.11696969696969695,,471.0,/Users/Hannah/Programming/data_eyeblink/geometry_preservation_outputs/geometry_preservation_rat0307_set0307_dim3_bins5_2026-04-30_22-51-17.npz
rat0307,shuffle_null_mean,0.0030303030303030234,,472.0,/Users/Hannah/Programming/data_eyeblink/geometry_preservation_outputs/geometry_preservation_rat0307_set0307_dim3_bins5_2026-04-30_22-51-17.npz
rat0307,shuffle_null_mean,0.022424242424242423,,473.0,/Users/Hannah/Programming/data_eyeblink/geometry_preservation_outputs/geometry_preservation_rat0307_set0307_dim3_bins5_2026-04-30_22-51-17.npz
rat0307,shuffle_null_mean,-0.0006060606060606128,,474.0,/Users/Hannah/Programming/data_eyeblink/geometry_preservation_outputs/geometry_preservation_rat0307_set0307_dim3_bins5_2026-04-30_22-51-17.npz
rat0307,shuffle_null_mean,0.06545454545454545,,475.0,/Users/Hannah/Programming/data_eyeblink/geometry_preservation_outputs/geometry_preservation_rat0307_set0307_dim3_bins5_2026-04-30_22-51-17.npz
rat0307,shuffle_null_mean,0.0030303030303030333,,476.0,/Users/Hannah/Programming/data_eyeblink/geometry_preservation_outputs/geometry_preservation_rat0307_set0307_dim3_bins5_2026-04-30_22-51-17.npz
rat0307,shuffle_null_mean,0.05515151515151515,,477.0,/Users/Hannah/Programming/data_eyeblink/geometry_preservation_outputs/geometry_preservation_rat0307_set0307_dim3_bins5_2026-04-30_22-51-17.npz
rat0307,shuffle_null_mean,0.05454545454545453,,478.0,/Users/Hannah/Programming/data_eyeblink/geometry_preservation_outputs/geometry_preservation_rat0307_set0307_dim3_bins5_2026-04-30_22-51-17.npz
rat0307,shuffle_null_mean,-0.013939393939393942,,479.0,/Users/Hannah/Programming/data_eyeblink/geometry_preservation_outputs/geometry_preservation_rat0307_set0307_dim3_bins5_2026-04-30_22-51-17.npz
rat0307,shuffle_null_mean,-0.08545454545454544,,480.0,/Users/Hannah/Programming/data_eyeblink/geometry_preservation_outputs/geometry_preservation_rat0307_set0307_dim3_bins5_2026-04-30_22-51-17.npz
rat0307,shuffle_null_mean,-0.0515151515151515,,481.0,/Users/Hannah/Programming/data_eyeblink/geometry_preservation_outputs/geometry_preservation_rat0307_set0307_dim3_bins5_2026-04-30_22-51-17.npz
rat0307,shuffle_null_mean,0.10060606060606059,,482.0,/Users/Hannah/Programming/data_eyeblink/geometry_preservation_outputs/geometry_preservation_rat0307_set0307_dim3_bins5_2026-04-30_22-51-17.npz
rat0307,shuffle_null_mean,0.003636363636363632,,483.0,/Users/Hannah/Programming/data_eyeblink/geometry_preservation_outputs/geometry_preservation_rat0307_set0307_dim3_bins5_2026-04-30_22-51-17.npz
rat0307,shuffle_null_mean,-0.0036363636363636377,,484.0,/Users/Hannah/Programming/data_eyeblink/geometry_preservation_outputs/geometry_preservation_rat0307_set0307_dim3_bins5_2026-04-30_22-51-17.npz
rat0307,shuffle_null_mean,0.020000000000000004,,485.0,/Users/Hannah/Programming/data_eyeblink/geometry_preservation_outputs/geometry_preservation_rat0307_set0307_dim3_bins5_2026-04-30_22-51-17.npz
rat0307,shuffle_null_mean,0.0909090909090909,,486.0,/Users/Hannah/Programming/data_eyeblink/geometry_preservation_outputs/geometry_preservation_rat0307_set0307_dim3_bins5_2026-04-30_22-51-17.npz
rat0307,shuffle_null_mean,0.10909090909090906,,487.0,/Users/Hannah/Programming/data_eyeblink/geometry_preservation_outputs/geometry_preservation_rat0307_set0307_dim3_bins5_2026-04-30_22-51-17.npz
rat0307,shuffle_null_mean,-0.02242424242424243,,488.0,/Users/Hannah/Programming/data_eyeblink/geometry_preservation_outputs/geometry_preservation_rat0307_set0307_dim3_bins5_2026-04-30_22-51-17.npz
rat0307,shuffle_null_mean,0.004848484848484843,,489.0,/Users/Hannah/Programming/data_eyeblink/geometry_preservation_outputs/geometry_preservation_rat0307_set0307_dim3_bins5_2026-04-30_22-51-17.npz
rat0307,shuffle_null_mean,0.037575757575757575,,490.0,/Users/Hannah/Programming/data_eyeblink/geometry_preservation_outputs/geometry_preservation_rat0307_set0307_dim3_bins5_2026-04-30_22-51-17.npz
rat0307,shuffle_null_mean,0.09818181818181816,,491.0,/Users/Hannah/Programming/data_eyeblink/geometry_preservation_outputs/geometry_preservation_rat0307_set0307_dim3_bins5_2026-04-30_22-51-17.npz
rat0307,shuffle_null_mean,0.05090909090909092,,492.0,/Users/Hannah/Programming/data_eyeblink/geometry_preservation_outputs/geometry_preservation_rat0307_set0307_dim3_bins5_2026-04-30_22-51-17.npz
rat0307,shuffle_null_mean,-0.07030303030303028,,493.0,/Users/Hannah/Programming/data_eyeblink/geometry_preservation_outputs/geometry_preservation_rat0307_set0307_dim3_bins5_2026-04-30_22-51-17.npz
rat0307,shuffle_null_mean,-0.040606060606060604,,494.0,/Users/Hannah/Programming/data_eyeblink/geometry_preservation_outputs/geometry_preservation_rat0307_set0307_dim3_bins5_2026-04-30_22-51-17.npz
rat0307,shuffle_null_mean,0.021818181818181816,,495.0,/Users/Hannah/Programming/data_eyeblink/geometry_preservation_outputs/geometry_preservation_rat0307_set0307_dim3_bins5_2026-04-30_22-51-17.npz
rat0307,shuffle_null_mean,-0.006060606060606055,,496.0,/Users/Hannah/Programming/data_eyeblink/geometry_preservation_outputs/geometry_preservation_rat0307_set0307_dim3_bins5_2026-04-30_22-51-17.npz
rat0307,shuffle_null_mean,-0.1333333333333333,,497.0,/Users/Hannah/Programming/data_eyeblink/geometry_preservation_outputs/geometry_preservation_rat0307_set0307_dim3_bins5_2026-04-30_22-51-17.npz
rat0307,shuffle_null_mean,-0.009696969696969707,,498.0,/Users/Hannah/Programming/data_eyeblink/geometry_preservation_outputs/geometry_preservation_rat0307_set0307_dim3_bins5_2026-04-30_22-51-17.npz
rat0307,shuffle_null_mean,-0.029696969696969694,,499.0,/Users/Hannah/Programming/data_eyeblink/geometry_preservation_outputs/geometry_preservation_rat0307_set0307_dim3_bins5_2026-04-30_22-51-17.npz
rat0313,real_run,0.3696969696969697,0.0,,/Users/Hannah/Programming/data_eyeblink/geometry_preservation_outputs/geometry_preservation_rat0313_set0313_dim3_bins5_2026-04-29_07-57-35.npz
rat0313,real_run,0.9151515151515152,1.0,,/Users/Hannah/Programming/data_eyeblink/geometry_preservation_outputs/geometry_preservation_rat0313_set0313_dim3_bins5_2026-04-29_07-57-35.npz
rat0313,real_run,0.7333333333333332,2.0,,/Users/Hannah/Programming/data_eyeblink/geometry_preservation_outputs/geometry_preservation_rat0313_set0313_dim3_bins5_2026-04-29_07-57-35.npz
rat0313,real_run,0.3939393939393939,3.0,,/Users/Hannah/Programming/data_eyeblink/geometry_preservation_outputs/geometry_preservation_rat0313_set0313_dim3_bins5_2026-04-29_07-57-35.npz
rat0313,real_run,0.7212121212121211,4.0,,/Users/Hannah/Programming/data_eyeblink/geometry_preservation_outputs/geometry_preservation_rat0313_set0313_dim3_bins5_2026-04-29_07-57-35.npz
rat0313,real_run,0.6484848484848483,5.0,,/Users/Hannah/Programming/data_eyeblink/geometry_preservation_outputs/geometry_preservation_rat0313_set0313_dim3_bins5_2026-04-29_07-57-35.npz
rat0313,real_run,0.8909090909090909,6.0,,/Users/Hannah/Programming/data_eyeblink/geometry_preservation_outputs/geometry_preservation_rat0313_set0313_dim3_bins5_2026-04-29_07-57-35.npz
rat0313,real_run,0.8787878787878788,7.0,,/Users/Hannah/Programming/data_eyeblink/geometry_preservation_outputs/geometry_preservation_rat0313_set0313_dim3_bins5_2026-04-29_07-57-35.npz
rat0313,real_run,0.7696969696969697,8.0,,/Users/Hannah/Programming/data_eyeblink/geometry_preservation_outputs/geometry_preservation_rat0313_set0313_dim3_bins5_2026-04-29_07-57-35.npz
rat0313,real_run,0.6484848484848483,9.0,,/Users/Hannah/Programming/data_eyeblink/geometry_preservation_outputs/geometry_preservation_rat0313_set0313_dim3_bins5_2026-04-29_07-57-35.npz
rat0313,real_run,0.8303030303030302,10.0,,/Users/Hannah/Programming/data_eyeblink/geometry_preservation_outputs/geometry_preservation_rat0313_set0313_dim3_bins5_2026-04-29_07-57-35.npz
rat0313,real_run,0.6363636363636362,11.0,,/Users/Hannah/Programming/data_eyeblink/geometry_preservation_outputs/geometry_preservation_rat0313_set0313_dim3_bins5_2026-04-29_07-57-35.npz
rat0313,real_run,0.6848484848484848,12.0,,/Users/Hannah/Programming/data_eyeblink/geometry_preservation_outputs/geometry_preservation_rat0313_set0313_dim3_bins5_2026-04-29_07-57-35.npz
rat0313,real_run,0.5636363636363636,13.0,,/Users/Hannah/Programming/data_eyeblink/geometry_preservation_outputs/geometry_preservation_rat0313_set0313_dim3_bins5_2026-04-29_07-57-35.npz
rat0313,real_run,0.7333333333333332,14.0,,/Users/Hannah/Programming/data_eyeblink/geometry_preservation_outputs/geometry_preservation_rat0313_set0313_dim3_bins5_2026-04-29_07-57-35.npz
rat0313,real_run,0.6121212121212121,15.0,,/Users/Hannah/Programming/data_eyeblink/geometry_preservation_outputs/geometry_preservation_rat0313_set0313_dim3_bins5_2026-04-29_07-57-35.npz
rat0313,real_run,0.9636363636363635,16.0,,/Users/Hannah/Programming/data_eyeblink/geometry_preservation_outputs/geometry_preservation_rat0313_set0313_dim3_bins5_2026-04-29_07-57-35.npz
rat0313,real_run,0.7212121212121211,17.0,,/Users/Hannah/Programming/data_eyeblink/geometry_preservation_outputs/geometry_preservation_rat0313_set0313_dim3_bins5_2026-04-29_07-57-35.npz
rat0313,real_run,0.9030303030303028,18.0,,/Users/Hannah/Programming/data_eyeblink/geometry_preservation_outputs/geometry_preservation_rat0313_set0313_dim3_bins5_2026-04-29_07-57-35.npz
rat0313,real_run,0.5151515151515151,19.0,,/Users/Hannah/Programming/data_eyeblink/geometry_preservation_outputs/geometry_preservation_rat0313_set0313_dim3_bins5_2026-04-29_07-57-35.npz
rat0313,shuffle_null_mean,0.0036363636363636485,,0.0,/Users/Hannah/Programming/data_eyeblink/geometry_preservation_outputs/geometry_preservation_rat0313_set0313_dim3_bins5_2026-04-29_07-57-35.npz
rat0313,shuffle_null_mean,-0.02181818181818181,,1.0,/Users/Hannah/Programming/data_eyeblink/geometry_preservation_outputs/geometry_preservation_rat0313_set0313_dim3_bins5_2026-04-29_07-57-35.npz
rat0313,shuffle_null_mean,-0.0715151515151515,,2.0,/Users/Hannah/Programming/data_eyeblink/geometry_preservation_outputs/geometry_preservation_rat0313_set0313_dim3_bins5_2026-04-29_07-57-35.npz
rat0313,shuffle_null_mean,-0.06121212121212123,,3.0,/Users/Hannah/Programming/data_eyeblink/geometry_preservation_outputs/geometry_preservation_rat0313_set0313_dim3_bins5_2026-04-29_07-57-35.npz
rat0313,shuffle_null_mean,-0.05272727272727272,,4.0,/Users/Hannah/Programming/data_eyeblink/geometry_preservation_outputs/geometry_preservation_rat0313_set0313_dim3_bins5_2026-04-29_07-57-35.npz
rat0313,shuffle_null_mean,0.025454545454545452,,5.0,/Users/Hannah/Programming/data_eyeblink/geometry_preservation_outputs/geometry_preservation_rat0313_set0313_dim3_bins5_2026-04-29_07-57-35.npz
rat0313,shuffle_null_mean,0.05696969696969695,,6.0,/Users/Hannah/Programming/data_eyeblink/geometry_preservation_outputs/geometry_preservation_rat0313_set0313_dim3_bins5_2026-04-29_07-57-35.npz
rat0313,shuffle_null_mean,0.02666666666666666,,7.0,/Users/Hannah/Programming/data_eyeblink/geometry_preservation_outputs/geometry_preservation_rat0313_set0313_dim3_bins5_2026-04-29_07-57-35.npz
rat0313,shuffle_null_mean,-0.05575757575757575,,8.0,/Users/Hannah/Programming/data_eyeblink/geometry_preservation_outputs/geometry_preservation_rat0313_set0313_dim3_bins5_2026-04-29_07-57-35.npz
rat0313,shuffle_null_mean,0.030909090909090914,,9.0,/Users/Hannah/Programming/data_eyeblink/geometry_preservation_outputs/geometry_preservation_rat0313_set0313_dim3_bins5_2026-04-29_07-57-35.npz
rat0313,shuffle_null_mean,0.02242424242424242,,10.0,/Users/Hannah/Programming/data_eyeblink/geometry_preservation_outputs/geometry_preservation_rat0313_set0313_dim3_bins5_2026-04-29_07-57-35.npz
rat0313,shuffle_null_mean,-0.15636363636363634,,11.0,/Users/Hannah/Programming/data_eyeblink/geometry_preservation_outputs/geometry_preservation_rat0313_set0313_dim3_bins5_2026-04-29_07-57-35.npz
rat0313,shuffle_null_mean,0.037575757575757575,,12.0,/Users/Hannah/Programming/data_eyeblink/geometry_preservation_outputs/geometry_preservation_rat0313_set0313_dim3_bins5_2026-04-29_07-57-35.npz
rat0313,shuffle_null_mean,-0.14363636363636362,,13.0,/Users/Hannah/Programming/data_eyeblink/geometry_preservation_outputs/geometry_preservation_rat0313_set0313_dim3_bins5_2026-04-29_07-57-35.npz
rat0313,shuffle_null_mean,-0.08484848484848485,,14.0,/Users/Hannah/Programming/data_eyeblink/geometry_preservation_outputs/geometry_preservation_rat0313_set0313_dim3_bins5_2026-04-29_07-57-35.npz
rat0313,shuffle_null_mean,0.06303030303030302,,15.0,/Users/Hannah/Programming/data_eyeblink/geometry_preservation_outputs/geometry_preservation_rat0313_set0313_dim3_bins5_2026-04-29_07-57-35.npz
rat0313,shuffle_null_mean,-0.014545454545454552,,16.0,/Users/Hannah/Programming/data_eyeblink/geometry_preservation_outputs/geometry_preservation_rat0313_set0313_dim3_bins5_2026-04-29_07-57-35.npz
rat0313,shuffle_null_mean,0.11151515151515153,,17.0,/Users/Hannah/Programming/data_eyeblink/geometry_preservation_outputs/geometry_preservation_rat0313_set0313_dim3_bins5_2026-04-29_07-57-35.npz
rat0313,shuffle_null_mean,-0.02787878787878787,,18.0,/Users/Hannah/Programming/data_eyeblink/geometry_preservation_outputs/geometry_preservation_rat0313_set0313_dim3_bins5_2026-04-29_07-57-35.npz
rat0313,shuffle_null_mean,0.1218181818181818,,19.0,/Users/Hannah/Programming/data_eyeblink/geometry_preservation_outputs/geometry_preservation_rat0313_set0313_dim3_bins5_2026-04-29_07-57-35.npz
rat0313,shuffle_null_mean,-0.009696969696969693,,20.0,/Users/Hannah/Programming/data_eyeblink/geometry_preservation_outputs/geometry_preservation_rat0313_set0313_dim3_bins5_2026-04-29_07-57-35.npz
rat0313,shuffle_null_mean,0.006666666666666659,,21.0,/Users/Hannah/Programming/data_eyeblink/geometry_preservation_outputs/geometry_preservation_rat0313_set0313_dim3_bins5_2026-04-29_07-57-35.npz
rat0313,shuffle_null_mean,-0.03575757575757574,,22.0,/Users/Hannah/Programming/data_eyeblink/geometry_preservation_outputs/geometry_preservation_rat0313_set0313_dim3_bins5_2026-04-29_07-57-35.npz
rat0313,shuffle_null_mean,-0.02727272727272727,,23.0,/Users/Hannah/Programming/data_eyeblink/geometry_preservation_outputs/geometry_preservation_rat0313_set0313_dim3_bins5_2026-04-29_07-57-35.npz
rat0313,shuffle_null_mean,-0.0024242424242424286,,24.0,/Users/Hannah/Programming/data_eyeblink/geometry_preservation_outputs/geometry_preservation_rat0313_set0313_dim3_bins5_2026-04-29_07-57-35.npz
rat0313,shuffle_null_mean,-0.18666666666666665,,25.0,/Users/Hannah/Programming/data_eyeblink/geometry_preservation_outputs/geometry_preservation_rat0313_set0313_dim3_bins5_2026-04-29_07-57-35.npz
rat0313,shuffle_null_mean,0.07878787878787877,,26.0,/Users/Hannah/Programming/data_eyeblink/geometry_preservation_outputs/geometry_preservation_rat0313_set0313_dim3_bins5_2026-04-29_07-57-35.npz
rat0313,shuffle_null_mean,-0.005454545454545462,,27.0,/Users/Hannah/Programming/data_eyeblink/geometry_preservation_outputs/geometry_preservation_rat0313_set0313_dim3_bins5_2026-04-29_07-57-35.npz
rat0313,shuffle_null_mean,-0.1642424242424242,,28.0,/Users/Hannah/Programming/data_eyeblink/geometry_preservation_outputs/geometry_preservation_rat0313_set0313_dim3_bins5_2026-04-29_07-57-35.npz
rat0313,shuffle_null_mean,-0.07454545454545454,,29.0,/Users/Hannah/Programming/data_eyeblink/geometry_preservation_outputs/geometry_preservation_rat0313_set0313_dim3_bins5_2026-04-29_07-57-35.npz
rat0313,shuffle_null_mean,0.027878787878787874,,30.0,/Users/Hannah/Programming/data_eyeblink/geometry_preservation_outputs/geometry_preservation_rat0313_set0313_dim3_bins5_2026-04-29_07-57-35.npz
rat0313,shuffle_null_mean,0.10363636363636361,,31.0,/Users/Hannah/Programming/data_eyeblink/geometry_preservation_outputs/geometry_preservation_rat0313_set0313_dim3_bins5_2026-04-29_07-57-35.npz
rat0313,shuffle_null_mean,0.03575757575757575,,32.0,/Users/Hannah/Programming/data_eyeblink/geometry_preservation_outputs/geometry_preservation_rat0313_set0313_dim3_bins5_2026-04-29_07-57-35.npz
rat0313,shuffle_null_mean,0.014545454545454545,,33.0,/Users/Hannah/Programming/data_eyeblink/geometry_preservation_outputs/geometry_preservation_rat0313_set0313_dim3_bins5_2026-04-29_07-57-35.npz
rat0313,shuffle_null_mean,-0.004242424242424245,,34.0,/Users/Hannah/Programming/data_eyeblink/geometry_preservation_outputs/geometry_preservation_rat0313_set0313_dim3_bins5_2026-04-29_07-57-35.npz
rat0313,shuffle_null_mean,0.09757575757575761,,35.0,/Users/Hannah/Programming/data_eyeblink/geometry_preservation_outputs/geometry_preservation_rat0313_set0313_dim3_bins5_2026-04-29_07-57-35.npz
rat0313,shuffle_null_mean,-0.05272727272727271,,36.0,/Users/Hannah/Programming/data_eyeblink/geometry_preservation_outputs/geometry_preservation_rat0313_set0313_dim3_bins5_2026-04-29_07-57-35.npz
rat0313,shuffle_null_mean,-0.041212121212121214,,37.0,/Users/Hannah/Programming/data_eyeblink/geometry_preservation_outputs/geometry_preservation_rat0313_set0313_dim3_bins5_2026-04-29_07-57-35.npz
rat0313,shuffle_null_mean,0.03393939393939395,,38.0,/Users/Hannah/Programming/data_eyeblink/geometry_preservation_outputs/geometry_preservation_rat0313_set0313_dim3_bins5_2026-04-29_07-57-35.npz
rat0313,shuffle_null_mean,0.12363636363636361,,39.0,/Users/Hannah/Programming/data_eyeblink/geometry_preservation_outputs/geometry_preservation_rat0313_set0313_dim3_bins5_2026-04-29_07-57-35.npz
rat0313,shuffle_null_mean,-0.009090909090909092,,40.0,/Users/Hannah/Programming/data_eyeblink/geometry_preservation_outputs/geometry_preservation_rat0313_set0313_dim3_bins5_2026-04-29_07-57-35.npz
rat0313,shuffle_null_mean,0.00909090909090909,,41.0,/Users/Hannah/Programming/data_eyeblink/geometry_preservation_outputs/geometry_preservation_rat0313_set0313_dim3_bins5_2026-04-29_07-57-35.npz
rat0313,shuffle_null_mean,-0.0593939393939394,,42.0,/Users/Hannah/Programming/data_eyeblink/geometry_preservation_outputs/geometry_preservation_rat0313_set0313_dim3_bins5_2026-04-29_07-57-35.npz
rat0313,shuffle_null_mean,-0.027878787878787874,,43.0,/Users/Hannah/Programming/data_eyeblink/geometry_preservation_outputs/geometry_preservation_rat0313_set0313_dim3_bins5_2026-04-29_07-57-35.npz
rat0313,shuffle_null_mean,0.08606060606060606,,44.0,/Users/Hannah/Programming/data_eyeblink/geometry_preservation_outputs/geometry_preservation_rat0313_set0313_dim3_bins5_2026-04-29_07-57-35.npz
rat0313,shuffle_null_mean,-0.12727272727272726,,45.0,/Users/Hannah/Programming/data_eyeblink/geometry_preservation_outputs/geometry_preservation_rat0313_set0313_dim3_bins5_2026-04-29_07-57-35.npz
rat0313,shuffle_null_mean,0.01575757575757574,,46.0,/Users/Hannah/Programming/data_eyeblink/geometry_preservation_outputs/geometry_preservation_rat0313_set0313_dim3_bins5_2026-04-29_07-57-35.npz
rat0313,shuffle_null_mean,-0.2127272727272727,,47.0,/Users/Hannah/Programming/data_eyeblink/geometry_preservation_outputs/geometry_preservation_rat0313_set0313_dim3_bins5_2026-04-29_07-57-35.npz
rat0313,shuffle_null_mean,0.0921212121212121,,48.0,/Users/Hannah/Programming/data_eyeblink/geometry_preservation_outputs/geometry_preservation_rat0313_set0313_dim3_bins5_2026-04-29_07-57-35.npz
rat0313,shuffle_null_mean,0.03212121212121212,,49.0,/Users/Hannah/Programming/data_eyeblink/geometry_preservation_outputs/geometry_preservation_rat0313_set0313_dim3_bins5_2026-04-29_07-57-35.npz
rat0313,shuffle_null_mean,-0.06363636363636363,,50.0,/Users/Hannah/Programming/data_eyeblink/geometry_preservation_outputs/geometry_preservation_rat0313_set0313_dim3_bins5_2026-04-29_07-57-35.npz
rat0313,shuffle_null_mean,0.02606060606060605,,51.0,/Users/Hannah/Programming/data_eyeblink/geometry_preservation_outputs/geometry_preservation_rat0313_set0313_dim3_bins5_2026-04-29_07-57-35.npz
rat0313,shuffle_null_mean,0.06969696969696969,,52.0,/Users/Hannah/Programming/data_eyeblink/geometry_preservation_outputs/geometry_preservation_rat0313_set0313_dim3_bins5_2026-04-29_07-57-35.npz
rat0313,shuffle_null_mean,-0.023636363636363643,,53.0,/Users/Hannah/Programming/data_eyeblink/geometry_preservation_outputs/geometry_preservation_rat0313_set0313_dim3_bins5_2026-04-29_07-57-35.npz
rat0313,shuffle_null_mean,-0.005454545454545467,,54.0,/Users/Hannah/Programming/data_eyeblink/geometry_preservation_outputs/geometry_preservation_rat0313_set0313_dim3_bins5_2026-04-29_07-57-35.npz
rat0313,shuffle_null_mean,0.013333333333333332,,55.0,/Users/Hannah/Programming/data_eyeblink/geometry_preservation_outputs/geometry_preservation_rat0313_set0313_dim3_bins5_2026-04-29_07-57-35.npz
rat0313,shuffle_null_mean,-0.09696969696969697,,56.0,/Users/Hannah/Programming/data_eyeblink/geometry_preservation_outputs/geometry_preservation_rat0313_set0313_dim3_bins5_2026-04-29_07-57-35.npz
rat0313,shuffle_null_mean,0.020606060606060593,,57.0,/Users/Hannah/Programming/data_eyeblink/geometry_preservation_outputs/geometry_preservation_rat0313_set0313_dim3_bins5_2026-04-29_07-57-35.npz
rat0313,shuffle_null_mean,0.04,,58.0,/Users/Hannah/Programming/data_eyeblink/geometry_preservation_outputs/geometry_preservation_rat0313_set0313_dim3_bins5_2026-04-29_07-57-35.npz
rat0313,shuffle_null_mean,-0.17515151515151514,,59.0,/Users/Hannah/Programming/data_eyeblink/geometry_preservation_outputs/geometry_preservation_rat0313_set0313_dim3_bins5_2026-04-29_07-57-35.npz
rat0313,shuffle_null_mean,0.1727272727272727,,60.0,/Users/Hannah/Programming/data_eyeblink/geometry_preservation_outputs/geometry_preservation_rat0313_set0313_dim3_bins5_2026-04-29_07-57-35.npz
rat0313,shuffle_null_mean,-0.11575757575757573,,61.0,/Users/Hannah/Programming/data_eyeblink/geometry_preservation_outputs/geometry_preservation_rat0313_set0313_dim3_bins5_2026-04-29_07-57-35.npz
rat0313,shuffle_null_mean,0.006060606060606072,,62.0,/Users/Hannah/Programming/data_eyeblink/geometry_preservation_outputs/geometry_preservation_rat0313_set0313_dim3_bins5_2026-04-29_07-57-35.npz
rat0313,shuffle_null_mean,-0.09636363636363636,,63.0,/Users/Hannah/Programming/data_eyeblink/geometry_preservation_outputs/geometry_preservation_rat0313_set0313_dim3_bins5_2026-04-29_07-57-35.npz
rat0313,shuffle_null_mean,0.004242424242424237,,64.0,/Users/Hannah/Programming/data_eyeblink/geometry_preservation_outputs/geometry_preservation_rat0313_set0313_dim3_bins5_2026-04-29_07-57-35.npz
rat0313,shuffle_null_mean,-0.023636363636363643,,65.0,/Users/Hannah/Programming/data_eyeblink/geometry_preservation_outputs/geometry_preservation_rat0313_set0313_dim3_bins5_2026-04-29_07-57-35.npz
rat0313,shuffle_null_mean,0.11636363636363636,,66.0,/Users/Hannah/Programming/data_eyeblink/geometry_preservation_outputs/geometry_preservation_rat0313_set0313_dim3_bins5_2026-04-29_07-57-35.npz
rat0313,shuffle_null_mean,-0.021212121212121206,,67.0,/Users/Hannah/Programming/data_eyeblink/geometry_preservation_outputs/geometry_preservation_rat0313_set0313_dim3_bins5_2026-04-29_07-57-35.npz
rat0313,shuffle_null_mean,0.02242424242424241,,68.0,/Users/Hannah/Programming/data_eyeblink/geometry_preservation_outputs/geometry_preservation_rat0313_set0313_dim3_bins5_2026-04-29_07-57-35.npz
rat0313,shuffle_null_mean,-0.03454545454545453,,69.0,/Users/Hannah/Programming/data_eyeblink/geometry_preservation_outputs/geometry_preservation_rat0313_set0313_dim3_bins5_2026-04-29_07-57-35.npz
rat0313,shuffle_null_mean,0.03999999999999999,,70.0,/Users/Hannah/Programming/data_eyeblink/geometry_preservation_outputs/geometry_preservation_rat0313_set0313_dim3_bins5_2026-04-29_07-57-35.npz
rat0313,shuffle_null_mean,-0.05939393939393941,,71.0,/Users/Hannah/Programming/data_eyeblink/geometry_preservation_outputs/geometry_preservation_rat0313_set0313_dim3_bins5_2026-04-29_07-57-35.npz
rat0313,shuffle_null_mean,-0.10484848484848483,,72.0,/Users/Hannah/Programming/data_eyeblink/geometry_preservation_outputs/geometry_preservation_rat0313_set0313_dim3_bins5_2026-04-29_07-57-35.npz
rat0313,shuffle_null_mean,0.08909090909090908,,73.0,/Users/Hannah/Programming/data_eyeblink/geometry_preservation_outputs/geometry_preservation_rat0313_set0313_dim3_bins5_2026-04-29_07-57-35.npz
rat0313,shuffle_null_mean,0.02484848484848484,,74.0,/Users/Hannah/Programming/data_eyeblink/geometry_preservation_outputs/geometry_preservation_rat0313_set0313_dim3_bins5_2026-04-29_07-57-35.npz
rat0313,shuffle_null_mean,-0.015151515151515155,,75.0,/Users/Hannah/Programming/data_eyeblink/geometry_preservation_outputs/geometry_preservation_rat0313_set0313_dim3_bins5_2026-04-29_07-57-35.npz
rat0313,shuffle_null_mean,0.02424242424242424,,76.0,/Users/Hannah/Programming/data_eyeblink/geometry_preservation_outputs/geometry_preservation_rat0313_set0313_dim3_bins5_2026-04-29_07-57-35.npz
rat0313,shuffle_null_mean,0.028484848484848467,,77.0,/Users/Hannah/Programming/data_eyeblink/geometry_preservation_outputs/geometry_preservation_rat0313_set0313_dim3_bins5_2026-04-29_07-57-35.npz
rat0313,shuffle_null_mean,-0.038181818181818185,,78.0,/Users/Hannah/Programming/data_eyeblink/geometry_preservation_outputs/geometry_preservation_rat0313_set0313_dim3_bins5_2026-04-29_07-57-35.npz
rat0313,shuffle_null_mean,0.02363636363636363,,79.0,/Users/Hannah/Programming/data_eyeblink/geometry_preservation_outputs/geometry_preservation_rat0313_set0313_dim3_bins5_2026-04-29_07-57-35.npz
rat0313,shuffle_null_mean,-0.1503030303030303,,80.0,/Users/Hannah/Programming/data_eyeblink/geometry_preservation_outputs/geometry_preservation_rat0313_set0313_dim3_bins5_2026-04-29_07-57-35.npz
rat0313,shuffle_null_mean,-0.0109090909090909,,81.0,/Users/Hannah/Programming/data_eyeblink/geometry_preservation_outputs/geometry_preservation_rat0313_set0313_dim3_bins5_2026-04-29_07-57-35.npz
rat0313,shuffle_null_mean,-0.07454545454545454,,82.0,/Users/Hannah/Programming/data_eyeblink/geometry_preservation_outputs/geometry_preservation_rat0313_set0313_dim3_bins5_2026-04-29_07-57-35.npz
rat0313,shuffle_null_mean,0.06787878787878789,,83.0,/Users/Hannah/Programming/data_eyeblink/geometry_preservation_outputs/geometry_preservation_rat0313_set0313_dim3_bins5_2026-04-29_07-57-35.npz
rat0313,shuffle_null_mean,-0.02666666666666666,,84.0,/Users/Hannah/Programming/data_eyeblink/geometry_preservation_outputs/geometry_preservation_rat0313_set0313_dim3_bins5_2026-04-29_07-57-35.npz
rat0313,shuffle_null_mean,0.004242424242424239,,85.0,/Users/Hannah/Programming/data_eyeblink/geometry_preservation_outputs/geometry_preservation_rat0313_set0313_dim3_bins5_2026-04-29_07-57-35.npz
rat0313,shuffle_null_mean,0.005454545454545457,,86.0,/Users/Hannah/Programming/data_eyeblink/geometry_preservation_outputs/geometry_preservation_rat0313_set0313_dim3_bins5_2026-04-29_07-57-35.npz
rat0313,shuffle_null_mean,-0.0012121212121212256,,87.0,/Users/Hannah/Programming/data_eyeblink/geometry_preservation_outputs/geometry_preservation_rat0313_set0313_dim3_bins5_2026-04-29_07-57-35.npz
rat0313,shuffle_null_mean,-0.16363636363636364,,88.0,/Users/Hannah/Programming/data_eyeblink/geometry_preservation_outputs/geometry_preservation_rat0313_set0313_dim3_bins5_2026-04-29_07-57-35.npz
rat0313,shuffle_null_mean,-0.012121212121212125,,89.0,/Users/Hannah/Programming/data_eyeblink/geometry_preservation_outputs/geometry_preservation_rat0313_set0313_dim3_bins5_2026-04-29_07-57-35.npz
rat0313,shuffle_null_mean,0.10909090909090909,,90.0,/Users/Hannah/Programming/data_eyeblink/geometry_preservation_outputs/geometry_preservation_rat0313_set0313_dim3_bins5_2026-04-29_07-57-35.npz
rat0313,shuffle_null_mean,0.04969696969696967,,91.0,/Users/Hannah/Programming/data_eyeblink/geometry_preservation_outputs/geometry_preservation_rat0313_set0313_dim3_bins5_2026-04-29_07-57-35.npz
rat0313,shuffle_null_mean,0.20666666666666664,,92.0,/Users/Hannah/Programming/data_eyeblink/geometry_preservation_outputs/geometry_preservation_rat0313_set0313_dim3_bins5_2026-04-29_07-57-35.npz
rat0313,shuffle_null_mean,0.029090909090909084,,93.0,/Users/Hannah/Programming/data_eyeblink/geometry_preservation_outputs/geometry_preservation_rat0313_set0313_dim3_bins5_2026-04-29_07-57-35.npz
rat0313,shuffle_null_mean,-0.06484848484848485,,94.0,/Users/Hannah/Programming/data_eyeblink/geometry_preservation_outputs/geometry_preservation_rat0313_set0313_dim3_bins5_2026-04-29_07-57-35.npz
rat0313,shuffle_null_mean,-0.05878787878787879,,95.0,/Users/Hannah/Programming/data_eyeblink/geometry_preservation_outputs/geometry_preservation_rat0313_set0313_dim3_bins5_2026-04-29_07-57-35.npz
rat0313,shuffle_null_mean,0.03151515151515151,,96.0,/Users/Hannah/Programming/data_eyeblink/geometry_preservation_outputs/geometry_preservation_rat0313_set0313_dim3_bins5_2026-04-29_07-57-35.npz
rat0313,shuffle_null_mean,-0.03393939393939394,,97.0,/Users/Hannah/Programming/data_eyeblink/geometry_preservation_outputs/geometry_preservation_rat0313_set0313_dim3_bins5_2026-04-29_07-57-35.npz
rat0313,shuffle_null_mean,0.041818181818181796,,98.0,/Users/Hannah/Programming/data_eyeblink/geometry_preservation_outputs/geometry_preservation_rat0313_set0313_dim3_bins5_2026-04-29_07-57-35.npz
rat0313,shuffle_null_mean,0.02787878787878788,,99.0,/Users/Hannah/Programming/data_eyeblink/geometry_preservation_outputs/geometry_preservation_rat0313_set0313_dim3_bins5_2026-04-29_07-57-35.npz
rat0313,shuffle_null_mean,-0.06363636363636362,,100.0,/Users/Hannah/Programming/data_eyeblink/geometry_preservation_outputs/geometry_preservation_rat0313_set0313_dim3_bins5_2026-04-29_07-57-35.npz
rat0313,shuffle_null_mean,0.09515151515151514,,101.0,/Users/Hannah/Programming/data_eyeblink/geometry_preservation_outputs/geometry_preservation_rat0313_set0313_dim3_bins5_2026-04-29_07-57-35.npz
rat0313,shuffle_null_mean,0.006666666666666663,,102.0,/Users/Hannah/Programming/data_eyeblink/geometry_preservation_outputs/geometry_preservation_rat0313_set0313_dim3_bins5_2026-04-29_07-57-35.npz
rat0313,shuffle_null_mean,0.022424242424242416,,103.0,/Users/Hannah/Programming/data_eyeblink/geometry_preservation_outputs/geometry_preservation_rat0313_set0313_dim3_bins5_2026-04-29_07-57-35.npz
rat0313,shuffle_null_mean,0.06060606060606061,,104.0,/Users/Hannah/Programming/data_eyeblink/geometry_preservation_outputs/geometry_preservation_rat0313_set0313_dim3_bins5_2026-04-29_07-57-35.npz
rat0313,shuffle_null_mean,0.016363636363636348,,105.0,/Users/Hannah/Programming/data_eyeblink/geometry_preservation_outputs/geometry_preservation_rat0313_set0313_dim3_bins5_2026-04-29_07-57-35.npz
rat0313,shuffle_null_mean,-0.025454545454545462,,106.0,/Users/Hannah/Programming/data_eyeblink/geometry_preservation_outputs/geometry_preservation_rat0313_set0313_dim3_bins5_2026-04-29_07-57-35.npz
rat0313,shuffle_null_mean,-0.08121212121212121,,107.0,/Users/Hannah/Programming/data_eyeblink/geometry_preservation_outputs/geometry_preservation_rat0313_set0313_dim3_bins5_2026-04-29_07-57-35.npz
rat0313,shuffle_null_mean,-0.14545454545454545,,108.0,/Users/Hannah/Programming/data_eyeblink/geometry_preservation_outputs/geometry_preservation_rat0313_set0313_dim3_bins5_2026-04-29_07-57-35.npz
rat0313,shuffle_null_mean,0.015151515151515143,,109.0,/Users/Hannah/Programming/data_eyeblink/geometry_preservation_outputs/geometry_preservation_rat0313_set0313_dim3_bins5_2026-04-29_07-57-35.npz
rat0313,shuffle_null_mean,0.033939393939393936,,110.0,/Users/Hannah/Programming/data_eyeblink/geometry_preservation_outputs/geometry_preservation_rat0313_set0313_dim3_bins5_2026-04-29_07-57-35.npz
rat0313,shuffle_null_mean,-0.18545454545454543,,111.0,/Users/Hannah/Programming/data_eyeblink/geometry_preservation_outputs/geometry_preservation_rat0313_set0313_dim3_bins5_2026-04-29_07-57-35.npz
rat0313,shuffle_null_mean,-0.14848484848484847,,112.0,/Users/Hannah/Programming/data_eyeblink/geometry_preservation_outputs/geometry_preservation_rat0313_set0313_dim3_bins5_2026-04-29_07-57-35.npz
rat0313,shuffle_null_mean,-0.04,,113.0,/Users/Hannah/Programming/data_eyeblink/geometry_preservation_outputs/geometry_preservation_rat0313_set0313_dim3_bins5_2026-04-29_07-57-35.npz
rat0313,shuffle_null_mean,-0.16303030303030303,,114.0,/Users/Hannah/Programming/data_eyeblink/geometry_preservation_outputs/geometry_preservation_rat0313_set0313_dim3_bins5_2026-04-29_07-57-35.npz
rat0313,shuffle_null_mean,-0.0496969696969697,,115.0,/Users/Hannah/Programming/data_eyeblink/geometry_preservation_outputs/geometry_preservation_rat0313_set0313_dim3_bins5_2026-04-29_07-57-35.npz
rat0313,shuffle_null_mean,-0.15575757575757573,,116.0,/Users/Hannah/Programming/data_eyeblink/geometry_preservation_outputs/geometry_preservation_rat0313_set0313_dim3_bins5_2026-04-29_07-57-35.npz
rat0313,shuffle_null_mean,-0.07272727272727272,,117.0,/Users/Hannah/Programming/data_eyeblink/geometry_preservation_outputs/geometry_preservation_rat0313_set0313_dim3_bins5_2026-04-29_07-57-35.npz
rat0313,shuffle_null_mean,0.01757575757575756,,118.0,/Users/Hannah/Programming/data_eyeblink/geometry_preservation_outputs/geometry_preservation_rat0313_set0313_dim3_bins5_2026-04-29_07-57-35.npz
rat0313,shuffle_null_mean,-0.10363636363636361,,119.0,/Users/Hannah/Programming/data_eyeblink/geometry_preservation_outputs/geometry_preservation_rat0313_set0313_dim3_bins5_2026-04-29_07-57-35.npz
rat0313,shuffle_null_mean,-0.029696969696969715,,120.0,/Users/Hannah/Programming/data_eyeblink/geometry_preservation_outputs/geometry_preservation_rat0313_set0313_dim3_bins5_2026-04-29_07-57-35.npz
rat0313,shuffle_null_mean,0.06969696969696969,,121.0,/Users/Hannah/Programming/data_eyeblink/geometry_preservation_outputs/geometry_preservation_rat0313_set0313_dim3_bins5_2026-04-29_07-57-35.npz
rat0313,shuffle_null_mean,-0.06848484848484848,,122.0,/Users/Hannah/Programming/data_eyeblink/geometry_preservation_outputs/geometry_preservation_rat0313_set0313_dim3_bins5_2026-04-29_07-57-35.npz
rat0313,shuffle_null_mean,-0.016969696969696968,,123.0,/Users/Hannah/Programming/data_eyeblink/geometry_preservation_outputs/geometry_preservation_rat0313_set0313_dim3_bins5_2026-04-29_07-57-35.npz
rat0313,shuffle_null_mean,0.07636363636363636,,124.0,/Users/Hannah/Programming/data_eyeblink/geometry_preservation_outputs/geometry_preservation_rat0313_set0313_dim3_bins5_2026-04-29_07-57-35.npz
rat0313,shuffle_null_mean,-0.007878787878787881,,125.0,/Users/Hannah/Programming/data_eyeblink/geometry_preservation_outputs/geometry_preservation_rat0313_set0313_dim3_bins5_2026-04-29_07-57-35.npz
rat0313,shuffle_null_mean,-0.07878787878787878,,126.0,/Users/Hannah/Programming/data_eyeblink/geometry_preservation_outputs/geometry_preservation_rat0313_set0313_dim3_bins5_2026-04-29_07-57-35.npz
rat0313,shuffle_null_mean,-0.1115151515151515,,127.0,/Users/Hannah/Programming/data_eyeblink/geometry_preservation_outputs/geometry_preservation_rat0313_set0313_dim3_bins5_2026-04-29_07-57-35.npz
rat0313,shuffle_null_mean,0.06969696969696972,,128.0,/Users/Hannah/Programming/data_eyeblink/geometry_preservation_outputs/geometry_preservation_rat0313_set0313_dim3_bins5_2026-04-29_07-57-35.npz
rat0313,shuffle_null_mean,-0.13515151515151516,,129.0,/Users/Hannah/Programming/data_eyeblink/geometry_preservation_outputs/geometry_preservation_rat0313_set0313_dim3_bins5_2026-04-29_07-57-35.npz
rat0313,shuffle_null_mean,-0.12424242424242424,,130.0,/Users/Hannah/Programming/data_eyeblink/geometry_preservation_outputs/geometry_preservation_rat0313_set0313_dim3_bins5_2026-04-29_07-57-35.npz
rat0313,shuffle_null_mean,-0.0006060606060606041,,131.0,/Users/Hannah/Programming/data_eyeblink/geometry_preservation_outputs/geometry_preservation_rat0313_set0313_dim3_bins5_2026-04-29_07-57-35.npz
rat0313,shuffle_null_mean,0.059999999999999984,,132.0,/Users/Hannah/Programming/data_eyeblink/geometry_preservation_outputs/geometry_preservation_rat0313_set0313_dim3_bins5_2026-04-29_07-57-35.npz
rat0313,shuffle_null_mean,-0.03939393939393939,,133.0,/Users/Hannah/Programming/data_eyeblink/geometry_preservation_outputs/geometry_preservation_rat0313_set0313_dim3_bins5_2026-04-29_07-57-35.npz
rat0313,shuffle_null_mean,0.010303030303030309,,134.0,/Users/Hannah/Programming/data_eyeblink/geometry_preservation_outputs/geometry_preservation_rat0313_set0313_dim3_bins5_2026-04-29_07-57-35.npz
rat0313,shuffle_null_mean,-0.13090909090909092,,135.0,/Users/Hannah/Programming/data_eyeblink/geometry_preservation_outputs/geometry_preservation_rat0313_set0313_dim3_bins5_2026-04-29_07-57-35.npz
rat0313,shuffle_null_mean,0.06606060606060607,,136.0,/Users/Hannah/Programming/data_eyeblink/geometry_preservation_outputs/geometry_preservation_rat0313_set0313_dim3_bins5_2026-04-29_07-57-35.npz
rat0313,shuffle_null_mean,0.10303030303030303,,137.0,/Users/Hannah/Programming/data_eyeblink/geometry_preservation_outputs/geometry_preservation_rat0313_set0313_dim3_bins5_2026-04-29_07-57-35.npz
rat0313,shuffle_null_mean,-0.12242424242424241,,138.0,/Users/Hannah/Programming/data_eyeblink/geometry_preservation_outputs/geometry_preservation_rat0313_set0313_dim3_bins5_2026-04-29_07-57-35.npz
rat0313,shuffle_null_mean,-0.13818181818181816,,139.0,/Users/Hannah/Programming/data_eyeblink/geometry_preservation_outputs/geometry_preservation_rat0313_set0313_dim3_bins5_2026-04-29_07-57-35.npz
rat0313,shuffle_null_mean,-0.044242424242424236,,140.0,/Users/Hannah/Programming/data_eyeblink/geometry_preservation_outputs/geometry_preservation_rat0313_set0313_dim3_bins5_2026-04-29_07-57-35.npz
rat0313,shuffle_null_mean,0.042424242424242406,,141.0,/Users/Hannah/Programming/data_eyeblink/geometry_preservation_outputs/geometry_preservation_rat0313_set0313_dim3_bins5_2026-04-29_07-57-35.npz
rat0313,shuffle_null_mean,0.03333333333333331,,142.0,/Users/Hannah/Programming/data_eyeblink/geometry_preservation_outputs/geometry_preservation_rat0313_set0313_dim3_bins5_2026-04-29_07-57-35.npz
rat0313,shuffle_null_mean,-0.12121212121212119,,143.0,/Users/Hannah/Programming/data_eyeblink/geometry_preservation_outputs/geometry_preservation_rat0313_set0313_dim3_bins5_2026-04-29_07-57-35.npz
rat0313,shuffle_null_mean,-0.024848484848484842,,144.0,/Users/Hannah/Programming/data_eyeblink/geometry_preservation_outputs/geometry_preservation_rat0313_set0313_dim3_bins5_2026-04-29_07-57-35.npz
rat0313,shuffle_null_mean,0.006666666666666673,,145.0,/Users/Hannah/Programming/data_eyeblink/geometry_preservation_outputs/geometry_preservation_rat0313_set0313_dim3_bins5_2026-04-29_07-57-35.npz
rat0313,shuffle_null_mean,-0.010909090909090906,,146.0,/Users/Hannah/Programming/data_eyeblink/geometry_preservation_outputs/geometry_preservation_rat0313_set0313_dim3_bins5_2026-04-29_07-57-35.npz
rat0313,shuffle_null_mean,0.03454545454545453,,147.0,/Users/Hannah/Programming/data_eyeblink/geometry_preservation_outputs/geometry_preservation_rat0313_set0313_dim3_bins5_2026-04-29_07-57-35.npz
rat0313,shuffle_null_mean,-0.07212121212121211,,148.0,/Users/Hannah/Programming/data_eyeblink/geometry_preservation_outputs/geometry_preservation_rat0313_set0313_dim3_bins5_2026-04-29_07-57-35.npz
rat0313,shuffle_null_mean,-0.0030303030303030303,,149.0,/Users/Hannah/Programming/data_eyeblink/geometry_preservation_outputs/geometry_preservation_rat0313_set0313_dim3_bins5_2026-04-29_07-57-35.npz
rat0313,shuffle_null_mean,0.0018181818181818188,,150.0,/Users/Hannah/Programming/data_eyeblink/geometry_preservation_outputs/geometry_preservation_rat0313_set0313_dim3_bins5_2026-04-29_07-57-35.npz
rat0313,shuffle_null_mean,0.2678787878787878,,151.0,/Users/Hannah/Programming/data_eyeblink/geometry_preservation_outputs/geometry_preservation_rat0313_set0313_dim3_bins5_2026-04-29_07-57-35.npz
rat0313,shuffle_null_mean,0.017575757575757574,,152.0,/Users/Hannah/Programming/data_eyeblink/geometry_preservation_outputs/geometry_preservation_rat0313_set0313_dim3_bins5_2026-04-29_07-57-35.npz
rat0313,shuffle_null_mean,-0.05272727272727272,,153.0,/Users/Hannah/Programming/data_eyeblink/geometry_preservation_outputs/geometry_preservation_rat0313_set0313_dim3_bins5_2026-04-29_07-57-35.npz
rat0313,shuffle_null_mean,0.07818181818181817,,154.0,/Users/Hannah/Programming/data_eyeblink/geometry_preservation_outputs/geometry_preservation_rat0313_set0313_dim3_bins5_2026-04-29_07-57-35.npz
rat0313,shuffle_null_mean,-0.07454545454545455,,155.0,/Users/Hannah/Programming/data_eyeblink/geometry_preservation_outputs/geometry_preservation_rat0313_set0313_dim3_bins5_2026-04-29_07-57-35.npz
rat0313,shuffle_null_mean,-0.11030303030303028,,156.0,/Users/Hannah/Programming/data_eyeblink/geometry_preservation_outputs/geometry_preservation_rat0313_set0313_dim3_bins5_2026-04-29_07-57-35.npz
rat0313,shuffle_null_mean,-0.025454545454545452,,157.0,/Users/Hannah/Programming/data_eyeblink/geometry_preservation_outputs/geometry_preservation_rat0313_set0313_dim3_bins5_2026-04-29_07-57-35.npz
rat0313,shuffle_null_mean,0.05333333333333332,,158.0,/Users/Hannah/Programming/data_eyeblink/geometry_preservation_outputs/geometry_preservation_rat0313_set0313_dim3_bins5_2026-04-29_07-57-35.npz
rat0313,shuffle_null_mean,-0.04666666666666667,,159.0,/Users/Hannah/Programming/data_eyeblink/geometry_preservation_outputs/geometry_preservation_rat0313_set0313_dim3_bins5_2026-04-29_07-57-35.npz
rat0313,shuffle_null_mean,-0.03393939393939395,,160.0,/Users/Hannah/Programming/data_eyeblink/geometry_preservation_outputs/geometry_preservation_rat0313_set0313_dim3_bins5_2026-04-29_07-57-35.npz
rat0313,shuffle_null_mean,0.013939393939393935,,161.0,/Users/Hannah/Programming/data_eyeblink/geometry_preservation_outputs/geometry_preservation_rat0313_set0313_dim3_bins5_2026-04-29_07-57-35.npz
rat0313,shuffle_null_mean,-0.10363636363636361,,162.0,/Users/Hannah/Programming/data_eyeblink/geometry_preservation_outputs/geometry_preservation_rat0313_set0313_dim3_bins5_2026-04-29_07-57-35.npz
rat0313,shuffle_null_mean,-0.11333333333333331,,163.0,/Users/Hannah/Programming/data_eyeblink/geometry_preservation_outputs/geometry_preservation_rat0313_set0313_dim3_bins5_2026-04-29_07-57-35.npz
rat0313,shuffle_null_mean,-0.02848484848484848,,164.0,/Users/Hannah/Programming/data_eyeblink/geometry_preservation_outputs/geometry_preservation_rat0313_set0313_dim3_bins5_2026-04-29_07-57-35.npz
rat0313,shuffle_null_mean,-0.02484848484848485,,165.0,/Users/Hannah/Programming/data_eyeblink/geometry_preservation_outputs/geometry_preservation_rat0313_set0313_dim3_bins5_2026-04-29_07-57-35.npz
rat0313,shuffle_null_mean,0.03333333333333333,,166.0,/Users/Hannah/Programming/data_eyeblink/geometry_preservation_outputs/geometry_preservation_rat0313_set0313_dim3_bins5_2026-04-29_07-57-35.npz
rat0313,shuffle_null_mean,-0.0703030303030303,,167.0,/Users/Hannah/Programming/data_eyeblink/geometry_preservation_outputs/geometry_preservation_rat0313_set0313_dim3_bins5_2026-04-29_07-57-35.npz
rat0313,shuffle_null_mean,0.03515151515151515,,168.0,/Users/Hannah/Programming/data_eyeblink/geometry_preservation_outputs/geometry_preservation_rat0313_set0313_dim3_bins5_2026-04-29_07-57-35.npz
rat0313,shuffle_null_mean,-0.04303030303030303,,169.0,/Users/Hannah/Programming/data_eyeblink/geometry_preservation_outputs/geometry_preservation_rat0313_set0313_dim3_bins5_2026-04-29_07-57-35.npz
rat0313,shuffle_null_mean,-0.1096969696969697,,170.0,/Users/Hannah/Programming/data_eyeblink/geometry_preservation_outputs/geometry_preservation_rat0313_set0313_dim3_bins5_2026-04-29_07-57-35.npz
rat0313,shuffle_null_mean,0.0890909090909091,,171.0,/Users/Hannah/Programming/data_eyeblink/geometry_preservation_outputs/geometry_preservation_rat0313_set0313_dim3_bins5_2026-04-29_07-57-35.npz
rat0313,shuffle_null_mean,-0.02787878787878788,,172.0,/Users/Hannah/Programming/data_eyeblink/geometry_preservation_outputs/geometry_preservation_rat0313_set0313_dim3_bins5_2026-04-29_07-57-35.npz
rat0313,shuffle_null_mean,0.09090909090909091,,173.0,/Users/Hannah/Programming/data_eyeblink/geometry_preservation_outputs/geometry_preservation_rat0313_set0313_dim3_bins5_2026-04-29_07-57-35.npz
rat0313,shuffle_null_mean,-0.0096969696969697,,174.0,/Users/Hannah/Programming/data_eyeblink/geometry_preservation_outputs/geometry_preservation_rat0313_set0313_dim3_bins5_2026-04-29_07-57-35.npz
rat0313,shuffle_null_mean,-0.09575757575757574,,175.0,/Users/Hannah/Programming/data_eyeblink/geometry_preservation_outputs/geometry_preservation_rat0313_set0313_dim3_bins5_2026-04-29_07-57-35.npz
rat0313,shuffle_null_mean,-0.1115151515151515,,176.0,/Users/Hannah/Programming/data_eyeblink/geometry_preservation_outputs/geometry_preservation_rat0313_set0313_dim3_bins5_2026-04-29_07-57-35.npz
rat0313,shuffle_null_mean,0.06666666666666664,,177.0,/Users/Hannah/Programming/data_eyeblink/geometry_preservation_outputs/geometry_preservation_rat0313_set0313_dim3_bins5_2026-04-29_07-57-35.npz
rat0313,shuffle_null_mean,0.003030303030303029,,178.0,/Users/Hannah/Programming/data_eyeblink/geometry_preservation_outputs/geometry_preservation_rat0313_set0313_dim3_bins5_2026-04-29_07-57-35.npz
rat0313,shuffle_null_mean,-0.1,,179.0,/Users/Hannah/Programming/data_eyeblink/geometry_preservation_outputs/geometry_preservation_rat0313_set0313_dim3_bins5_2026-04-29_07-57-35.npz
rat0313,shuffle_null_mean,0.049696969696969684,,180.0,/Users/Hannah/Programming/data_eyeblink/geometry_preservation_outputs/geometry_preservation_rat0313_set0313_dim3_bins5_2026-04-29_07-57-35.npz
rat0313,shuffle_null_mean,-0.09575757575757574,,181.0,/Users/Hannah/Programming/data_eyeblink/geometry_preservation_outputs/geometry_preservation_rat0313_set0313_dim3_bins5_2026-04-29_07-57-35.npz
rat0313,shuffle_null_mean,0.04121212121212121,,182.0,/Users/Hannah/Programming/data_eyeblink/geometry_preservation_outputs/geometry_preservation_rat0313_set0313_dim3_bins5_2026-04-29_07-57-35.npz
rat0313,shuffle_null_mean,0.03454545454545453,,183.0,/Users/Hannah/Programming/data_eyeblink/geometry_preservation_outputs/geometry_preservation_rat0313_set0313_dim3_bins5_2026-04-29_07-57-35.npz
rat0313,shuffle_null_mean,5.551115123125783e-18,,184.0,/Users/Hannah/Programming/data_eyeblink/geometry_preservation_outputs/geometry_preservation_rat0313_set0313_dim3_bins5_2026-04-29_07-57-35.npz
rat0313,shuffle_null_mean,-0.10787878787878787,,185.0,/Users/Hannah/Programming/data_eyeblink/geometry_preservation_outputs/geometry_preservation_rat0313_set0313_dim3_bins5_2026-04-29_07-57-35.npz
rat0313,shuffle_null_mean,-0.13333333333333333,,186.0,/Users/Hannah/Programming/data_eyeblink/geometry_preservation_outputs/geometry_preservation_rat0313_set0313_dim3_bins5_2026-04-29_07-57-35.npz
rat0313,shuffle_null_mean,-0.06484848484848485,,187.0,/Users/Hannah/Programming/data_eyeblink/geometry_preservation_outputs/geometry_preservation_rat0313_set0313_dim3_bins5_2026-04-29_07-57-35.npz
rat0313,shuffle_null_mean,0.025454545454545462,,188.0,/Users/Hannah/Programming/data_eyeblink/geometry_preservation_outputs/geometry_preservation_rat0313_set0313_dim3_bins5_2026-04-29_07-57-35.npz
rat0313,shuffle_null_mean,-0.01878787878787879,,189.0,/Users/Hannah/Programming/data_eyeblink/geometry_preservation_outputs/geometry_preservation_rat0313_set0313_dim3_bins5_2026-04-29_07-57-35.npz
rat0313,shuffle_null_mean,-0.035151515151515156,,190.0,/Users/Hannah/Programming/data_eyeblink/geometry_preservation_outputs/geometry_preservation_rat0313_set0313_dim3_bins5_2026-04-29_07-57-35.npz
rat0313,shuffle_null_mean,-0.01636363636363636,,191.0,/Users/Hannah/Programming/data_eyeblink/geometry_preservation_outputs/geometry_preservation_rat0313_set0313_dim3_bins5_2026-04-29_07-57-35.npz
rat0313,shuffle_null_mean,0.04909090909090909,,192.0,/Users/Hannah/Programming/data_eyeblink/geometry_preservation_outputs/geometry_preservation_rat0313_set0313_dim3_bins5_2026-04-29_07-57-35.npz
rat0313,shuffle_null_mean,-0.07212121212121211,,193.0,/Users/Hannah/Programming/data_eyeblink/geometry_preservation_outputs/geometry_preservation_rat0313_set0313_dim3_bins5_2026-04-29_07-57-35.npz
rat0313,shuffle_null_mean,0.026060606060606045,,194.0,/Users/Hannah/Programming/data_eyeblink/geometry_preservation_outputs/geometry_preservation_rat0313_set0313_dim3_bins5_2026-04-29_07-57-35.npz
rat0313,shuffle_null_mean,0.04424242424242425,,195.0,/Users/Hannah/Programming/data_eyeblink/geometry_preservation_outputs/geometry_preservation_rat0313_set0313_dim3_bins5_2026-04-29_07-57-35.npz
rat0313,shuffle_null_mean,0.035151515151515156,,196.0,/Users/Hannah/Programming/data_eyeblink/geometry_preservation_outputs/geometry_preservation_rat0313_set0313_dim3_bins5_2026-04-29_07-57-35.npz
rat0313,shuffle_null_mean,0.008484848484848477,,197.0,/Users/Hannah/Programming/data_eyeblink/geometry_preservation_outputs/geometry_preservation_rat0313_set0313_dim3_bins5_2026-04-29_07-57-35.npz
rat0313,shuffle_null_mean,-0.01999999999999999,,198.0,/Users/Hannah/Programming/data_eyeblink/geometry_preservation_outputs/geometry_preservation_rat0313_set0313_dim3_bins5_2026-04-29_07-57-35.npz
rat0313,shuffle_null_mean,0.05575757575757574,,199.0,/Users/Hannah/Programming/data_eyeblink/geometry_preservation_outputs/geometry_preservation_rat0313_set0313_dim3_bins5_2026-04-29_07-57-35.npz
rat0313,shuffle_null_mean,-0.009090909090909084,,200.0,/Users/Hannah/Programming/data_eyeblink/geometry_preservation_outputs/geometry_preservation_rat0313_set0313_dim3_bins5_2026-04-29_07-57-35.npz
rat0313,shuffle_null_mean,0.06303030303030302,,201.0,/Users/Hannah/Programming/data_eyeblink/geometry_preservation_outputs/geometry_preservation_rat0313_set0313_dim3_bins5_2026-04-29_07-57-35.npz
rat0313,shuffle_null_mean,0.03575757575757575,,202.0,/Users/Hannah/Programming/data_eyeblink/geometry_preservation_outputs/geometry_preservation_rat0313_set0313_dim3_bins5_2026-04-29_07-57-35.npz
rat0313,shuffle_null_mean,-0.01393939393939394,,203.0,/Users/Hannah/Programming/data_eyeblink/geometry_preservation_outputs/geometry_preservation_rat0313_set0313_dim3_bins5_2026-04-29_07-57-35.npz
rat0313,shuffle_null_mean,0.0036363636363636403,,204.0,/Users/Hannah/Programming/data_eyeblink/geometry_preservation_outputs/geometry_preservation_rat0313_set0313_dim3_bins5_2026-04-29_07-57-35.npz
rat0313,shuffle_null_mean,-0.045454545454545456,,205.0,/Users/Hannah/Programming/data_eyeblink/geometry_preservation_outputs/geometry_preservation_rat0313_set0313_dim3_bins5_2026-04-29_07-57-35.npz
rat0313,shuffle_null_mean,-0.0296969696969697,,206.0,/Users/Hannah/Programming/data_eyeblink/geometry_preservation_outputs/geometry_preservation_rat0313_set0313_dim3_bins5_2026-04-29_07-57-35.npz
rat0313,shuffle_null_mean,-0.02424242424242425,,207.0,/Users/Hannah/Programming/data_eyeblink/geometry_preservation_outputs/geometry_preservation_rat0313_set0313_dim3_bins5_2026-04-29_07-57-35.npz
rat0313,shuffle_null_mean,-0.15333333333333332,,208.0,/Users/Hannah/Programming/data_eyeblink/geometry_preservation_outputs/geometry_preservation_rat0313_set0313_dim3_bins5_2026-04-29_07-57-35.npz
rat0313,shuffle_null_mean,0.18303030303030304,,209.0,/Users/Hannah/Programming/data_eyeblink/geometry_preservation_outputs/geometry_preservation_rat0313_set0313_dim3_bins5_2026-04-29_07-57-35.npz
rat0313,shuffle_null_mean,0.004848484848484847,,210.0,/Users/Hannah/Programming/data_eyeblink/geometry_preservation_outputs/geometry_preservation_rat0313_set0313_dim3_bins5_2026-04-29_07-57-35.npz
rat0313,shuffle_null_mean,-0.05515151515151515,,211.0,/Users/Hannah/Programming/data_eyeblink/geometry_preservation_outputs/geometry_preservation_rat0313_set0313_dim3_bins5_2026-04-29_07-57-35.npz
rat0313,shuffle_null_mean,0.04606060606060606,,212.0,/Users/Hannah/Programming/data_eyeblink/geometry_preservation_outputs/geometry_preservation_rat0313_set0313_dim3_bins5_2026-04-29_07-57-35.npz
rat0313,shuffle_null_mean,-0.015757575757575755,,213.0,/Users/Hannah/Programming/data_eyeblink/geometry_preservation_outputs/geometry_preservation_rat0313_set0313_dim3_bins5_2026-04-29_07-57-35.npz
rat0313,shuffle_null_mean,0.06242424242424244,,214.0,/Users/Hannah/Programming/data_eyeblink/geometry_preservation_outputs/geometry_preservation_rat0313_set0313_dim3_bins5_2026-04-29_07-57-35.npz
rat0313,shuffle_null_mean,0.06606060606060607,,215.0,/Users/Hannah/Programming/data_eyeblink/geometry_preservation_outputs/geometry_preservation_rat0313_set0313_dim3_bins5_2026-04-29_07-57-35.npz
rat0313,shuffle_null_mean,-0.061818181818181814,,216.0,/Users/Hannah/Programming/data_eyeblink/geometry_preservation_outputs/geometry_preservation_rat0313_set0313_dim3_bins5_2026-04-29_07-57-35.npz
rat0313,shuffle_null_mean,-0.21999999999999992,,217.0,/Users/Hannah/Programming/data_eyeblink/geometry_preservation_outputs/geometry_preservation_rat0313_set0313_dim3_bins5_2026-04-29_07-57-35.npz
rat0313,shuffle_null_mean,0.004242424242424239,,218.0,/Users/Hannah/Programming/data_eyeblink/geometry_preservation_outputs/geometry_preservation_rat0313_set0313_dim3_bins5_2026-04-29_07-57-35.npz
rat0313,shuffle_null_mean,-0.09030303030303027,,219.0,/Users/Hannah/Programming/data_eyeblink/geometry_preservation_outputs/geometry_preservation_rat0313_set0313_dim3_bins5_2026-04-29_07-57-35.npz
rat0313,shuffle_null_mean,-0.1496969696969697,,220.0,/Users/Hannah/Programming/data_eyeblink/geometry_preservation_outputs/geometry_preservation_rat0313_set0313_dim3_bins5_2026-04-29_07-57-35.npz
rat0313,shuffle_null_mean,0.01333333333333334,,221.0,/Users/Hannah/Programming/data_eyeblink/geometry_preservation_outputs/geometry_preservation_rat0313_set0313_dim3_bins5_2026-04-29_07-57-35.npz
rat0313,shuffle_null_mean,0.06424242424242424,,222.0,/Users/Hannah/Programming/data_eyeblink/geometry_preservation_outputs/geometry_preservation_rat0313_set0313_dim3_bins5_2026-04-29_07-57-35.npz
rat0313,shuffle_null_mean,-0.027272727272727275,,223.0,/Users/Hannah/Programming/data_eyeblink/geometry_preservation_outputs/geometry_preservation_rat0313_set0313_dim3_bins5_2026-04-29_07-57-35.npz
rat0313,shuffle_null_mean,0.10303030303030303,,224.0,/Users/Hannah/Programming/data_eyeblink/geometry_preservation_outputs/geometry_preservation_rat0313_set0313_dim3_bins5_2026-04-29_07-57-35.npz
rat0313,shuffle_null_mean,0.016969696969696968,,225.0,/Users/Hannah/Programming/data_eyeblink/geometry_preservation_outputs/geometry_preservation_rat0313_set0313_dim3_bins5_2026-04-29_07-57-35.npz
rat0313,shuffle_null_mean,0.123030303030303,,226.0,/Users/Hannah/Programming/data_eyeblink/geometry_preservation_outputs/geometry_preservation_rat0313_set0313_dim3_bins5_2026-04-29_07-57-35.npz
rat0313,shuffle_null_mean,-0.0696969696969697,,227.0,/Users/Hannah/Programming/data_eyeblink/geometry_preservation_outputs/geometry_preservation_rat0313_set0313_dim3_bins5_2026-04-29_07-57-35.npz
rat0313,shuffle_null_mean,0.02909090909090909,,228.0,/Users/Hannah/Programming/data_eyeblink/geometry_preservation_outputs/geometry_preservation_rat0313_set0313_dim3_bins5_2026-04-29_07-57-35.npz
rat0313,shuffle_null_mean,-0.03212121212121212,,229.0,/Users/Hannah/Programming/data_eyeblink/geometry_preservation_outputs/geometry_preservation_rat0313_set0313_dim3_bins5_2026-04-29_07-57-35.npz
rat0313,shuffle_null_mean,-0.043636363636363626,,230.0,/Users/Hannah/Programming/data_eyeblink/geometry_preservation_outputs/geometry_preservation_rat0313_set0313_dim3_bins5_2026-04-29_07-57-35.npz
rat0313,shuffle_null_mean,0.011515151515151506,,231.0,/Users/Hannah/Programming/data_eyeblink/geometry_preservation_outputs/geometry_preservation_rat0313_set0313_dim3_bins5_2026-04-29_07-57-35.npz
rat0313,shuffle_null_mean,-0.047878787878787875,,232.0,/Users/Hannah/Programming/data_eyeblink/geometry_preservation_outputs/geometry_preservation_rat0313_set0313_dim3_bins5_2026-04-29_07-57-35.npz
rat0313,shuffle_null_mean,-0.16848484848484846,,233.0,/Users/Hannah/Programming/data_eyeblink/geometry_preservation_outputs/geometry_preservation_rat0313_set0313_dim3_bins5_2026-04-29_07-57-35.npz
rat0313,shuffle_null_mean,-0.02727272727272726,,234.0,/Users/Hannah/Programming/data_eyeblink/geometry_preservation_outputs/geometry_preservation_rat0313_set0313_dim3_bins5_2026-04-29_07-57-35.npz
rat0313,shuffle_null_mean,0.12484848484848483,,235.0,/Users/Hannah/Programming/data_eyeblink/geometry_preservation_outputs/geometry_preservation_rat0313_set0313_dim3_bins5_2026-04-29_07-57-35.npz
rat0313,shuffle_null_mean,0.0696969696969697,,236.0,/Users/Hannah/Programming/data_eyeblink/geometry_preservation_outputs/geometry_preservation_rat0313_set0313_dim3_bins5_2026-04-29_07-57-35.npz
rat0313,shuffle_null_mean,-0.1096969696969697,,237.0,/Users/Hannah/Programming/data_eyeblink/geometry_preservation_outputs/geometry_preservation_rat0313_set0313_dim3_bins5_2026-04-29_07-57-35.npz
rat0313,shuffle_null_mean,-0.007272727272727275,,238.0,/Users/Hannah/Programming/data_eyeblink/geometry_preservation_outputs/geometry_preservation_rat0313_set0313_dim3_bins5_2026-04-29_07-57-35.npz
rat0313,shuffle_null_mean,-0.05090909090909088,,239.0,/Users/Hannah/Programming/data_eyeblink/geometry_preservation_outputs/geometry_preservation_rat0313_set0313_dim3_bins5_2026-04-29_07-57-35.npz
rat0313,shuffle_null_mean,-0.059999999999999984,,240.0,/Users/Hannah/Programming/data_eyeblink/geometry_preservation_outputs/geometry_preservation_rat0313_set0313_dim3_bins5_2026-04-29_07-57-35.npz
rat0313,shuffle_null_mean,0.0,,241.0,/Users/Hannah/Programming/data_eyeblink/geometry_preservation_outputs/geometry_preservation_rat0313_set0313_dim3_bins5_2026-04-29_07-57-35.npz
rat0313,shuffle_null_mean,0.037575757575757554,,242.0,/Users/Hannah/Programming/data_eyeblink/geometry_preservation_outputs/geometry_preservation_rat0313_set0313_dim3_bins5_2026-04-29_07-57-35.npz
rat0313,shuffle_null_mean,0.010909090909090906,,243.0,/Users/Hannah/Programming/data_eyeblink/geometry_preservation_outputs/geometry_preservation_rat0313_set0313_dim3_bins5_2026-04-29_07-57-35.npz
rat0313,shuffle_null_mean,0.039393939393939384,,244.0,/Users/Hannah/Programming/data_eyeblink/geometry_preservation_outputs/geometry_preservation_rat0313_set0313_dim3_bins5_2026-04-29_07-57-35.npz
rat0313,shuffle_null_mean,-0.0024242424242424203,,245.0,/Users/Hannah/Programming/data_eyeblink/geometry_preservation_outputs/geometry_preservation_rat0313_set0313_dim3_bins5_2026-04-29_07-57-35.npz
rat0313,shuffle_null_mean,-0.07393939393939393,,246.0,/Users/Hannah/Programming/data_eyeblink/geometry_preservation_outputs/geometry_preservation_rat0313_set0313_dim3_bins5_2026-04-29_07-57-35.npz
rat0313,shuffle_null_mean,-0.07696969696969698,,247.0,/Users/Hannah/Programming/data_eyeblink/geometry_preservation_outputs/geometry_preservation_rat0313_set0313_dim3_bins5_2026-04-29_07-57-35.npz
rat0313,shuffle_null_mean,-0.03878787878787878,,248.0,/Users/Hannah/Programming/data_eyeblink/geometry_preservation_outputs/geometry_preservation_rat0313_set0313_dim3_bins5_2026-04-29_07-57-35.npz
rat0313,shuffle_null_mean,-0.041212121212121214,,249.0,/Users/Hannah/Programming/data_eyeblink/geometry_preservation_outputs/geometry_preservation_rat0313_set0313_dim3_bins5_2026-04-29_07-57-35.npz
rat0313,shuffle_null_mean,0.0012121212121212084,,250.0,/Users/Hannah/Programming/data_eyeblink/geometry_preservation_outputs/geometry_preservation_rat0313_set0313_dim3_bins5_2026-04-29_07-57-35.npz
rat0313,shuffle_null_mean,-0.02787878787878787,,251.0,/Users/Hannah/Programming/data_eyeblink/geometry_preservation_outputs/geometry_preservation_rat0313_set0313_dim3_bins5_2026-04-29_07-57-35.npz
rat0313,shuffle_null_mean,0.18909090909090903,,252.0,/Users/Hannah/Programming/data_eyeblink/geometry_preservation_outputs/geometry_preservation_rat0313_set0313_dim3_bins5_2026-04-29_07-57-35.npz
rat0313,shuffle_null_mean,-0.07696969696969695,,253.0,/Users/Hannah/Programming/data_eyeblink/geometry_preservation_outputs/geometry_preservation_rat0313_set0313_dim3_bins5_2026-04-29_07-57-35.npz
rat0313,shuffle_null_mean,0.02848484848484848,,254.0,/Users/Hannah/Programming/data_eyeblink/geometry_preservation_outputs/geometry_preservation_rat0313_set0313_dim3_bins5_2026-04-29_07-57-35.npz
rat0313,shuffle_null_mean,0.0036363636363636403,,255.0,/Users/Hannah/Programming/data_eyeblink/geometry_preservation_outputs/geometry_preservation_rat0313_set0313_dim3_bins5_2026-04-29_07-57-35.npz
rat0313,shuffle_null_mean,0.020606060606060593,,256.0,/Users/Hannah/Programming/data_eyeblink/geometry_preservation_outputs/geometry_preservation_rat0313_set0313_dim3_bins5_2026-04-29_07-57-35.npz
rat0313,shuffle_null_mean,0.02181818181818182,,257.0,/Users/Hannah/Programming/data_eyeblink/geometry_preservation_outputs/geometry_preservation_rat0313_set0313_dim3_bins5_2026-04-29_07-57-35.npz
rat0313,shuffle_null_mean,-0.018787878787878777,,258.0,/Users/Hannah/Programming/data_eyeblink/geometry_preservation_outputs/geometry_preservation_rat0313_set0313_dim3_bins5_2026-04-29_07-57-35.npz
rat0313,shuffle_null_mean,-0.024848484848484842,,259.0,/Users/Hannah/Programming/data_eyeblink/geometry_preservation_outputs/geometry_preservation_rat0313_set0313_dim3_bins5_2026-04-29_07-57-35.npz
rat0313,shuffle_null_mean,0.07818181818181817,,260.0,/Users/Hannah/Programming/data_eyeblink/geometry_preservation_outputs/geometry_preservation_rat0313_set0313_dim3_bins5_2026-04-29_07-57-35.npz
rat0313,shuffle_null_mean,0.04606060606060606,,261.0,/Users/Hannah/Programming/data_eyeblink/geometry_preservation_outputs/geometry_preservation_rat0313_set0313_dim3_bins5_2026-04-29_07-57-35.npz
rat0313,shuffle_null_mean,-0.07090909090909091,,262.0,/Users/Hannah/Programming/data_eyeblink/geometry_preservation_outputs/geometry_preservation_rat0313_set0313_dim3_bins5_2026-04-29_07-57-35.npz
rat0313,shuffle_null_mean,0.005454545454545455,,263.0,/Users/Hannah/Programming/data_eyeblink/geometry_preservation_outputs/geometry_preservation_rat0313_set0313_dim3_bins5_2026-04-29_07-57-35.npz
rat0313,shuffle_null_mean,-0.028484848484848484,,264.0,/Users/Hannah/Programming/data_eyeblink/geometry_preservation_outputs/geometry_preservation_rat0313_set0313_dim3_bins5_2026-04-29_07-57-35.npz
rat0313,shuffle_null_mean,-0.0024242424242424373,,265.0,/Users/Hannah/Programming/data_eyeblink/geometry_preservation_outputs/geometry_preservation_rat0313_set0313_dim3_bins5_2026-04-29_07-57-35.npz
rat0313,shuffle_null_mean,0.18606060606060604,,266.0,/Users/Hannah/Programming/data_eyeblink/geometry_preservation_outputs/geometry_preservation_rat0313_set0313_dim3_bins5_2026-04-29_07-57-35.npz
rat0313,shuffle_null_mean,-0.13393939393939394,,267.0,/Users/Hannah/Programming/data_eyeblink/geometry_preservation_outputs/geometry_preservation_rat0313_set0313_dim3_bins5_2026-04-29_07-57-35.npz
rat0313,shuffle_null_mean,-0.05272727272727272,,268.0,/Users/Hannah/Programming/data_eyeblink/geometry_preservation_outputs/geometry_preservation_rat0313_set0313_dim3_bins5_2026-04-29_07-57-35.npz
rat0313,shuffle_null_mean,-0.0036363636363636446,,269.0,/Users/Hannah/Programming/data_eyeblink/geometry_preservation_outputs/geometry_preservation_rat0313_set0313_dim3_bins5_2026-04-29_07-57-35.npz
rat0313,shuffle_null_mean,-0.09818181818181815,,270.0,/Users/Hannah/Programming/data_eyeblink/geometry_preservation_outputs/geometry_preservation_rat0313_set0313_dim3_bins5_2026-04-29_07-57-35.npz
rat0313,shuffle_null_mean,0.08484848484848484,,271.0,/Users/Hannah/Programming/data_eyeblink/geometry_preservation_outputs/geometry_preservation_rat0313_set0313_dim3_bins5_2026-04-29_07-57-35.npz
rat0313,shuffle_null_mean,0.02787878787878787,,272.0,/Users/Hannah/Programming/data_eyeblink/geometry_preservation_outputs/geometry_preservation_rat0313_set0313_dim3_bins5_2026-04-29_07-57-35.npz
rat0313,shuffle_null_mean,-0.16060606060606059,,273.0,/Users/Hannah/Programming/data_eyeblink/geometry_preservation_outputs/geometry_preservation_rat0313_set0313_dim3_bins5_2026-04-29_07-57-35.npz
rat0313,shuffle_null_mean,0.016969696969696968,,274.0,/Users/Hannah/Programming/data_eyeblink/geometry_preservation_outputs/geometry_preservation_rat0313_set0313_dim3_bins5_2026-04-29_07-57-35.npz
rat0313,shuffle_null_mean,-0.13878787878787877,,275.0,/Users/Hannah/Programming/data_eyeblink/geometry_preservation_outputs/geometry_preservation_rat0313_set0313_dim3_bins5_2026-04-29_07-57-35.npz
rat0313,shuffle_null_mean,-0.11999999999999997,,276.0,/Users/Hannah/Programming/data_eyeblink/geometry_preservation_outputs/geometry_preservation_rat0313_set0313_dim3_bins5_2026-04-29_07-57-35.npz
rat0313,shuffle_null_mean,-0.14606060606060606,,277.0,/Users/Hannah/Programming/data_eyeblink/geometry_preservation_outputs/geometry_preservation_rat0313_set0313_dim3_bins5_2026-04-29_07-57-35.npz
rat0313,shuffle_null_mean,-0.08787878787878788,,278.0,/Users/Hannah/Programming/data_eyeblink/geometry_preservation_outputs/geometry_preservation_rat0313_set0313_dim3_bins5_2026-04-29_07-57-35.npz
rat0313,shuffle_null_mean,-0.046666666666666655,,279.0,/Users/Hannah/Programming/data_eyeblink/geometry_preservation_outputs/geometry_preservation_rat0313_set0313_dim3_bins5_2026-04-29_07-57-35.npz
rat0313,shuffle_null_mean,-0.045454545454545456,,280.0,/Users/Hannah/Programming/data_eyeblink/geometry_preservation_outputs/geometry_preservation_rat0313_set0313_dim3_bins5_2026-04-29_07-57-35.npz
rat0313,shuffle_null_mean,0.07393939393939394,,281.0,/Users/Hannah/Programming/data_eyeblink/geometry_preservation_outputs/geometry_preservation_rat0313_set0313_dim3_bins5_2026-04-29_07-57-35.npz
rat0313,shuffle_null_mean,0.0593939393939394,,282.0,/Users/Hannah/Programming/data_eyeblink/geometry_preservation_outputs/geometry_preservation_rat0313_set0313_dim3_bins5_2026-04-29_07-57-35.npz
rat0313,shuffle_null_mean,0.03575757575757575,,283.0,/Users/Hannah/Programming/data_eyeblink/geometry_preservation_outputs/geometry_preservation_rat0313_set0313_dim3_bins5_2026-04-29_07-57-35.npz
rat0313,shuffle_null_mean,-0.021212121212121213,,284.0,/Users/Hannah/Programming/data_eyeblink/geometry_preservation_outputs/geometry_preservation_rat0313_set0313_dim3_bins5_2026-04-29_07-57-35.npz
rat0313,shuffle_null_mean,-0.05757575757575757,,285.0,/Users/Hannah/Programming/data_eyeblink/geometry_preservation_outputs/geometry_preservation_rat0313_set0313_dim3_bins5_2026-04-29_07-57-35.npz
rat0313,shuffle_null_mean,0.021818181818181827,,286.0,/Users/Hannah/Programming/data_eyeblink/geometry_preservation_outputs/geometry_preservation_rat0313_set0313_dim3_bins5_2026-04-29_07-57-35.npz
rat0313,shuffle_null_mean,0.05030303030303031,,287.0,/Users/Hannah/Programming/data_eyeblink/geometry_preservation_outputs/geometry_preservation_rat0313_set0313_dim3_bins5_2026-04-29_07-57-35.npz
rat0313,shuffle_null_mean,-0.060606060606060594,,288.0,/Users/Hannah/Programming/data_eyeblink/geometry_preservation_outputs/geometry_preservation_rat0313_set0313_dim3_bins5_2026-04-29_07-57-35.npz
rat0313,shuffle_null_mean,-0.05151515151515153,,289.0,/Users/Hannah/Programming/data_eyeblink/geometry_preservation_outputs/geometry_preservation_rat0313_set0313_dim3_bins5_2026-04-29_07-57-35.npz
rat0313,shuffle_null_mean,-0.16606060606060605,,290.0,/Users/Hannah/Programming/data_eyeblink/geometry_preservation_outputs/geometry_preservation_rat0313_set0313_dim3_bins5_2026-04-29_07-57-35.npz
rat0313,shuffle_null_mean,0.07333333333333332,,291.0,/Users/Hannah/Programming/data_eyeblink/geometry_preservation_outputs/geometry_preservation_rat0313_set0313_dim3_bins5_2026-04-29_07-57-35.npz
rat0313,shuffle_null_mean,-0.10242424242424242,,292.0,/Users/Hannah/Programming/data_eyeblink/geometry_preservation_outputs/geometry_preservation_rat0313_set0313_dim3_bins5_2026-04-29_07-57-35.npz
rat0313,shuffle_null_mean,0.05757575757575758,,293.0,/Users/Hannah/Programming/data_eyeblink/geometry_preservation_outputs/geometry_preservation_rat0313_set0313_dim3_bins5_2026-04-29_07-57-35.npz
rat0313,shuffle_null_mean,0.05454545454545453,,294.0,/Users/Hannah/Programming/data_eyeblink/geometry_preservation_outputs/geometry_preservation_rat0313_set0313_dim3_bins5_2026-04-29_07-57-35.npz
rat0313,shuffle_null_mean,0.06363636363636364,,295.0,/Users/Hannah/Programming/data_eyeblink/geometry_preservation_outputs/geometry_preservation_rat0313_set0313_dim3_bins5_2026-04-29_07-57-35.npz
rat0313,shuffle_null_mean,0.02545454545454544,,296.0,/Users/Hannah/Programming/data_eyeblink/geometry_preservation_outputs/geometry_preservation_rat0313_set0313_dim3_bins5_2026-04-29_07-57-35.npz
rat0313,shuffle_null_mean,-0.10181818181818181,,297.0,/Users/Hannah/Programming/data_eyeblink/geometry_preservation_outputs/geometry_preservation_rat0313_set0313_dim3_bins5_2026-04-29_07-57-35.npz
rat0313,shuffle_null_mean,-0.00727272727272728,,298.0,/Users/Hannah/Programming/data_eyeblink/geometry_preservation_outputs/geometry_preservation_rat0313_set0313_dim3_bins5_2026-04-29_07-57-35.npz
rat0313,shuffle_null_mean,-0.12121212121212119,,299.0,/Users/Hannah/Programming/data_eyeblink/geometry_preservation_outputs/geometry_preservation_rat0313_set0313_dim3_bins5_2026-04-29_07-57-35.npz
rat0313,shuffle_null_mean,0.02666666666666666,,300.0,/Users/Hannah/Programming/data_eyeblink/geometry_preservation_outputs/geometry_preservation_rat0313_set0313_dim3_bins5_2026-04-29_07-57-35.npz
rat0313,shuffle_null_mean,-0.11878787878787878,,301.0,/Users/Hannah/Programming/data_eyeblink/geometry_preservation_outputs/geometry_preservation_rat0313_set0313_dim3_bins5_2026-04-29_07-57-35.npz
rat0313,shuffle_null_mean,-0.008484848484848501,,302.0,/Users/Hannah/Programming/data_eyeblink/geometry_preservation_outputs/geometry_preservation_rat0313_set0313_dim3_bins5_2026-04-29_07-57-35.npz
rat0313,shuffle_null_mean,0.16909090909090907,,303.0,/Users/Hannah/Programming/data_eyeblink/geometry_preservation_outputs/geometry_preservation_rat0313_set0313_dim3_bins5_2026-04-29_07-57-35.npz
rat0313,shuffle_null_mean,-0.050303030303030294,,304.0,/Users/Hannah/Programming/data_eyeblink/geometry_preservation_outputs/geometry_preservation_rat0313_set0313_dim3_bins5_2026-04-29_07-57-35.npz
rat0313,shuffle_null_mean,0.016363636363636358,,305.0,/Users/Hannah/Programming/data_eyeblink/geometry_preservation_outputs/geometry_preservation_rat0313_set0313_dim3_bins5_2026-04-29_07-57-35.npz
rat0313,shuffle_null_mean,-0.02606060606060607,,306.0,/Users/Hannah/Programming/data_eyeblink/geometry_preservation_outputs/geometry_preservation_rat0313_set0313_dim3_bins5_2026-04-29_07-57-35.npz
rat0313,shuffle_null_mean,0.009090909090909077,,307.0,/Users/Hannah/Programming/data_eyeblink/geometry_preservation_outputs/geometry_preservation_rat0313_set0313_dim3_bins5_2026-04-29_07-57-35.npz
rat0313,shuffle_null_mean,0.10666666666666669,,308.0,/Users/Hannah/Programming/data_eyeblink/geometry_preservation_outputs/geometry_preservation_rat0313_set0313_dim3_bins5_2026-04-29_07-57-35.npz
rat0313,shuffle_null_mean,0.03333333333333334,,309.0,/Users/Hannah/Programming/data_eyeblink/geometry_preservation_outputs/geometry_preservation_rat0313_set0313_dim3_bins5_2026-04-29_07-57-35.npz
rat0313,shuffle_null_mean,-0.048484848484848485,,310.0,/Users/Hannah/Programming/data_eyeblink/geometry_preservation_outputs/geometry_preservation_rat0313_set0313_dim3_bins5_2026-04-29_07-57-35.npz
rat0313,shuffle_null_mean,0.053333333333333344,,311.0,/Users/Hannah/Programming/data_eyeblink/geometry_preservation_outputs/geometry_preservation_rat0313_set0313_dim3_bins5_2026-04-29_07-57-35.npz
rat0313,shuffle_null_mean,-0.04848484848484849,,312.0,/Users/Hannah/Programming/data_eyeblink/geometry_preservation_outputs/geometry_preservation_rat0313_set0313_dim3_bins5_2026-04-29_07-57-35.npz
rat0313,shuffle_null_mean,0.103030303030303,,313.0,/Users/Hannah/Programming/data_eyeblink/geometry_preservation_outputs/geometry_preservation_rat0313_set0313_dim3_bins5_2026-04-29_07-57-35.npz
rat0313,shuffle_null_mean,-0.07696969696969697,,314.0,/Users/Hannah/Programming/data_eyeblink/geometry_preservation_outputs/geometry_preservation_rat0313_set0313_dim3_bins5_2026-04-29_07-57-35.npz
rat0313,shuffle_null_mean,0.030909090909090907,,315.0,/Users/Hannah/Programming/data_eyeblink/geometry_preservation_outputs/geometry_preservation_rat0313_set0313_dim3_bins5_2026-04-29_07-57-35.npz
rat0313,shuffle_null_mean,0.10787878787878787,,316.0,/Users/Hannah/Programming/data_eyeblink/geometry_preservation_outputs/geometry_preservation_rat0313_set0313_dim3_bins5_2026-04-29_07-57-35.npz
rat0313,shuffle_null_mean,0.0806060606060606,,317.0,/Users/Hannah/Programming/data_eyeblink/geometry_preservation_outputs/geometry_preservation_rat0313_set0313_dim3_bins5_2026-04-29_07-57-35.npz
rat0313,shuffle_null_mean,-0.02545454545454546,,318.0,/Users/Hannah/Programming/data_eyeblink/geometry_preservation_outputs/geometry_preservation_rat0313_set0313_dim3_bins5_2026-04-29_07-57-35.npz
rat0313,shuffle_null_mean,0.05515151515151514,,319.0,/Users/Hannah/Programming/data_eyeblink/geometry_preservation_outputs/geometry_preservation_rat0313_set0313_dim3_bins5_2026-04-29_07-57-35.npz
rat0313,shuffle_null_mean,-0.12787878787878787,,320.0,/Users/Hannah/Programming/data_eyeblink/geometry_preservation_outputs/geometry_preservation_rat0313_set0313_dim3_bins5_2026-04-29_07-57-35.npz
rat0313,shuffle_null_mean,-0.18909090909090903,,321.0,/Users/Hannah/Programming/data_eyeblink/geometry_preservation_outputs/geometry_preservation_rat0313_set0313_dim3_bins5_2026-04-29_07-57-35.npz
rat0313,shuffle_null_mean,0.062424242424242424,,322.0,/Users/Hannah/Programming/data_eyeblink/geometry_preservation_outputs/geometry_preservation_rat0313_set0313_dim3_bins5_2026-04-29_07-57-35.npz
rat0313,shuffle_null_mean,-0.11999999999999997,,323.0,/Users/Hannah/Programming/data_eyeblink/geometry_preservation_outputs/geometry_preservation_rat0313_set0313_dim3_bins5_2026-04-29_07-57-35.npz
rat0313,shuffle_null_mean,0.06545454545454543,,324.0,/Users/Hannah/Programming/data_eyeblink/geometry_preservation_outputs/geometry_preservation_rat0313_set0313_dim3_bins5_2026-04-29_07-57-35.npz
rat0313,shuffle_null_mean,0.0006060606060605989,,325.0,/Users/Hannah/Programming/data_eyeblink/geometry_preservation_outputs/geometry_preservation_rat0313_set0313_dim3_bins5_2026-04-29_07-57-35.npz
rat0313,shuffle_null_mean,-0.045454545454545456,,326.0,/Users/Hannah/Programming/data_eyeblink/geometry_preservation_outputs/geometry_preservation_rat0313_set0313_dim3_bins5_2026-04-29_07-57-35.npz
rat0313,shuffle_null_mean,-0.03212121212121211,,327.0,/Users/Hannah/Programming/data_eyeblink/geometry_preservation_outputs/geometry_preservation_rat0313_set0313_dim3_bins5_2026-04-29_07-57-35.npz
rat0313,shuffle_null_mean,-0.08727272727272727,,328.0,/Users/Hannah/Programming/data_eyeblink/geometry_preservation_outputs/geometry_preservation_rat0313_set0313_dim3_bins5_2026-04-29_07-57-35.npz
rat0313,shuffle_null_mean,0.008484848484848472,,329.0,/Users/Hannah/Programming/data_eyeblink/geometry_preservation_outputs/geometry_preservation_rat0313_set0313_dim3_bins5_2026-04-29_07-57-35.npz
rat0313,shuffle_null_mean,0.012121212121212126,,330.0,/Users/Hannah/Programming/data_eyeblink/geometry_preservation_outputs/geometry_preservation_rat0313_set0313_dim3_bins5_2026-04-29_07-57-35.npz
rat0313,shuffle_null_mean,0.023636363636363632,,331.0,/Users/Hannah/Programming/data_eyeblink/geometry_preservation_outputs/geometry_preservation_rat0313_set0313_dim3_bins5_2026-04-29_07-57-35.npz
rat0313,shuffle_null_mean,-0.0496969696969697,,332.0,/Users/Hannah/Programming/data_eyeblink/geometry_preservation_outputs/geometry_preservation_rat0313_set0313_dim3_bins5_2026-04-29_07-57-35.npz
rat0313,shuffle_null_mean,-0.10303030303030303,,333.0,/Users/Hannah/Programming/data_eyeblink/geometry_preservation_outputs/geometry_preservation_rat0313_set0313_dim3_bins5_2026-04-29_07-57-35.npz
rat0313,shuffle_null_mean,0.05454545454545453,,334.0,/Users/Hannah/Programming/data_eyeblink/geometry_preservation_outputs/geometry_preservation_rat0313_set0313_dim3_bins5_2026-04-29_07-57-35.npz
rat0313,shuffle_null_mean,0.006060606060606067,,335.0,/Users/Hannah/Programming/data_eyeblink/geometry_preservation_outputs/geometry_preservation_rat0313_set0313_dim3_bins5_2026-04-29_07-57-35.npz
rat0313,shuffle_null_mean,0.047272727272727265,,336.0,/Users/Hannah/Programming/data_eyeblink/geometry_preservation_outputs/geometry_preservation_rat0313_set0313_dim3_bins5_2026-04-29_07-57-35.npz
rat0313,shuffle_null_mean,0.024848484848484852,,337.0,/Users/Hannah/Programming/data_eyeblink/geometry_preservation_outputs/geometry_preservation_rat0313_set0313_dim3_bins5_2026-04-29_07-57-35.npz
rat0313,shuffle_null_mean,-0.046666666666666655,,338.0,/Users/Hannah/Programming/data_eyeblink/geometry_preservation_outputs/geometry_preservation_rat0313_set0313_dim3_bins5_2026-04-29_07-57-35.npz
rat0313,shuffle_null_mean,-0.004242424242424239,,339.0,/Users/Hannah/Programming/data_eyeblink/geometry_preservation_outputs/geometry_preservation_rat0313_set0313_dim3_bins5_2026-04-29_07-57-35.npz
rat0313,shuffle_null_mean,0.11393939393939392,,340.0,/Users/Hannah/Programming/data_eyeblink/geometry_preservation_outputs/geometry_preservation_rat0313_set0313_dim3_bins5_2026-04-29_07-57-35.npz
rat0313,shuffle_null_mean,-0.10060606060606059,,341.0,/Users/Hannah/Programming/data_eyeblink/geometry_preservation_outputs/geometry_preservation_rat0313_set0313_dim3_bins5_2026-04-29_07-57-35.npz
rat0313,shuffle_null_mean,0.06848484848484848,,342.0,/Users/Hannah/Programming/data_eyeblink/geometry_preservation_outputs/geometry_preservation_rat0313_set0313_dim3_bins5_2026-04-29_07-57-35.npz
rat0313,shuffle_null_mean,0.03939393939393939,,343.0,/Users/Hannah/Programming/data_eyeblink/geometry_preservation_outputs/geometry_preservation_rat0313_set0313_dim3_bins5_2026-04-29_07-57-35.npz
rat0313,shuffle_null_mean,-0.06969696969696969,,344.0,/Users/Hannah/Programming/data_eyeblink/geometry_preservation_outputs/geometry_preservation_rat0313_set0313_dim3_bins5_2026-04-29_07-57-35.npz
rat0313,shuffle_null_mean,0.06848484848484848,,345.0,/Users/Hannah/Programming/data_eyeblink/geometry_preservation_outputs/geometry_preservation_rat0313_set0313_dim3_bins5_2026-04-29_07-57-35.npz
rat0313,shuffle_null_mean,-0.05878787878787879,,346.0,/Users/Hannah/Programming/data_eyeblink/geometry_preservation_outputs/geometry_preservation_rat0313_set0313_dim3_bins5_2026-04-29_07-57-35.npz
rat0313,shuffle_null_mean,-0.039999999999999994,,347.0,/Users/Hannah/Programming/data_eyeblink/geometry_preservation_outputs/geometry_preservation_rat0313_set0313_dim3_bins5_2026-04-29_07-57-35.npz
rat0313,shuffle_null_mean,0.026060606060606055,,348.0,/Users/Hannah/Programming/data_eyeblink/geometry_preservation_outputs/geometry_preservation_rat0313_set0313_dim3_bins5_2026-04-29_07-57-35.npz
rat0313,shuffle_null_mean,-0.00606060606060607,,349.0,/Users/Hannah/Programming/data_eyeblink/geometry_preservation_outputs/geometry_preservation_rat0313_set0313_dim3_bins5_2026-04-29_07-57-35.npz
rat0313,shuffle_null_mean,-0.12424242424242427,,350.0,/Users/Hannah/Programming/data_eyeblink/geometry_preservation_outputs/geometry_preservation_rat0313_set0313_dim3_bins5_2026-04-29_07-57-35.npz
rat0313,shuffle_null_mean,-0.10424242424242425,,351.0,/Users/Hannah/Programming/data_eyeblink/geometry_preservation_outputs/geometry_preservation_rat0313_set0313_dim3_bins5_2026-04-29_07-57-35.npz
rat0313,shuffle_null_mean,0.006666666666666664,,352.0,/Users/Hannah/Programming/data_eyeblink/geometry_preservation_outputs/geometry_preservation_rat0313_set0313_dim3_bins5_2026-04-29_07-57-35.npz
rat0313,shuffle_null_mean,0.003636363636363632,,353.0,/Users/Hannah/Programming/data_eyeblink/geometry_preservation_outputs/geometry_preservation_rat0313_set0313_dim3_bins5_2026-04-29_07-57-35.npz
rat0313,shuffle_null_mean,0.07818181818181817,,354.0,/Users/Hannah/Programming/data_eyeblink/geometry_preservation_outputs/geometry_preservation_rat0313_set0313_dim3_bins5_2026-04-29_07-57-35.npz
rat0313,shuffle_null_mean,0.03939393939393939,,355.0,/Users/Hannah/Programming/data_eyeblink/geometry_preservation_outputs/geometry_preservation_rat0313_set0313_dim3_bins5_2026-04-29_07-57-35.npz
rat0313,shuffle_null_mean,0.021818181818181806,,356.0,/Users/Hannah/Programming/data_eyeblink/geometry_preservation_outputs/geometry_preservation_rat0313_set0313_dim3_bins5_2026-04-29_07-57-35.npz
rat0313,shuffle_null_mean,-0.032727272727272716,,357.0,/Users/Hannah/Programming/data_eyeblink/geometry_preservation_outputs/geometry_preservation_rat0313_set0313_dim3_bins5_2026-04-29_07-57-35.npz
rat0313,shuffle_null_mean,-0.015757575757575748,,358.0,/Users/Hannah/Programming/data_eyeblink/geometry_preservation_outputs/geometry_preservation_rat0313_set0313_dim3_bins5_2026-04-29_07-57-35.npz
rat0313,shuffle_null_mean,0.01818181818181819,,359.0,/Users/Hannah/Programming/data_eyeblink/geometry_preservation_outputs/geometry_preservation_rat0313_set0313_dim3_bins5_2026-04-29_07-57-35.npz
rat0313,shuffle_null_mean,0.1321212121212121,,360.0,/Users/Hannah/Programming/data_eyeblink/geometry_preservation_outputs/geometry_preservation_rat0313_set0313_dim3_bins5_2026-04-29_07-57-35.npz
rat0313,shuffle_null_mean,-0.08484848484848484,,361.0,/Users/Hannah/Programming/data_eyeblink/geometry_preservation_outputs/geometry_preservation_rat0313_set0313_dim3_bins5_2026-04-29_07-57-35.npz
rat0313,shuffle_null_mean,-0.05878787878787878,,362.0,/Users/Hannah/Programming/data_eyeblink/geometry_preservation_outputs/geometry_preservation_rat0313_set0313_dim3_bins5_2026-04-29_07-57-35.npz
rat0313,shuffle_null_mean,-0.11818181818181817,,363.0,/Users/Hannah/Programming/data_eyeblink/geometry_preservation_outputs/geometry_preservation_rat0313_set0313_dim3_bins5_2026-04-29_07-57-35.npz
rat0313,shuffle_null_mean,0.016969696969696975,,364.0,/Users/Hannah/Programming/data_eyeblink/geometry_preservation_outputs/geometry_preservation_rat0313_set0313_dim3_bins5_2026-04-29_07-57-35.npz
rat0313,shuffle_null_mean,0.07212121212121211,,365.0,/Users/Hannah/Programming/data_eyeblink/geometry_preservation_outputs/geometry_preservation_rat0313_set0313_dim3_bins5_2026-04-29_07-57-35.npz
rat0313,shuffle_null_mean,0.06606060606060606,,366.0,/Users/Hannah/Programming/data_eyeblink/geometry_preservation_outputs/geometry_preservation_rat0313_set0313_dim3_bins5_2026-04-29_07-57-35.npz
rat0313,shuffle_null_mean,-0.08303030303030302,,367.0,/Users/Hannah/Programming/data_eyeblink/geometry_preservation_outputs/geometry_preservation_rat0313_set0313_dim3_bins5_2026-04-29_07-57-35.npz
rat0313,shuffle_null_mean,0.03515151515151514,,368.0,/Users/Hannah/Programming/data_eyeblink/geometry_preservation_outputs/geometry_preservation_rat0313_set0313_dim3_bins5_2026-04-29_07-57-35.npz
rat0313,shuffle_null_mean,0.0903030303030303,,369.0,/Users/Hannah/Programming/data_eyeblink/geometry_preservation_outputs/geometry_preservation_rat0313_set0313_dim3_bins5_2026-04-29_07-57-35.npz
rat0313,shuffle_null_mean,0.0018181818181818112,,370.0,/Users/Hannah/Programming/data_eyeblink/geometry_preservation_outputs/geometry_preservation_rat0313_set0313_dim3_bins5_2026-04-29_07-57-35.npz
rat0313,shuffle_null_mean,-0.0042424242424242455,,371.0,/Users/Hannah/Programming/data_eyeblink/geometry_preservation_outputs/geometry_preservation_rat0313_set0313_dim3_bins5_2026-04-29_07-57-35.npz
rat0313,shuffle_null_mean,0.02484848484848485,,372.0,/Users/Hannah/Programming/data_eyeblink/geometry_preservation_outputs/geometry_preservation_rat0313_set0313_dim3_bins5_2026-04-29_07-57-35.npz
rat0313,shuffle_null_mean,-0.07818181818181819,,373.0,/Users/Hannah/Programming/data_eyeblink/geometry_preservation_outputs/geometry_preservation_rat0313_set0313_dim3_bins5_2026-04-29_07-57-35.npz
rat0313,shuffle_null_mean,0.03878787878787878,,374.0,/Users/Hannah/Programming/data_eyeblink/geometry_preservation_outputs/geometry_preservation_rat0313_set0313_dim3_bins5_2026-04-29_07-57-35.npz
rat0313,shuffle_null_mean,-0.007878787878787877,,375.0,/Users/Hannah/Programming/data_eyeblink/geometry_preservation_outputs/geometry_preservation_rat0313_set0313_dim3_bins5_2026-04-29_07-57-35.npz
rat0313,shuffle_null_mean,-0.02242424242424243,,376.0,/Users/Hannah/Programming/data_eyeblink/geometry_preservation_outputs/geometry_preservation_rat0313_set0313_dim3_bins5_2026-04-29_07-57-35.npz
rat0313,shuffle_null_mean,-0.04242424242424243,,377.0,/Users/Hannah/Programming/data_eyeblink/geometry_preservation_outputs/geometry_preservation_rat0313_set0313_dim3_bins5_2026-04-29_07-57-35.npz
rat0313,shuffle_null_mean,0.007878787878787888,,378.0,/Users/Hannah/Programming/data_eyeblink/geometry_preservation_outputs/geometry_preservation_rat0313_set0313_dim3_bins5_2026-04-29_07-57-35.npz
rat0313,shuffle_null_mean,-0.06848484848484848,,379.0,/Users/Hannah/Programming/data_eyeblink/geometry_preservation_outputs/geometry_preservation_rat0313_set0313_dim3_bins5_2026-04-29_07-57-35.npz
rat0313,shuffle_null_mean,0.004848484848484842,,380.0,/Users/Hannah/Programming/data_eyeblink/geometry_preservation_outputs/geometry_preservation_rat0313_set0313_dim3_bins5_2026-04-29_07-57-35.npz
rat0313,shuffle_null_mean,-0.012121212121212121,,381.0,/Users/Hannah/Programming/data_eyeblink/geometry_preservation_outputs/geometry_preservation_rat0313_set0313_dim3_bins5_2026-04-29_07-57-35.npz
rat0313,shuffle_null_mean,-0.044242424242424236,,382.0,/Users/Hannah/Programming/data_eyeblink/geometry_preservation_outputs/geometry_preservation_rat0313_set0313_dim3_bins5_2026-04-29_07-57-35.npz
rat0313,shuffle_null_mean,-0.025454545454545452,,383.0,/Users/Hannah/Programming/data_eyeblink/geometry_preservation_outputs/geometry_preservation_rat0313_set0313_dim3_bins5_2026-04-29_07-57-35.npz
rat0313,shuffle_null_mean,-0.035151515151515135,,384.0,/Users/Hannah/Programming/data_eyeblink/geometry_preservation_outputs/geometry_preservation_rat0313_set0313_dim3_bins5_2026-04-29_07-57-35.npz
rat0313,shuffle_null_mean,-0.044242424242424236,,385.0,/Users/Hannah/Programming/data_eyeblink/geometry_preservation_outputs/geometry_preservation_rat0313_set0313_dim3_bins5_2026-04-29_07-57-35.npz
rat0313,shuffle_null_mean,0.0515151515151515,,386.0,/Users/Hannah/Programming/data_eyeblink/geometry_preservation_outputs/geometry_preservation_rat0313_set0313_dim3_bins5_2026-04-29_07-57-35.npz
rat0313,shuffle_null_mean,0.05272727272727272,,387.0,/Users/Hannah/Programming/data_eyeblink/geometry_preservation_outputs/geometry_preservation_rat0313_set0313_dim3_bins5_2026-04-29_07-57-35.npz
rat0313,shuffle_null_mean,-0.06545454545454545,,388.0,/Users/Hannah/Programming/data_eyeblink/geometry_preservation_outputs/geometry_preservation_rat0313_set0313_dim3_bins5_2026-04-29_07-57-35.npz
rat0313,shuffle_null_mean,-0.11696969696969697,,389.0,/Users/Hannah/Programming/data_eyeblink/geometry_preservation_outputs/geometry_preservation_rat0313_set0313_dim3_bins5_2026-04-29_07-57-35.npz
rat0313,shuffle_null_mean,0.021212121212121217,,390.0,/Users/Hannah/Programming/data_eyeblink/geometry_preservation_outputs/geometry_preservation_rat0313_set0313_dim3_bins5_2026-04-29_07-57-35.npz
rat0313,shuffle_null_mean,0.12787878787878787,,391.0,/Users/Hannah/Programming/data_eyeblink/geometry_preservation_outputs/geometry_preservation_rat0313_set0313_dim3_bins5_2026-04-29_07-57-35.npz
rat0313,shuffle_null_mean,0.013939393939393946,,392.0,/Users/Hannah/Programming/data_eyeblink/geometry_preservation_outputs/geometry_preservation_rat0313_set0313_dim3_bins5_2026-04-29_07-57-35.npz
rat0313,shuffle_null_mean,-0.09878787878787879,,393.0,/Users/Hannah/Programming/data_eyeblink/geometry_preservation_outputs/geometry_preservation_rat0313_set0313_dim3_bins5_2026-04-29_07-57-35.npz
rat0313,shuffle_null_mean,0.039999999999999994,,394.0,/Users/Hannah/Programming/data_eyeblink/geometry_preservation_outputs/geometry_preservation_rat0313_set0313_dim3_bins5_2026-04-29_07-57-35.npz
rat0313,shuffle_null_mean,-0.00060606060606061,,395.0,/Users/Hannah/Programming/data_eyeblink/geometry_preservation_outputs/geometry_preservation_rat0313_set0313_dim3_bins5_2026-04-29_07-57-35.npz
rat0313,shuffle_null_mean,-0.13818181818181813,,396.0,/Users/Hannah/Programming/data_eyeblink/geometry_preservation_outputs/geometry_preservation_rat0313_set0313_dim3_bins5_2026-04-29_07-57-35.npz
rat0313,shuffle_null_mean,-0.006666666666666668,,397.0,/Users/Hannah/Programming/data_eyeblink/geometry_preservation_outputs/geometry_preservation_rat0313_set0313_dim3_bins5_2026-04-29_07-57-35.npz
rat0313,shuffle_null_mean,0.01575757575757575,,398.0,/Users/Hannah/Programming/data_eyeblink/geometry_preservation_outputs/geometry_preservation_rat0313_set0313_dim3_bins5_2026-04-29_07-57-35.npz
rat0313,shuffle_null_mean,-0.005454545454545457,,399.0,/Users/Hannah/Programming/data_eyeblink/geometry_preservation_outputs/geometry_preservation_rat0313_set0313_dim3_bins5_2026-04-29_07-57-35.npz
rat0313,shuffle_null_mean,0.018787878787878777,,400.0,/Users/Hannah/Programming/data_eyeblink/geometry_preservation_outputs/geometry_preservation_rat0313_set0313_dim3_bins5_2026-04-29_07-57-35.npz
rat0313,shuffle_null_mean,-0.09515151515151513,,401.0,/Users/Hannah/Programming/data_eyeblink/geometry_preservation_outputs/geometry_preservation_rat0313_set0313_dim3_bins5_2026-04-29_07-57-35.npz
rat0313,shuffle_null_mean,0.059999999999999984,,402.0,/Users/Hannah/Programming/data_eyeblink/geometry_preservation_outputs/geometry_preservation_rat0313_set0313_dim3_bins5_2026-04-29_07-57-35.npz
rat0313,shuffle_null_mean,0.04060606060606061,,403.0,/Users/Hannah/Programming/data_eyeblink/geometry_preservation_outputs/geometry_preservation_rat0313_set0313_dim3_bins5_2026-04-29_07-57-35.npz
rat0313,shuffle_null_mean,0.007878787878787881,,404.0,/Users/Hannah/Programming/data_eyeblink/geometry_preservation_outputs/geometry_preservation_rat0313_set0313_dim3_bins5_2026-04-29_07-57-35.npz
rat0313,shuffle_null_mean,0.08545454545454546,,405.0,/Users/Hannah/Programming/data_eyeblink/geometry_preservation_outputs/geometry_preservation_rat0313_set0313_dim3_bins5_2026-04-29_07-57-35.npz
rat0313,shuffle_null_mean,0.05878787878787878,,406.0,/Users/Hannah/Programming/data_eyeblink/geometry_preservation_outputs/geometry_preservation_rat0313_set0313_dim3_bins5_2026-04-29_07-57-35.npz
rat0313,shuffle_null_mean,0.11151515151515153,,407.0,/Users/Hannah/Programming/data_eyeblink/geometry_preservation_outputs/geometry_preservation_rat0313_set0313_dim3_bins5_2026-04-29_07-57-35.npz
rat0313,shuffle_null_mean,0.029696969696969687,,408.0,/Users/Hannah/Programming/data_eyeblink/geometry_preservation_outputs/geometry_preservation_rat0313_set0313_dim3_bins5_2026-04-29_07-57-35.npz
rat0313,shuffle_null_mean,-0.007878787878787891,,409.0,/Users/Hannah/Programming/data_eyeblink/geometry_preservation_outputs/geometry_preservation_rat0313_set0313_dim3_bins5_2026-04-29_07-57-35.npz
rat0313,shuffle_null_mean,-0.023030303030303016,,410.0,/Users/Hannah/Programming/data_eyeblink/geometry_preservation_outputs/geometry_preservation_rat0313_set0313_dim3_bins5_2026-04-29_07-57-35.npz
rat0313,shuffle_null_mean,0.06303030303030302,,411.0,/Users/Hannah/Programming/data_eyeblink/geometry_preservation_outputs/geometry_preservation_rat0313_set0313_dim3_bins5_2026-04-29_07-57-35.npz
rat0313,shuffle_null_mean,-0.01818181818181818,,412.0,/Users/Hannah/Programming/data_eyeblink/geometry_preservation_outputs/geometry_preservation_rat0313_set0313_dim3_bins5_2026-04-29_07-57-35.npz
rat0313,shuffle_null_mean,-0.07515151515151514,,413.0,/Users/Hannah/Programming/data_eyeblink/geometry_preservation_outputs/geometry_preservation_rat0313_set0313_dim3_bins5_2026-04-29_07-57-35.npz
rat0313,shuffle_null_mean,-0.06363636363636363,,414.0,/Users/Hannah/Programming/data_eyeblink/geometry_preservation_outputs/geometry_preservation_rat0313_set0313_dim3_bins5_2026-04-29_07-57-35.npz
rat0313,shuffle_null_mean,-0.006060606060606049,,415.0,/Users/Hannah/Programming/data_eyeblink/geometry_preservation_outputs/geometry_preservation_rat0313_set0313_dim3_bins5_2026-04-29_07-57-35.npz
rat0313,shuffle_null_mean,-0.04666666666666667,,416.0,/Users/Hannah/Programming/data_eyeblink/geometry_preservation_outputs/geometry_preservation_rat0313_set0313_dim3_bins5_2026-04-29_07-57-35.npz
rat0313,shuffle_null_mean,-0.0593939393939394,,417.0,/Users/Hannah/Programming/data_eyeblink/geometry_preservation_outputs/geometry_preservation_rat0313_set0313_dim3_bins5_2026-04-29_07-57-35.npz
rat0313,shuffle_null_mean,-0.0018181818181818095,,418.0,/Users/Hannah/Programming/data_eyeblink/geometry_preservation_outputs/geometry_preservation_rat0313_set0313_dim3_bins5_2026-04-29_07-57-35.npz
rat0313,shuffle_null_mean,0.10484848484848486,,419.0,/Users/Hannah/Programming/data_eyeblink/geometry_preservation_outputs/geometry_preservation_rat0313_set0313_dim3_bins5_2026-04-29_07-57-35.npz
rat0313,shuffle_null_mean,0.01454545454545455,,420.0,/Users/Hannah/Programming/data_eyeblink/geometry_preservation_outputs/geometry_preservation_rat0313_set0313_dim3_bins5_2026-04-29_07-57-35.npz
rat0313,shuffle_null_mean,-0.09575757575757575,,421.0,/Users/Hannah/Programming/data_eyeblink/geometry_preservation_outputs/geometry_preservation_rat0313_set0313_dim3_bins5_2026-04-29_07-57-35.npz
rat0313,shuffle_null_mean,-0.08666666666666666,,422.0,/Users/Hannah/Programming/data_eyeblink/geometry_preservation_outputs/geometry_preservation_rat0313_set0313_dim3_bins5_2026-04-29_07-57-35.npz
rat0313,shuffle_null_mean,-0.02545454545454547,,423.0,/Users/Hannah/Programming/data_eyeblink/geometry_preservation_outputs/geometry_preservation_rat0313_set0313_dim3_bins5_2026-04-29_07-57-35.npz
rat0313,shuffle_null_mean,0.04484848484848483,,424.0,/Users/Hannah/Programming/data_eyeblink/geometry_preservation_outputs/geometry_preservation_rat0313_set0313_dim3_bins5_2026-04-29_07-57-35.npz
rat0313,shuffle_null_mean,0.06363636363636363,,425.0,/Users/Hannah/Programming/data_eyeblink/geometry_preservation_outputs/geometry_preservation_rat0313_set0313_dim3_bins5_2026-04-29_07-57-35.npz
rat0313,shuffle_null_mean,-0.030303030303030297,,426.0,/Users/Hannah/Programming/data_eyeblink/geometry_preservation_outputs/geometry_preservation_rat0313_set0313_dim3_bins5_2026-04-29_07-57-35.npz
rat0313,shuffle_null_mean,0.038181818181818185,,427.0,/Users/Hannah/Programming/data_eyeblink/geometry_preservation_outputs/geometry_preservation_rat0313_set0313_dim3_bins5_2026-04-29_07-57-35.npz
rat0313,shuffle_null_mean,0.1733333333333333,,428.0,/Users/Hannah/Programming/data_eyeblink/geometry_preservation_outputs/geometry_preservation_rat0313_set0313_dim3_bins5_2026-04-29_07-57-35.npz
rat0313,shuffle_null_mean,-0.044242424242424236,,429.0,/Users/Hannah/Programming/data_eyeblink/geometry_preservation_outputs/geometry_preservation_rat0313_set0313_dim3_bins5_2026-04-29_07-57-35.npz
rat0313,shuffle_null_mean,0.034545454545454546,,430.0,/Users/Hannah/Programming/data_eyeblink/geometry_preservation_outputs/geometry_preservation_rat0313_set0313_dim3_bins5_2026-04-29_07-57-35.npz
rat0313,shuffle_null_mean,-0.050909090909090904,,431.0,/Users/Hannah/Programming/data_eyeblink/geometry_preservation_outputs/geometry_preservation_rat0313_set0313_dim3_bins5_2026-04-29_07-57-35.npz
rat0313,shuffle_null_mean,0.014545454545454528,,432.0,/Users/Hannah/Programming/data_eyeblink/geometry_preservation_outputs/geometry_preservation_rat0313_set0313_dim3_bins5_2026-04-29_07-57-35.npz
rat0313,shuffle_null_mean,-0.010909090909090906,,433.0,/Users/Hannah/Programming/data_eyeblink/geometry_preservation_outputs/geometry_preservation_rat0313_set0313_dim3_bins5_2026-04-29_07-57-35.npz
rat0313,shuffle_null_mean,0.1387878787878788,,434.0,/Users/Hannah/Programming/data_eyeblink/geometry_preservation_outputs/geometry_preservation_rat0313_set0313_dim3_bins5_2026-04-29_07-57-35.npz
rat0313,shuffle_null_mean,0.1,,435.0,/Users/Hannah/Programming/data_eyeblink/geometry_preservation_outputs/geometry_preservation_rat0313_set0313_dim3_bins5_2026-04-29_07-57-35.npz
rat0313,shuffle_null_mean,0.05818181818181818,,436.0,/Users/Hannah/Programming/data_eyeblink/geometry_preservation_outputs/geometry_preservation_rat0313_set0313_dim3_bins5_2026-04-29_07-57-35.npz
rat0313,shuffle_null_mean,0.046666666666666655,,437.0,/Users/Hannah/Programming/data_eyeblink/geometry_preservation_outputs/geometry_preservation_rat0313_set0313_dim3_bins5_2026-04-29_07-57-35.npz
rat0313,shuffle_null_mean,-0.05515151515151516,,438.0,/Users/Hannah/Programming/data_eyeblink/geometry_preservation_outputs/geometry_preservation_rat0313_set0313_dim3_bins5_2026-04-29_07-57-35.npz
rat0313,shuffle_null_mean,-0.03393939393939393,,439.0,/Users/Hannah/Programming/data_eyeblink/geometry_preservation_outputs/geometry_preservation_rat0313_set0313_dim3_bins5_2026-04-29_07-57-35.npz
rat0313,shuffle_null_mean,0.015151515151515138,,440.0,/Users/Hannah/Programming/data_eyeblink/geometry_preservation_outputs/geometry_preservation_rat0313_set0313_dim3_bins5_2026-04-29_07-57-35.npz
rat0313,shuffle_null_mean,0.030303030303030293,,441.0,/Users/Hannah/Programming/data_eyeblink/geometry_preservation_outputs/geometry_preservation_rat0313_set0313_dim3_bins5_2026-04-29_07-57-35.npz
rat0313,shuffle_null_mean,0.012121212121212126,,442.0,/Users/Hannah/Programming/data_eyeblink/geometry_preservation_outputs/geometry_preservation_rat0313_set0313_dim3_bins5_2026-04-29_07-57-35.npz
rat0313,shuffle_null_mean,-0.06303030303030302,,443.0,/Users/Hannah/Programming/data_eyeblink/geometry_preservation_outputs/geometry_preservation_rat0313_set0313_dim3_bins5_2026-04-29_07-57-35.npz
rat0313,shuffle_null_mean,0.08666666666666666,,444.0,/Users/Hannah/Programming/data_eyeblink/geometry_preservation_outputs/geometry_preservation_rat0313_set0313_dim3_bins5_2026-04-29_07-57-35.npz
rat0313,shuffle_null_mean,0.05575757575757575,,445.0,/Users/Hannah/Programming/data_eyeblink/geometry_preservation_outputs/geometry_preservation_rat0313_set0313_dim3_bins5_2026-04-29_07-57-35.npz
rat0313,shuffle_null_mean,-0.10181818181818181,,446.0,/Users/Hannah/Programming/data_eyeblink/geometry_preservation_outputs/geometry_preservation_rat0313_set0313_dim3_bins5_2026-04-29_07-57-35.npz
rat0313,shuffle_null_mean,0.028484848484848484,,447.0,/Users/Hannah/Programming/data_eyeblink/geometry_preservation_outputs/geometry_preservation_rat0313_set0313_dim3_bins5_2026-04-29_07-57-35.npz
rat0313,shuffle_null_mean,0.07212121212121211,,448.0,/Users/Hannah/Programming/data_eyeblink/geometry_preservation_outputs/geometry_preservation_rat0313_set0313_dim3_bins5_2026-04-29_07-57-35.npz
rat0313,shuffle_null_mean,-0.04787878787878787,,449.0,/Users/Hannah/Programming/data_eyeblink/geometry_preservation_outputs/geometry_preservation_rat0313_set0313_dim3_bins5_2026-04-29_07-57-35.npz
rat0313,shuffle_null_mean,0.062424242424242424,,450.0,/Users/Hannah/Programming/data_eyeblink/geometry_preservation_outputs/geometry_preservation_rat0313_set0313_dim3_bins5_2026-04-29_07-57-35.npz
rat0313,shuffle_null_mean,-0.08969696969696969,,451.0,/Users/Hannah/Programming/data_eyeblink/geometry_preservation_outputs/geometry_preservation_rat0313_set0313_dim3_bins5_2026-04-29_07-57-35.npz
rat0313,shuffle_null_mean,0.05333333333333333,,452.0,/Users/Hannah/Programming/data_eyeblink/geometry_preservation_outputs/geometry_preservation_rat0313_set0313_dim3_bins5_2026-04-29_07-57-35.npz
rat0313,shuffle_null_mean,0.0781818181818182,,453.0,/Users/Hannah/Programming/data_eyeblink/geometry_preservation_outputs/geometry_preservation_rat0313_set0313_dim3_bins5_2026-04-29_07-57-35.npz
rat0313,shuffle_null_mean,0.05090909090909089,,454.0,/Users/Hannah/Programming/data_eyeblink/geometry_preservation_outputs/geometry_preservation_rat0313_set0313_dim3_bins5_2026-04-29_07-57-35.npz
rat0313,shuffle_null_mean,0.027272727272727254,,455.0,/Users/Hannah/Programming/data_eyeblink/geometry_preservation_outputs/geometry_preservation_rat0313_set0313_dim3_bins5_2026-04-29_07-57-35.npz
rat0313,shuffle_null_mean,-0.09272727272727274,,456.0,/Users/Hannah/Programming/data_eyeblink/geometry_preservation_outputs/geometry_preservation_rat0313_set0313_dim3_bins5_2026-04-29_07-57-35.npz
rat0313,shuffle_null_mean,-0.019999999999999997,,457.0,/Users/Hannah/Programming/data_eyeblink/geometry_preservation_outputs/geometry_preservation_rat0313_set0313_dim3_bins5_2026-04-29_07-57-35.npz
rat0313,shuffle_null_mean,0.05696969696969696,,458.0,/Users/Hannah/Programming/data_eyeblink/geometry_preservation_outputs/geometry_preservation_rat0313_set0313_dim3_bins5_2026-04-29_07-57-35.npz
rat0313,shuffle_null_mean,0.01151515151515152,,459.0,/Users/Hannah/Programming/data_eyeblink/geometry_preservation_outputs/geometry_preservation_rat0313_set0313_dim3_bins5_2026-04-29_07-57-35.npz
rat0313,shuffle_null_mean,-0.10121212121212123,,460.0,/Users/Hannah/Programming/data_eyeblink/geometry_preservation_outputs/geometry_preservation_rat0313_set0313_dim3_bins5_2026-04-29_07-57-35.npz
rat0313,shuffle_null_mean,0.07454545454545454,,461.0,/Users/Hannah/Programming/data_eyeblink/geometry_preservation_outputs/geometry_preservation_rat0313_set0313_dim3_bins5_2026-04-29_07-57-35.npz
rat0313,shuffle_null_mean,-0.08727272727272731,,462.0,/Users/Hannah/Programming/data_eyeblink/geometry_preservation_outputs/geometry_preservation_rat0313_set0313_dim3_bins5_2026-04-29_07-57-35.npz
rat0313,shuffle_null_mean,-0.0909090909090909,,463.0,/Users/Hannah/Programming/data_eyeblink/geometry_preservation_outputs/geometry_preservation_rat0313_set0313_dim3_bins5_2026-04-29_07-57-35.npz
rat0313,shuffle_null_mean,-0.010909090909090896,,464.0,/Users/Hannah/Programming/data_eyeblink/geometry_preservation_outputs/geometry_preservation_rat0313_set0313_dim3_bins5_2026-04-29_07-57-35.npz
rat0313,shuffle_null_mean,0.08787878787878786,,465.0,/Users/Hannah/Programming/data_eyeblink/geometry_preservation_outputs/geometry_preservation_rat0313_set0313_dim3_bins5_2026-04-29_07-57-35.npz
rat0313,shuffle_null_mean,-0.13757575757575755,,466.0,/Users/Hannah/Programming/data_eyeblink/geometry_preservation_outputs/geometry_preservation_rat0313_set0313_dim3_bins5_2026-04-29_07-57-35.npz
rat0313,shuffle_null_mean,-0.16969696969696968,,467.0,/Users/Hannah/Programming/data_eyeblink/geometry_preservation_outputs/geometry_preservation_rat0313_set0313_dim3_bins5_2026-04-29_07-57-35.npz
rat0313,shuffle_null_mean,-0.028484848484848484,,468.0,/Users/Hannah/Programming/data_eyeblink/geometry_preservation_outputs/geometry_preservation_rat0313_set0313_dim3_bins5_2026-04-29_07-57-35.npz
rat0313,shuffle_null_mean,-0.050909090909090904,,469.0,/Users/Hannah/Programming/data_eyeblink/geometry_preservation_outputs/geometry_preservation_rat0313_set0313_dim3_bins5_2026-04-29_07-57-35.npz
rat0313,shuffle_null_mean,-0.08181818181818182,,470.0,/Users/Hannah/Programming/data_eyeblink/geometry_preservation_outputs/geometry_preservation_rat0313_set0313_dim3_bins5_2026-04-29_07-57-35.npz
rat0313,shuffle_null_mean,-0.048484848484848485,,471.0,/Users/Hannah/Programming/data_eyeblink/geometry_preservation_outputs/geometry_preservation_rat0313_set0313_dim3_bins5_2026-04-29_07-57-35.npz
rat0313,shuffle_null_mean,-0.044848484848484846,,472.0,/Users/Hannah/Programming/data_eyeblink/geometry_preservation_outputs/geometry_preservation_rat0313_set0313_dim3_bins5_2026-04-29_07-57-35.npz
rat0313,shuffle_null_mean,-0.12303030303030302,,473.0,/Users/Hannah/Programming/data_eyeblink/geometry_preservation_outputs/geometry_preservation_rat0313_set0313_dim3_bins5_2026-04-29_07-57-35.npz
rat0313,shuffle_null_mean,-0.1654545454545454,,474.0,/Users/Hannah/Programming/data_eyeblink/geometry_preservation_outputs/geometry_preservation_rat0313_set0313_dim3_bins5_2026-04-29_07-57-35.npz
rat0313,shuffle_null_mean,-0.020606060606060597,,475.0,/Users/Hannah/Programming/data_eyeblink/geometry_preservation_outputs/geometry_preservation_rat0313_set0313_dim3_bins5_2026-04-29_07-57-35.npz
rat0313,shuffle_null_mean,-0.05333333333333333,,476.0,/Users/Hannah/Programming/data_eyeblink/geometry_preservation_outputs/geometry_preservation_rat0313_set0313_dim3_bins5_2026-04-29_07-57-35.npz
rat0313,shuffle_null_mean,0.07878787878787878,,477.0,/Users/Hannah/Programming/data_eyeblink/geometry_preservation_outputs/geometry_preservation_rat0313_set0313_dim3_bins5_2026-04-29_07-57-35.npz
rat0313,shuffle_null_mean,-0.08121212121212122,,478.0,/Users/Hannah/Programming/data_eyeblink/geometry_preservation_outputs/geometry_preservation_rat0313_set0313_dim3_bins5_2026-04-29_07-57-35.npz
rat0313,shuffle_null_mean,0.1103030303030303,,479.0,/Users/Hannah/Programming/data_eyeblink/geometry_preservation_outputs/geometry_preservation_rat0313_set0313_dim3_bins5_2026-04-29_07-57-35.npz
rat0313,shuffle_null_mean,0.026060606060606072,,480.0,/Users/Hannah/Programming/data_eyeblink/geometry_preservation_outputs/geometry_preservation_rat0313_set0313_dim3_bins5_2026-04-29_07-57-35.npz
rat0313,shuffle_null_mean,0.012121212121212118,,481.0,/Users/Hannah/Programming/data_eyeblink/geometry_preservation_outputs/geometry_preservation_rat0313_set0313_dim3_bins5_2026-04-29_07-57-35.npz
rat0313,shuffle_null_mean,0.032727272727272716,,482.0,/Users/Hannah/Programming/data_eyeblink/geometry_preservation_outputs/geometry_preservation_rat0313_set0313_dim3_bins5_2026-04-29_07-57-35.npz
rat0313,shuffle_null_mean,0.006060606060606061,,483.0,/Users/Hannah/Programming/data_eyeblink/geometry_preservation_outputs/geometry_preservation_rat0313_set0313_dim3_bins5_2026-04-29_07-57-35.npz
rat0313,shuffle_null_mean,-0.030909090909090903,,484.0,/Users/Hannah/Programming/data_eyeblink/geometry_preservation_outputs/geometry_preservation_rat0313_set0313_dim3_bins5_2026-04-29_07-57-35.npz
rat0313,shuffle_null_mean,-0.13696969696969694,,485.0,/Users/Hannah/Programming/data_eyeblink/geometry_preservation_outputs/geometry_preservation_rat0313_set0313_dim3_bins5_2026-04-29_07-57-35.npz
rat0313,shuffle_null_mean,0.02606060606060605,,486.0,/Users/Hannah/Programming/data_eyeblink/geometry_preservation_outputs/geometry_preservation_rat0313_set0313_dim3_bins5_2026-04-29_07-57-35.npz
rat0313,shuffle_null_mean,0.03878787878787878,,487.0,/Users/Hannah/Programming/data_eyeblink/geometry_preservation_outputs/geometry_preservation_rat0313_set0313_dim3_bins5_2026-04-29_07-57-35.npz
rat0313,shuffle_null_mean,-0.04909090909090908,,488.0,/Users/Hannah/Programming/data_eyeblink/geometry_preservation_outputs/geometry_preservation_rat0313_set0313_dim3_bins5_2026-04-29_07-57-35.npz
rat0313,shuffle_null_mean,0.059393939393939374,,489.0,/Users/Hannah/Programming/data_eyeblink/geometry_preservation_outputs/geometry_preservation_rat0313_set0313_dim3_bins5_2026-04-29_07-57-35.npz
rat0313,shuffle_null_mean,0.013939393939393951,,490.0,/Users/Hannah/Programming/data_eyeblink/geometry_preservation_outputs/geometry_preservation_rat0313_set0313_dim3_bins5_2026-04-29_07-57-35.npz
rat0313,shuffle_null_mean,0.143030303030303,,491.0,/Users/Hannah/Programming/data_eyeblink/geometry_preservation_outputs/geometry_preservation_rat0313_set0313_dim3_bins5_2026-04-29_07-57-35.npz
rat0313,shuffle_null_mean,0.007878787878787884,,492.0,/Users/Hannah/Programming/data_eyeblink/geometry_preservation_outputs/geometry_preservation_rat0313_set0313_dim3_bins5_2026-04-29_07-57-35.npz
rat0313,shuffle_null_mean,-0.011515151515151504,,493.0,/Users/Hannah/Programming/data_eyeblink/geometry_preservation_outputs/geometry_preservation_rat0313_set0313_dim3_bins5_2026-04-29_07-57-35.npz
rat0313,shuffle_null_mean,-0.22787878787878785,,494.0,/Users/Hannah/Programming/data_eyeblink/geometry_preservation_outputs/geometry_preservation_rat0313_set0313_dim3_bins5_2026-04-29_07-57-35.npz
rat0313,shuffle_null_mean,-0.18969696969696964,,495.0,/Users/Hannah/Programming/data_eyeblink/geometry_preservation_outputs/geometry_preservation_rat0313_set0313_dim3_bins5_2026-04-29_07-57-35.npz
rat0313,shuffle_null_mean,-0.07333333333333333,,496.0,/Users/Hannah/Programming/data_eyeblink/geometry_preservation_outputs/geometry_preservation_rat0313_set0313_dim3_bins5_2026-04-29_07-57-35.npz
rat0313,shuffle_null_mean,-0.049090909090909074,,497.0,/Users/Hannah/Programming/data_eyeblink/geometry_preservation_outputs/geometry_preservation_rat0313_set0313_dim3_bins5_2026-04-29_07-57-35.npz
rat0313,shuffle_null_mean,-0.038787878787878795,,498.0,/Users/Hannah/Programming/data_eyeblink/geometry_preservation_outputs/geometry_preservation_rat0313_set0313_dim3_bins5_2026-04-29_07-57-35.npz
rat0313,shuffle_null_mean,-0.035757575757575745,,499.0,/Users/Hannah/Programming/data_eyeblink/geometry_preservation_outputs/geometry_preservation_rat0313_set0313_dim3_bins5_2026-04-29_07-57-35.npz
rat0314,real_run,0.6484848484848483,0.0,,/Users/Hannah/Programming/data_eyeblink/geometry_preservation_outputs/geometry_preservation_rat0314_set0314_dim3_bins5_2026-04-29_10-24-36.npz
rat0314,real_run,0.7333333333333332,1.0,,/Users/Hannah/Programming/data_eyeblink/geometry_preservation_outputs/geometry_preservation_rat0314_set0314_dim3_bins5_2026-04-29_10-24-36.npz
rat0314,real_run,0.6484848484848483,2.0,,/Users/Hannah/Programming/data_eyeblink/geometry_preservation_outputs/geometry_preservation_rat0314_set0314_dim3_bins5_2026-04-29_10-24-36.npz
rat0314,real_run,0.7939393939393938,3.0,,/Users/Hannah/Programming/data_eyeblink/geometry_preservation_outputs/geometry_preservation_rat0314_set0314_dim3_bins5_2026-04-29_10-24-36.npz
rat0314,real_run,0.6969696969696969,4.0,,/Users/Hannah/Programming/data_eyeblink/geometry_preservation_outputs/geometry_preservation_rat0314_set0314_dim3_bins5_2026-04-29_10-24-36.npz
rat0314,real_run,0.2121212121212121,5.0,,/Users/Hannah/Programming/data_eyeblink/geometry_preservation_outputs/geometry_preservation_rat0314_set0314_dim3_bins5_2026-04-29_10-24-36.npz
rat0314,real_run,0.6606060606060605,6.0,,/Users/Hannah/Programming/data_eyeblink/geometry_preservation_outputs/geometry_preservation_rat0314_set0314_dim3_bins5_2026-04-29_10-24-36.npz
rat0314,real_run,0.38181818181818183,7.0,,/Users/Hannah/Programming/data_eyeblink/geometry_preservation_outputs/geometry_preservation_rat0314_set0314_dim3_bins5_2026-04-29_10-24-36.npz
rat0314,real_run,0.7818181818181817,8.0,,/Users/Hannah/Programming/data_eyeblink/geometry_preservation_outputs/geometry_preservation_rat0314_set0314_dim3_bins5_2026-04-29_10-24-36.npz
rat0314,real_run,0.5030303030303029,9.0,,/Users/Hannah/Programming/data_eyeblink/geometry_preservation_outputs/geometry_preservation_rat0314_set0314_dim3_bins5_2026-04-29_10-24-36.npz
rat0314,real_run,0.5272727272727272,10.0,,/Users/Hannah/Programming/data_eyeblink/geometry_preservation_outputs/geometry_preservation_rat0314_set0314_dim3_bins5_2026-04-29_10-24-36.npz
rat0314,real_run,0.5757575757575757,11.0,,/Users/Hannah/Programming/data_eyeblink/geometry_preservation_outputs/geometry_preservation_rat0314_set0314_dim3_bins5_2026-04-29_10-24-36.npz
rat0314,real_run,0.9272727272727272,12.0,,/Users/Hannah/Programming/data_eyeblink/geometry_preservation_outputs/geometry_preservation_rat0314_set0314_dim3_bins5_2026-04-29_10-24-36.npz
rat0314,real_run,0.33333333333333326,13.0,,/Users/Hannah/Programming/data_eyeblink/geometry_preservation_outputs/geometry_preservation_rat0314_set0314_dim3_bins5_2026-04-29_10-24-36.npz
rat0314,real_run,0.8303030303030302,14.0,,/Users/Hannah/Programming/data_eyeblink/geometry_preservation_outputs/geometry_preservation_rat0314_set0314_dim3_bins5_2026-04-29_10-24-36.npz
rat0314,real_run,0.6848484848484848,15.0,,/Users/Hannah/Programming/data_eyeblink/geometry_preservation_outputs/geometry_preservation_rat0314_set0314_dim3_bins5_2026-04-29_10-24-36.npz
rat0314,real_run,0.9272727272727272,16.0,,/Users/Hannah/Programming/data_eyeblink/geometry_preservation_outputs/geometry_preservation_rat0314_set0314_dim3_bins5_2026-04-29_10-24-36.npz
rat0314,real_run,0.6121212121212121,17.0,,/Users/Hannah/Programming/data_eyeblink/geometry_preservation_outputs/geometry_preservation_rat0314_set0314_dim3_bins5_2026-04-29_10-24-36.npz
rat0314,real_run,0.38181818181818183,18.0,,/Users/Hannah/Programming/data_eyeblink/geometry_preservation_outputs/geometry_preservation_rat0314_set0314_dim3_bins5_2026-04-29_10-24-36.npz
rat0314,real_run,0.8424242424242423,19.0,,/Users/Hannah/Programming/data_eyeblink/geometry_preservation_outputs/geometry_preservation_rat0314_set0314_dim3_bins5_2026-04-29_10-24-36.npz
rat0314,shuffle_null_mean,-0.07818181818181817,,0.0,/Users/Hannah/Programming/data_eyeblink/geometry_preservation_outputs/geometry_preservation_rat0314_set0314_dim3_bins5_2026-04-29_10-24-36.npz
rat0314,shuffle_null_mean,0.052121212121212124,,1.0,/Users/Hannah/Programming/data_eyeblink/geometry_preservation_outputs/geometry_preservation_rat0314_set0314_dim3_bins5_2026-04-29_10-24-36.npz
rat0314,shuffle_null_mean,0.0,,2.0,/Users/Hannah/Programming/data_eyeblink/geometry_preservation_outputs/geometry_preservation_rat0314_set0314_dim3_bins5_2026-04-29_10-24-36.npz
rat0314,shuffle_null_mean,-0.003030303030303022,,3.0,/Users/Hannah/Programming/data_eyeblink/geometry_preservation_outputs/geometry_preservation_rat0314_set0314_dim3_bins5_2026-04-29_10-24-36.npz
rat0314,shuffle_null_mean,0.04606060606060606,,4.0,/Users/Hannah/Programming/data_eyeblink/geometry_preservation_outputs/geometry_preservation_rat0314_set0314_dim3_bins5_2026-04-29_10-24-36.npz
rat0314,shuffle_null_mean,-0.11757575757575756,,5.0,/Users/Hannah/Programming/data_eyeblink/geometry_preservation_outputs/geometry_preservation_rat0314_set0314_dim3_bins5_2026-04-29_10-24-36.npz
rat0314,shuffle_null_mean,-0.05878787878787879,,6.0,/Users/Hannah/Programming/data_eyeblink/geometry_preservation_outputs/geometry_preservation_rat0314_set0314_dim3_bins5_2026-04-29_10-24-36.npz
rat0314,shuffle_null_mean,-0.0921212121212121,,7.0,/Users/Hannah/Programming/data_eyeblink/geometry_preservation_outputs/geometry_preservation_rat0314_set0314_dim3_bins5_2026-04-29_10-24-36.npz
rat0314,shuffle_null_mean,-0.08424242424242422,,8.0,/Users/Hannah/Programming/data_eyeblink/geometry_preservation_outputs/geometry_preservation_rat0314_set0314_dim3_bins5_2026-04-29_10-24-36.npz
rat0314,shuffle_null_mean,-0.13030303030303028,,9.0,/Users/Hannah/Programming/data_eyeblink/geometry_preservation_outputs/geometry_preservation_rat0314_set0314_dim3_bins5_2026-04-29_10-24-36.npz
rat0314,shuffle_null_mean,0.030303030303030297,,10.0,/Users/Hannah/Programming/data_eyeblink/geometry_preservation_outputs/geometry_preservation_rat0314_set0314_dim3_bins5_2026-04-29_10-24-36.npz
rat0314,shuffle_null_mean,0.17030303030303032,,11.0,/Users/Hannah/Programming/data_eyeblink/geometry_preservation_outputs/geometry_preservation_rat0314_set0314_dim3_bins5_2026-04-29_10-24-36.npz
rat0314,shuffle_null_mean,-0.02909090909090909,,12.0,/Users/Hannah/Programming/data_eyeblink/geometry_preservation_outputs/geometry_preservation_rat0314_set0314_dim3_bins5_2026-04-29_10-24-36.npz
rat0314,shuffle_null_mean,-0.028484848484848502,,13.0,/Users/Hannah/Programming/data_eyeblink/geometry_preservation_outputs/geometry_preservation_rat0314_set0314_dim3_bins5_2026-04-29_10-24-36.npz
rat0314,shuffle_null_mean,0.013333333333333336,,14.0,/Users/Hannah/Programming/data_eyeblink/geometry_preservation_outputs/geometry_preservation_rat0314_set0314_dim3_bins5_2026-04-29_10-24-36.npz
rat0314,shuffle_null_mean,0.053333333333333344,,15.0,/Users/Hannah/Programming/data_eyeblink/geometry_preservation_outputs/geometry_preservation_rat0314_set0314_dim3_bins5_2026-04-29_10-24-36.npz
rat0314,shuffle_null_mean,-0.006666666666666679,,16.0,/Users/Hannah/Programming/data_eyeblink/geometry_preservation_outputs/geometry_preservation_rat0314_set0314_dim3_bins5_2026-04-29_10-24-36.npz
rat0314,shuffle_null_mean,-0.037575757575757575,,17.0,/Users/Hannah/Programming/data_eyeblink/geometry_preservation_outputs/geometry_preservation_rat0314_set0314_dim3_bins5_2026-04-29_10-24-36.npz
rat0314,shuffle_null_mean,-0.0939393939393939,,18.0,/Users/Hannah/Programming/data_eyeblink/geometry_preservation_outputs/geometry_preservation_rat0314_set0314_dim3_bins5_2026-04-29_10-24-36.npz
rat0314,shuffle_null_mean,0.06484848484848485,,19.0,/Users/Hannah/Programming/data_eyeblink/geometry_preservation_outputs/geometry_preservation_rat0314_set0314_dim3_bins5_2026-04-29_10-24-36.npz
rat0314,shuffle_null_mean,0.01696969696969698,,20.0,/Users/Hannah/Programming/data_eyeblink/geometry_preservation_outputs/geometry_preservation_rat0314_set0314_dim3_bins5_2026-04-29_10-24-36.npz
rat0314,shuffle_null_mean,0.03151515151515151,,21.0,/Users/Hannah/Programming/data_eyeblink/geometry_preservation_outputs/geometry_preservation_rat0314_set0314_dim3_bins5_2026-04-29_10-24-36.npz
rat0314,shuffle_null_mean,-0.026060606060606062,,22.0,/Users/Hannah/Programming/data_eyeblink/geometry_preservation_outputs/geometry_preservation_rat0314_set0314_dim3_bins5_2026-04-29_10-24-36.npz
rat0314,shuffle_null_mean,0.10909090909090909,,23.0,/Users/Hannah/Programming/data_eyeblink/geometry_preservation_outputs/geometry_preservation_rat0314_set0314_dim3_bins5_2026-04-29_10-24-36.npz
rat0314,shuffle_null_mean,-0.025454545454545452,,24.0,/Users/Hannah/Programming/data_eyeblink/geometry_preservation_outputs/geometry_preservation_rat0314_set0314_dim3_bins5_2026-04-29_10-24-36.npz
rat0314,shuffle_null_mean,0.02484848484848484,,25.0,/Users/Hannah/Programming/data_eyeblink/geometry_preservation_outputs/geometry_preservation_rat0314_set0314_dim3_bins5_2026-04-29_10-24-36.npz
rat0314,shuffle_null_mean,-0.034545454545454546,,26.0,/Users/Hannah/Programming/data_eyeblink/geometry_preservation_outputs/geometry_preservation_rat0314_set0314_dim3_bins5_2026-04-29_10-24-36.npz
rat0314,shuffle_null_mean,-0.08363636363636365,,27.0,/Users/Hannah/Programming/data_eyeblink/geometry_preservation_outputs/geometry_preservation_rat0314_set0314_dim3_bins5_2026-04-29_10-24-36.npz
rat0314,shuffle_null_mean,-0.12424242424242424,,28.0,/Users/Hannah/Programming/data_eyeblink/geometry_preservation_outputs/geometry_preservation_rat0314_set0314_dim3_bins5_2026-04-29_10-24-36.npz
rat0314,shuffle_null_mean,0.006060606060606056,,29.0,/Users/Hannah/Programming/data_eyeblink/geometry_preservation_outputs/geometry_preservation_rat0314_set0314_dim3_bins5_2026-04-29_10-24-36.npz
rat0314,shuffle_null_mean,-0.049090909090909095,,30.0,/Users/Hannah/Programming/data_eyeblink/geometry_preservation_outputs/geometry_preservation_rat0314_set0314_dim3_bins5_2026-04-29_10-24-36.npz
rat0314,shuffle_null_mean,-0.08484848484848483,,31.0,/Users/Hannah/Programming/data_eyeblink/geometry_preservation_outputs/geometry_preservation_rat0314_set0314_dim3_bins5_2026-04-29_10-24-36.npz
rat0314,shuffle_null_mean,-0.05636363636363635,,32.0,/Users/Hannah/Programming/data_eyeblink/geometry_preservation_outputs/geometry_preservation_rat0314_set0314_dim3_bins5_2026-04-29_10-24-36.npz
rat0314,shuffle_null_mean,0.006666666666666649,,33.0,/Users/Hannah/Programming/data_eyeblink/geometry_preservation_outputs/geometry_preservation_rat0314_set0314_dim3_bins5_2026-04-29_10-24-36.npz
rat0314,shuffle_null_mean,-0.08606060606060605,,34.0,/Users/Hannah/Programming/data_eyeblink/geometry_preservation_outputs/geometry_preservation_rat0314_set0314_dim3_bins5_2026-04-29_10-24-36.npz
rat0314,shuffle_null_mean,0.041818181818181824,,35.0,/Users/Hannah/Programming/data_eyeblink/geometry_preservation_outputs/geometry_preservation_rat0314_set0314_dim3_bins5_2026-04-29_10-24-36.npz
rat0314,shuffle_null_mean,-0.04727272727272727,,36.0,/Users/Hannah/Programming/data_eyeblink/geometry_preservation_outputs/geometry_preservation_rat0314_set0314_dim3_bins5_2026-04-29_10-24-36.npz
rat0314,shuffle_null_mean,-0.006666666666666649,,37.0,/Users/Hannah/Programming/data_eyeblink/geometry_preservation_outputs/geometry_preservation_rat0314_set0314_dim3_bins5_2026-04-29_10-24-36.npz
rat0314,shuffle_null_mean,0.10303030303030306,,38.0,/Users/Hannah/Programming/data_eyeblink/geometry_preservation_outputs/geometry_preservation_rat0314_set0314_dim3_bins5_2026-04-29_10-24-36.npz
rat0314,shuffle_null_mean,-0.1242424242424242,,39.0,/Users/Hannah/Programming/data_eyeblink/geometry_preservation_outputs/geometry_preservation_rat0314_set0314_dim3_bins5_2026-04-29_10-24-36.npz
rat0314,shuffle_null_mean,-0.029090909090909077,,40.0,/Users/Hannah/Programming/data_eyeblink/geometry_preservation_outputs/geometry_preservation_rat0314_set0314_dim3_bins5_2026-04-29_10-24-36.npz
rat0314,shuffle_null_mean,-0.03636363636363636,,41.0,/Users/Hannah/Programming/data_eyeblink/geometry_preservation_outputs/geometry_preservation_rat0314_set0314_dim3_bins5_2026-04-29_10-24-36.npz
rat0314,shuffle_null_mean,0.02606060606060605,,42.0,/Users/Hannah/Programming/data_eyeblink/geometry_preservation_outputs/geometry_preservation_rat0314_set0314_dim3_bins5_2026-04-29_10-24-36.npz
rat0314,shuffle_null_mean,-0.003030303030303043,,43.0,/Users/Hannah/Programming/data_eyeblink/geometry_preservation_outputs/geometry_preservation_rat0314_set0314_dim3_bins5_2026-04-29_10-24-36.npz
rat0314,shuffle_null_mean,0.14242424242424243,,44.0,/Users/Hannah/Programming/data_eyeblink/geometry_preservation_outputs/geometry_preservation_rat0314_set0314_dim3_bins5_2026-04-29_10-24-36.npz
rat0314,shuffle_null_mean,0.05393939393939393,,45.0,/Users/Hannah/Programming/data_eyeblink/geometry_preservation_outputs/geometry_preservation_rat0314_set0314_dim3_bins5_2026-04-29_10-24-36.npz
rat0314,shuffle_null_mean,0.06969696969696969,,46.0,/Users/Hannah/Programming/data_eyeblink/geometry_preservation_outputs/geometry_preservation_rat0314_set0314_dim3_bins5_2026-04-29_10-24-36.npz
rat0314,shuffle_null_mean,0.044848484848484846,,47.0,/Users/Hannah/Programming/data_eyeblink/geometry_preservation_outputs/geometry_preservation_rat0314_set0314_dim3_bins5_2026-04-29_10-24-36.npz
rat0314,shuffle_null_mean,0.012121212121212116,,48.0,/Users/Hannah/Programming/data_eyeblink/geometry_preservation_outputs/geometry_preservation_rat0314_set0314_dim3_bins5_2026-04-29_10-24-36.npz
rat0314,shuffle_null_mean,0.1103030303030303,,49.0,/Users/Hannah/Programming/data_eyeblink/geometry_preservation_outputs/geometry_preservation_rat0314_set0314_dim3_bins5_2026-04-29_10-24-36.npz
rat0314,shuffle_null_mean,-0.018787878787878798,,50.0,/Users/Hannah/Programming/data_eyeblink/geometry_preservation_outputs/geometry_preservation_rat0314_set0314_dim3_bins5_2026-04-29_10-24-36.npz
rat0314,shuffle_null_mean,0.12666666666666665,,51.0,/Users/Hannah/Programming/data_eyeblink/geometry_preservation_outputs/geometry_preservation_rat0314_set0314_dim3_bins5_2026-04-29_10-24-36.npz
rat0314,shuffle_null_mean,-0.0709090909090909,,52.0,/Users/Hannah/Programming/data_eyeblink/geometry_preservation_outputs/geometry_preservation_rat0314_set0314_dim3_bins5_2026-04-29_10-24-36.npz
rat0314,shuffle_null_mean,-0.1315151515151515,,53.0,/Users/Hannah/Programming/data_eyeblink/geometry_preservation_outputs/geometry_preservation_rat0314_set0314_dim3_bins5_2026-04-29_10-24-36.npz
rat0314,shuffle_null_mean,0.05393939393939393,,54.0,/Users/Hannah/Programming/data_eyeblink/geometry_preservation_outputs/geometry_preservation_rat0314_set0314_dim3_bins5_2026-04-29_10-24-36.npz
rat0314,shuffle_null_mean,0.004848484848484849,,55.0,/Users/Hannah/Programming/data_eyeblink/geometry_preservation_outputs/geometry_preservation_rat0314_set0314_dim3_bins5_2026-04-29_10-24-36.npz
rat0314,shuffle_null_mean,-0.04969696969696968,,56.0,/Users/Hannah/Programming/data_eyeblink/geometry_preservation_outputs/geometry_preservation_rat0314_set0314_dim3_bins5_2026-04-29_10-24-36.npz
rat0314,shuffle_null_mean,0.017575757575757578,,57.0,/Users/Hannah/Programming/data_eyeblink/geometry_preservation_outputs/geometry_preservation_rat0314_set0314_dim3_bins5_2026-04-29_10-24-36.npz
rat0314,shuffle_null_mean,0.13636363636363635,,58.0,/Users/Hannah/Programming/data_eyeblink/geometry_preservation_outputs/geometry_preservation_rat0314_set0314_dim3_bins5_2026-04-29_10-24-36.npz
rat0314,shuffle_null_mean,-0.05636363636363636,,59.0,/Users/Hannah/Programming/data_eyeblink/geometry_preservation_outputs/geometry_preservation_rat0314_set0314_dim3_bins5_2026-04-29_10-24-36.npz
rat0314,shuffle_null_mean,0.08787878787878789,,60.0,/Users/Hannah/Programming/data_eyeblink/geometry_preservation_outputs/geometry_preservation_rat0314_set0314_dim3_bins5_2026-04-29_10-24-36.npz
rat0314,shuffle_null_mean,0.05757575757575757,,61.0,/Users/Hannah/Programming/data_eyeblink/geometry_preservation_outputs/geometry_preservation_rat0314_set0314_dim3_bins5_2026-04-29_10-24-36.npz
rat0314,shuffle_null_mean,-0.05818181818181818,,62.0,/Users/Hannah/Programming/data_eyeblink/geometry_preservation_outputs/geometry_preservation_rat0314_set0314_dim3_bins5_2026-04-29_10-24-36.npz
rat0314,shuffle_null_mean,-0.045454545454545456,,63.0,/Users/Hannah/Programming/data_eyeblink/geometry_preservation_outputs/geometry_preservation_rat0314_set0314_dim3_bins5_2026-04-29_10-24-36.npz
rat0314,shuffle_null_mean,0.02727272727272727,,64.0,/Users/Hannah/Programming/data_eyeblink/geometry_preservation_outputs/geometry_preservation_rat0314_set0314_dim3_bins5_2026-04-29_10-24-36.npz
rat0314,shuffle_null_mean,-0.030909090909090907,,65.0,/Users/Hannah/Programming/data_eyeblink/geometry_preservation_outputs/geometry_preservation_rat0314_set0314_dim3_bins5_2026-04-29_10-24-36.npz
rat0314,shuffle_null_mean,0.10121212121212117,,66.0,/Users/Hannah/Programming/data_eyeblink/geometry_preservation_outputs/geometry_preservation_rat0314_set0314_dim3_bins5_2026-04-29_10-24-36.npz
rat0314,shuffle_null_mean,0.11818181818181817,,67.0,/Users/Hannah/Programming/data_eyeblink/geometry_preservation_outputs/geometry_preservation_rat0314_set0314_dim3_bins5_2026-04-29_10-24-36.npz
rat0314,shuffle_null_mean,-0.029090909090909084,,68.0,/Users/Hannah/Programming/data_eyeblink/geometry_preservation_outputs/geometry_preservation_rat0314_set0314_dim3_bins5_2026-04-29_10-24-36.npz
rat0314,shuffle_null_mean,-0.04848484848484848,,69.0,/Users/Hannah/Programming/data_eyeblink/geometry_preservation_outputs/geometry_preservation_rat0314_set0314_dim3_bins5_2026-04-29_10-24-36.npz
rat0314,shuffle_null_mean,0.003030303030303044,,70.0,/Users/Hannah/Programming/data_eyeblink/geometry_preservation_outputs/geometry_preservation_rat0314_set0314_dim3_bins5_2026-04-29_10-24-36.npz
rat0314,shuffle_null_mean,-0.06787878787878789,,71.0,/Users/Hannah/Programming/data_eyeblink/geometry_preservation_outputs/geometry_preservation_rat0314_set0314_dim3_bins5_2026-04-29_10-24-36.npz
rat0314,shuffle_null_mean,-0.07272727272727272,,72.0,/Users/Hannah/Programming/data_eyeblink/geometry_preservation_outputs/geometry_preservation_rat0314_set0314_dim3_bins5_2026-04-29_10-24-36.npz
rat0314,shuffle_null_mean,0.036969696969696965,,73.0,/Users/Hannah/Programming/data_eyeblink/geometry_preservation_outputs/geometry_preservation_rat0314_set0314_dim3_bins5_2026-04-29_10-24-36.npz
rat0314,shuffle_null_mean,-0.012727272727272716,,74.0,/Users/Hannah/Programming/data_eyeblink/geometry_preservation_outputs/geometry_preservation_rat0314_set0314_dim3_bins5_2026-04-29_10-24-36.npz
rat0314,shuffle_null_mean,0.021818181818181827,,75.0,/Users/Hannah/Programming/data_eyeblink/geometry_preservation_outputs/geometry_preservation_rat0314_set0314_dim3_bins5_2026-04-29_10-24-36.npz
rat0314,shuffle_null_mean,-0.06363636363636364,,76.0,/Users/Hannah/Programming/data_eyeblink/geometry_preservation_outputs/geometry_preservation_rat0314_set0314_dim3_bins5_2026-04-29_10-24-36.npz
rat0314,shuffle_null_mean,0.10545454545454543,,77.0,/Users/Hannah/Programming/data_eyeblink/geometry_preservation_outputs/geometry_preservation_rat0314_set0314_dim3_bins5_2026-04-29_10-24-36.npz
rat0314,shuffle_null_mean,0.14666666666666667,,78.0,/Users/Hannah/Programming/data_eyeblink/geometry_preservation_outputs/geometry_preservation_rat0314_set0314_dim3_bins5_2026-04-29_10-24-36.npz
rat0314,shuffle_null_mean,-0.1818181818181818,,79.0,/Users/Hannah/Programming/data_eyeblink/geometry_preservation_outputs/geometry_preservation_rat0314_set0314_dim3_bins5_2026-04-29_10-24-36.npz
rat0314,shuffle_null_mean,0.07636363636363636,,80.0,/Users/Hannah/Programming/data_eyeblink/geometry_preservation_outputs/geometry_preservation_rat0314_set0314_dim3_bins5_2026-04-29_10-24-36.npz
rat0314,shuffle_null_mean,0.06363636363636362,,81.0,/Users/Hannah/Programming/data_eyeblink/geometry_preservation_outputs/geometry_preservation_rat0314_set0314_dim3_bins5_2026-04-29_10-24-36.npz
rat0314,shuffle_null_mean,-0.10242424242424242,,82.0,/Users/Hannah/Programming/data_eyeblink/geometry_preservation_outputs/geometry_preservation_rat0314_set0314_dim3_bins5_2026-04-29_10-24-36.npz
rat0314,shuffle_null_mean,-0.06666666666666668,,83.0,/Users/Hannah/Programming/data_eyeblink/geometry_preservation_outputs/geometry_preservation_rat0314_set0314_dim3_bins5_2026-04-29_10-24-36.npz
rat0314,shuffle_null_mean,0.10848484848484848,,84.0,/Users/Hannah/Programming/data_eyeblink/geometry_preservation_outputs/geometry_preservation_rat0314_set0314_dim3_bins5_2026-04-29_10-24-36.npz
rat0314,shuffle_null_mean,0.09575757575757574,,85.0,/Users/Hannah/Programming/data_eyeblink/geometry_preservation_outputs/geometry_preservation_rat0314_set0314_dim3_bins5_2026-04-29_10-24-36.npz
rat0314,shuffle_null_mean,0.00848484848484849,,86.0,/Users/Hannah/Programming/data_eyeblink/geometry_preservation_outputs/geometry_preservation_rat0314_set0314_dim3_bins5_2026-04-29_10-24-36.npz
rat0314,shuffle_null_mean,0.07575757575757576,,87.0,/Users/Hannah/Programming/data_eyeblink/geometry_preservation_outputs/geometry_preservation_rat0314_set0314_dim3_bins5_2026-04-29_10-24-36.npz
rat0314,shuffle_null_mean,0.02242424242424244,,88.0,/Users/Hannah/Programming/data_eyeblink/geometry_preservation_outputs/geometry_preservation_rat0314_set0314_dim3_bins5_2026-04-29_10-24-36.npz
rat0314,shuffle_null_mean,0.044848484848484846,,89.0,/Users/Hannah/Programming/data_eyeblink/geometry_preservation_outputs/geometry_preservation_rat0314_set0314_dim3_bins5_2026-04-29_10-24-36.npz
rat0314,shuffle_null_mean,-0.02424242424242424,,90.0,/Users/Hannah/Programming/data_eyeblink/geometry_preservation_outputs/geometry_preservation_rat0314_set0314_dim3_bins5_2026-04-29_10-24-36.npz
rat0314,shuffle_null_mean,0.07878787878787877,,91.0,/Users/Hannah/Programming/data_eyeblink/geometry_preservation_outputs/geometry_preservation_rat0314_set0314_dim3_bins5_2026-04-29_10-24-36.npz
rat0314,shuffle_null_mean,-0.018181818181818167,,92.0,/Users/Hannah/Programming/data_eyeblink/geometry_preservation_outputs/geometry_preservation_rat0314_set0314_dim3_bins5_2026-04-29_10-24-36.npz
rat0314,shuffle_null_mean,0.08000000000000002,,93.0,/Users/Hannah/Programming/data_eyeblink/geometry_preservation_outputs/geometry_preservation_rat0314_set0314_dim3_bins5_2026-04-29_10-24-36.npz
rat0314,shuffle_null_mean,0.023030303030303033,,94.0,/Users/Hannah/Programming/data_eyeblink/geometry_preservation_outputs/geometry_preservation_rat0314_set0314_dim3_bins5_2026-04-29_10-24-36.npz
rat0314,shuffle_null_mean,-0.08666666666666664,,95.0,/Users/Hannah/Programming/data_eyeblink/geometry_preservation_outputs/geometry_preservation_rat0314_set0314_dim3_bins5_2026-04-29_10-24-36.npz
rat0314,shuffle_null_mean,-0.08060606060606061,,96.0,/Users/Hannah/Programming/data_eyeblink/geometry_preservation_outputs/geometry_preservation_rat0314_set0314_dim3_bins5_2026-04-29_10-24-36.npz
rat0314,shuffle_null_mean,-0.026060606060606062,,97.0,/Users/Hannah/Programming/data_eyeblink/geometry_preservation_outputs/geometry_preservation_rat0314_set0314_dim3_bins5_2026-04-29_10-24-36.npz
rat0314,shuffle_null_mean,-0.006060606060606049,,98.0,/Users/Hannah/Programming/data_eyeblink/geometry_preservation_outputs/geometry_preservation_rat0314_set0314_dim3_bins5_2026-04-29_10-24-36.npz
rat0314,shuffle_null_mean,0.043636363636363626,,99.0,/Users/Hannah/Programming/data_eyeblink/geometry_preservation_outputs/geometry_preservation_rat0314_set0314_dim3_bins5_2026-04-29_10-24-36.npz
rat0314,shuffle_null_mean,0.009090909090909096,,100.0,/Users/Hannah/Programming/data_eyeblink/geometry_preservation_outputs/geometry_preservation_rat0314_set0314_dim3_bins5_2026-04-29_10-24-36.npz
rat0314,shuffle_null_mean,-0.08363636363636362,,101.0,/Users/Hannah/Programming/data_eyeblink/geometry_preservation_outputs/geometry_preservation_rat0314_set0314_dim3_bins5_2026-04-29_10-24-36.npz
rat0314,shuffle_null_mean,0.018787878787878787,,102.0,/Users/Hannah/Programming/data_eyeblink/geometry_preservation_outputs/geometry_preservation_rat0314_set0314_dim3_bins5_2026-04-29_10-24-36.npz
rat0314,shuffle_null_mean,-0.05272727272727271,,103.0,/Users/Hannah/Programming/data_eyeblink/geometry_preservation_outputs/geometry_preservation_rat0314_set0314_dim3_bins5_2026-04-29_10-24-36.npz
rat0314,shuffle_null_mean,-0.14545454545454545,,104.0,/Users/Hannah/Programming/data_eyeblink/geometry_preservation_outputs/geometry_preservation_rat0314_set0314_dim3_bins5_2026-04-29_10-24-36.npz
rat0314,shuffle_null_mean,0.08666666666666664,,105.0,/Users/Hannah/Programming/data_eyeblink/geometry_preservation_outputs/geometry_preservation_rat0314_set0314_dim3_bins5_2026-04-29_10-24-36.npz
rat0314,shuffle_null_mean,0.11333333333333333,,106.0,/Users/Hannah/Programming/data_eyeblink/geometry_preservation_outputs/geometry_preservation_rat0314_set0314_dim3_bins5_2026-04-29_10-24-36.npz
rat0314,shuffle_null_mean,-0.045454545454545456,,107.0,/Users/Hannah/Programming/data_eyeblink/geometry_preservation_outputs/geometry_preservation_rat0314_set0314_dim3_bins5_2026-04-29_10-24-36.npz
rat0314,shuffle_null_mean,0.010909090909090906,,108.0,/Users/Hannah/Programming/data_eyeblink/geometry_preservation_outputs/geometry_preservation_rat0314_set0314_dim3_bins5_2026-04-29_10-24-36.npz
rat0314,shuffle_null_mean,-0.009090909090909077,,109.0,/Users/Hannah/Programming/data_eyeblink/geometry_preservation_outputs/geometry_preservation_rat0314_set0314_dim3_bins5_2026-04-29_10-24-36.npz
rat0314,shuffle_null_mean,0.16303030303030303,,110.0,/Users/Hannah/Programming/data_eyeblink/geometry_preservation_outputs/geometry_preservation_rat0314_set0314_dim3_bins5_2026-04-29_10-24-36.npz
rat0314,shuffle_null_mean,0.07999999999999999,,111.0,/Users/Hannah/Programming/data_eyeblink/geometry_preservation_outputs/geometry_preservation_rat0314_set0314_dim3_bins5_2026-04-29_10-24-36.npz
rat0314,shuffle_null_mean,-0.018787878787878798,,112.0,/Users/Hannah/Programming/data_eyeblink/geometry_preservation_outputs/geometry_preservation_rat0314_set0314_dim3_bins5_2026-04-29_10-24-36.npz
rat0314,shuffle_null_mean,-0.014545454545454542,,113.0,/Users/Hannah/Programming/data_eyeblink/geometry_preservation_outputs/geometry_preservation_rat0314_set0314_dim3_bins5_2026-04-29_10-24-36.npz
rat0314,shuffle_null_mean,-0.16848484848484846,,114.0,/Users/Hannah/Programming/data_eyeblink/geometry_preservation_outputs/geometry_preservation_rat0314_set0314_dim3_bins5_2026-04-29_10-24-36.npz
rat0314,shuffle_null_mean,-0.0012121212121211963,,115.0,/Users/Hannah/Programming/data_eyeblink/geometry_preservation_outputs/geometry_preservation_rat0314_set0314_dim3_bins5_2026-04-29_10-24-36.npz
rat0314,shuffle_null_mean,0.07333333333333332,,116.0,/Users/Hannah/Programming/data_eyeblink/geometry_preservation_outputs/geometry_preservation_rat0314_set0314_dim3_bins5_2026-04-29_10-24-36.npz
rat0314,shuffle_null_mean,0.0018181818181818104,,117.0,/Users/Hannah/Programming/data_eyeblink/geometry_preservation_outputs/geometry_preservation_rat0314_set0314_dim3_bins5_2026-04-29_10-24-36.npz
rat0314,shuffle_null_mean,-0.046060606060606066,,118.0,/Users/Hannah/Programming/data_eyeblink/geometry_preservation_outputs/geometry_preservation_rat0314_set0314_dim3_bins5_2026-04-29_10-24-36.npz
rat0314,shuffle_null_mean,-0.06303030303030302,,119.0,/Users/Hannah/Programming/data_eyeblink/geometry_preservation_outputs/geometry_preservation_rat0314_set0314_dim3_bins5_2026-04-29_10-24-36.npz
rat0314,shuffle_null_mean,0.043636363636363626,,120.0,/Users/Hannah/Programming/data_eyeblink/geometry_preservation_outputs/geometry_preservation_rat0314_set0314_dim3_bins5_2026-04-29_10-24-36.npz
rat0314,shuffle_null_mean,-0.061212121212121204,,121.0,/Users/Hannah/Programming/data_eyeblink/geometry_preservation_outputs/geometry_preservation_rat0314_set0314_dim3_bins5_2026-04-29_10-24-36.npz
rat0314,shuffle_null_mean,-0.12484848484848488,,122.0,/Users/Hannah/Programming/data_eyeblink/geometry_preservation_outputs/geometry_preservation_rat0314_set0314_dim3_bins5_2026-04-29_10-24-36.npz
rat0314,shuffle_null_mean,0.07999999999999999,,123.0,/Users/Hannah/Programming/data_eyeblink/geometry_preservation_outputs/geometry_preservation_rat0314_set0314_dim3_bins5_2026-04-29_10-24-36.npz
rat0314,shuffle_null_mean,0.03212121212121212,,124.0,/Users/Hannah/Programming/data_eyeblink/geometry_preservation_outputs/geometry_preservation_rat0314_set0314_dim3_bins5_2026-04-29_10-24-36.npz
rat0314,shuffle_null_mean,0.011515151515151527,,125.0,/Users/Hannah/Programming/data_eyeblink/geometry_preservation_outputs/geometry_preservation_rat0314_set0314_dim3_bins5_2026-04-29_10-24-36.npz
rat0314,shuffle_null_mean,-0.008484848484848484,,126.0,/Users/Hannah/Programming/data_eyeblink/geometry_preservation_outputs/geometry_preservation_rat0314_set0314_dim3_bins5_2026-04-29_10-24-36.npz
rat0314,shuffle_null_mean,0.029696969696969694,,127.0,/Users/Hannah/Programming/data_eyeblink/geometry_preservation_outputs/geometry_preservation_rat0314_set0314_dim3_bins5_2026-04-29_10-24-36.npz
rat0314,shuffle_null_mean,0.030909090909090907,,128.0,/Users/Hannah/Programming/data_eyeblink/geometry_preservation_outputs/geometry_preservation_rat0314_set0314_dim3_bins5_2026-04-29_10-24-36.npz
rat0314,shuffle_null_mean,0.05878787878787879,,129.0,/Users/Hannah/Programming/data_eyeblink/geometry_preservation_outputs/geometry_preservation_rat0314_set0314_dim3_bins5_2026-04-29_10-24-36.npz
rat0314,shuffle_null_mean,0.07030303030303028,,130.0,/Users/Hannah/Programming/data_eyeblink/geometry_preservation_outputs/geometry_preservation_rat0314_set0314_dim3_bins5_2026-04-29_10-24-36.npz
rat0314,shuffle_null_mean,-0.16787878787878788,,131.0,/Users/Hannah/Programming/data_eyeblink/geometry_preservation_outputs/geometry_preservation_rat0314_set0314_dim3_bins5_2026-04-29_10-24-36.npz
rat0314,shuffle_null_mean,-0.05636363636363635,,132.0,/Users/Hannah/Programming/data_eyeblink/geometry_preservation_outputs/geometry_preservation_rat0314_set0314_dim3_bins5_2026-04-29_10-24-36.npz
rat0314,shuffle_null_mean,-0.02484848484848485,,133.0,/Users/Hannah/Programming/data_eyeblink/geometry_preservation_outputs/geometry_preservation_rat0314_set0314_dim3_bins5_2026-04-29_10-24-36.npz
rat0314,shuffle_null_mean,-0.015151515151515147,,134.0,/Users/Hannah/Programming/data_eyeblink/geometry_preservation_outputs/geometry_preservation_rat0314_set0314_dim3_bins5_2026-04-29_10-24-36.npz
rat0314,shuffle_null_mean,0.050303030303030315,,135.0,/Users/Hannah/Programming/data_eyeblink/geometry_preservation_outputs/geometry_preservation_rat0314_set0314_dim3_bins5_2026-04-29_10-24-36.npz
rat0314,shuffle_null_mean,-0.03393939393939393,,136.0,/Users/Hannah/Programming/data_eyeblink/geometry_preservation_outputs/geometry_preservation_rat0314_set0314_dim3_bins5_2026-04-29_10-24-36.npz
rat0314,shuffle_null_mean,0.04727272727272726,,137.0,/Users/Hannah/Programming/data_eyeblink/geometry_preservation_outputs/geometry_preservation_rat0314_set0314_dim3_bins5_2026-04-29_10-24-36.npz
rat0314,shuffle_null_mean,0.008484848484848486,,138.0,/Users/Hannah/Programming/data_eyeblink/geometry_preservation_outputs/geometry_preservation_rat0314_set0314_dim3_bins5_2026-04-29_10-24-36.npz
rat0314,shuffle_null_mean,0.043636363636363626,,139.0,/Users/Hannah/Programming/data_eyeblink/geometry_preservation_outputs/geometry_preservation_rat0314_set0314_dim3_bins5_2026-04-29_10-24-36.npz
rat0314,shuffle_null_mean,0.13212121212121214,,140.0,/Users/Hannah/Programming/data_eyeblink/geometry_preservation_outputs/geometry_preservation_rat0314_set0314_dim3_bins5_2026-04-29_10-24-36.npz
rat0314,shuffle_null_mean,-0.08181818181818182,,141.0,/Users/Hannah/Programming/data_eyeblink/geometry_preservation_outputs/geometry_preservation_rat0314_set0314_dim3_bins5_2026-04-29_10-24-36.npz
rat0314,shuffle_null_mean,-0.09696969696969697,,142.0,/Users/Hannah/Programming/data_eyeblink/geometry_preservation_outputs/geometry_preservation_rat0314_set0314_dim3_bins5_2026-04-29_10-24-36.npz
rat0314,shuffle_null_mean,-0.02363636363636363,,143.0,/Users/Hannah/Programming/data_eyeblink/geometry_preservation_outputs/geometry_preservation_rat0314_set0314_dim3_bins5_2026-04-29_10-24-36.npz
rat0314,shuffle_null_mean,0.018787878787878784,,144.0,/Users/Hannah/Programming/data_eyeblink/geometry_preservation_outputs/geometry_preservation_rat0314_set0314_dim3_bins5_2026-04-29_10-24-36.npz
rat0314,shuffle_null_mean,0.07272727272727272,,145.0,/Users/Hannah/Programming/data_eyeblink/geometry_preservation_outputs/geometry_preservation_rat0314_set0314_dim3_bins5_2026-04-29_10-24-36.npz
rat0314,shuffle_null_mean,0.03393939393939395,,146.0,/Users/Hannah/Programming/data_eyeblink/geometry_preservation_outputs/geometry_preservation_rat0314_set0314_dim3_bins5_2026-04-29_10-24-36.npz
rat0314,shuffle_null_mean,-0.04181818181818181,,147.0,/Users/Hannah/Programming/data_eyeblink/geometry_preservation_outputs/geometry_preservation_rat0314_set0314_dim3_bins5_2026-04-29_10-24-36.npz
rat0314,shuffle_null_mean,-0.04242424242424243,,148.0,/Users/Hannah/Programming/data_eyeblink/geometry_preservation_outputs/geometry_preservation_rat0314_set0314_dim3_bins5_2026-04-29_10-24-36.npz
rat0314,shuffle_null_mean,0.031515151515151496,,149.0,/Users/Hannah/Programming/data_eyeblink/geometry_preservation_outputs/geometry_preservation_rat0314_set0314_dim3_bins5_2026-04-29_10-24-36.npz
rat0314,shuffle_null_mean,-0.017575757575757574,,150.0,/Users/Hannah/Programming/data_eyeblink/geometry_preservation_outputs/geometry_preservation_rat0314_set0314_dim3_bins5_2026-04-29_10-24-36.npz
rat0314,shuffle_null_mean,0.07999999999999999,,151.0,/Users/Hannah/Programming/data_eyeblink/geometry_preservation_outputs/geometry_preservation_rat0314_set0314_dim3_bins5_2026-04-29_10-24-36.npz
rat0314,shuffle_null_mean,0.1824242424242424,,152.0,/Users/Hannah/Programming/data_eyeblink/geometry_preservation_outputs/geometry_preservation_rat0314_set0314_dim3_bins5_2026-04-29_10-24-36.npz
rat0314,shuffle_null_mean,-0.006060606060606061,,153.0,/Users/Hannah/Programming/data_eyeblink/geometry_preservation_outputs/geometry_preservation_rat0314_set0314_dim3_bins5_2026-04-29_10-24-36.npz
rat0314,shuffle_null_mean,0.06484848484848482,,154.0,/Users/Hannah/Programming/data_eyeblink/geometry_preservation_outputs/geometry_preservation_rat0314_set0314_dim3_bins5_2026-04-29_10-24-36.npz
rat0314,shuffle_null_mean,-0.041818181818181824,,155.0,/Users/Hannah/Programming/data_eyeblink/geometry_preservation_outputs/geometry_preservation_rat0314_set0314_dim3_bins5_2026-04-29_10-24-36.npz
rat0314,shuffle_null_mean,-0.061212121212121204,,156.0,/Users/Hannah/Programming/data_eyeblink/geometry_preservation_outputs/geometry_preservation_rat0314_set0314_dim3_bins5_2026-04-29_10-24-36.npz
rat0314,shuffle_null_mean,0.08848484848484846,,157.0,/Users/Hannah/Programming/data_eyeblink/geometry_preservation_outputs/geometry_preservation_rat0314_set0314_dim3_bins5_2026-04-29_10-24-36.npz
rat0314,shuffle_null_mean,0.10242424242424242,,158.0,/Users/Hannah/Programming/data_eyeblink/geometry_preservation_outputs/geometry_preservation_rat0314_set0314_dim3_bins5_2026-04-29_10-24-36.npz
rat0314,shuffle_null_mean,-0.0993939393939394,,159.0,/Users/Hannah/Programming/data_eyeblink/geometry_preservation_outputs/geometry_preservation_rat0314_set0314_dim3_bins5_2026-04-29_10-24-36.npz
rat0314,shuffle_null_mean,-0.06303030303030302,,160.0,/Users/Hannah/Programming/data_eyeblink/geometry_preservation_outputs/geometry_preservation_rat0314_set0314_dim3_bins5_2026-04-29_10-24-36.npz
rat0314,shuffle_null_mean,0.03999999999999998,,161.0,/Users/Hannah/Programming/data_eyeblink/geometry_preservation_outputs/geometry_preservation_rat0314_set0314_dim3_bins5_2026-04-29_10-24-36.npz
rat0314,shuffle_null_mean,0.0018181818181818073,,162.0,/Users/Hannah/Programming/data_eyeblink/geometry_preservation_outputs/geometry_preservation_rat0314_set0314_dim3_bins5_2026-04-29_10-24-36.npz
rat0314,shuffle_null_mean,0.07757575757575756,,163.0,/Users/Hannah/Programming/data_eyeblink/geometry_preservation_outputs/geometry_preservation_rat0314_set0314_dim3_bins5_2026-04-29_10-24-36.npz
rat0314,shuffle_null_mean,-0.13090909090909092,,164.0,/Users/Hannah/Programming/data_eyeblink/geometry_preservation_outputs/geometry_preservation_rat0314_set0314_dim3_bins5_2026-04-29_10-24-36.npz
rat0314,shuffle_null_mean,0.029090909090909084,,165.0,/Users/Hannah/Programming/data_eyeblink/geometry_preservation_outputs/geometry_preservation_rat0314_set0314_dim3_bins5_2026-04-29_10-24-36.npz
rat0314,shuffle_null_mean,-0.0715151515151515,,166.0,/Users/Hannah/Programming/data_eyeblink/geometry_preservation_outputs/geometry_preservation_rat0314_set0314_dim3_bins5_2026-04-29_10-24-36.npz
rat0314,shuffle_null_mean,-0.022424242424242416,,167.0,/Users/Hannah/Programming/data_eyeblink/geometry_preservation_outputs/geometry_preservation_rat0314_set0314_dim3_bins5_2026-04-29_10-24-36.npz
rat0314,shuffle_null_mean,0.16666666666666669,,168.0,/Users/Hannah/Programming/data_eyeblink/geometry_preservation_outputs/geometry_preservation_rat0314_set0314_dim3_bins5_2026-04-29_10-24-36.npz
rat0314,shuffle_null_mean,-0.05878787878787878,,169.0,/Users/Hannah/Programming/data_eyeblink/geometry_preservation_outputs/geometry_preservation_rat0314_set0314_dim3_bins5_2026-04-29_10-24-36.npz
rat0314,shuffle_null_mean,0.08,,170.0,/Users/Hannah/Programming/data_eyeblink/geometry_preservation_outputs/geometry_preservation_rat0314_set0314_dim3_bins5_2026-04-29_10-24-36.npz
rat0314,shuffle_null_mean,-0.10363636363636364,,171.0,/Users/Hannah/Programming/data_eyeblink/geometry_preservation_outputs/geometry_preservation_rat0314_set0314_dim3_bins5_2026-04-29_10-24-36.npz
rat0314,shuffle_null_mean,-0.06787878787878786,,172.0,/Users/Hannah/Programming/data_eyeblink/geometry_preservation_outputs/geometry_preservation_rat0314_set0314_dim3_bins5_2026-04-29_10-24-36.npz
rat0314,shuffle_null_mean,0.03818181818181817,,173.0,/Users/Hannah/Programming/data_eyeblink/geometry_preservation_outputs/geometry_preservation_rat0314_set0314_dim3_bins5_2026-04-29_10-24-36.npz
rat0314,shuffle_null_mean,-0.06060606060606062,,174.0,/Users/Hannah/Programming/data_eyeblink/geometry_preservation_outputs/geometry_preservation_rat0314_set0314_dim3_bins5_2026-04-29_10-24-36.npz
rat0314,shuffle_null_mean,-0.006666666666666673,,175.0,/Users/Hannah/Programming/data_eyeblink/geometry_preservation_outputs/geometry_preservation_rat0314_set0314_dim3_bins5_2026-04-29_10-24-36.npz
rat0314,shuffle_null_mean,0.024848484848484825,,176.0,/Users/Hannah/Programming/data_eyeblink/geometry_preservation_outputs/geometry_preservation_rat0314_set0314_dim3_bins5_2026-04-29_10-24-36.npz
rat0314,shuffle_null_mean,-0.07030303030303028,,177.0,/Users/Hannah/Programming/data_eyeblink/geometry_preservation_outputs/geometry_preservation_rat0314_set0314_dim3_bins5_2026-04-29_10-24-36.npz
rat0314,shuffle_null_mean,0.1127272727272727,,178.0,/Users/Hannah/Programming/data_eyeblink/geometry_preservation_outputs/geometry_preservation_rat0314_set0314_dim3_bins5_2026-04-29_10-24-36.npz
rat0314,shuffle_null_mean,0.07212121212121213,,179.0,/Users/Hannah/Programming/data_eyeblink/geometry_preservation_outputs/geometry_preservation_rat0314_set0314_dim3_bins5_2026-04-29_10-24-36.npz
rat0314,shuffle_null_mean,0.04181818181818182,,180.0,/Users/Hannah/Programming/data_eyeblink/geometry_preservation_outputs/geometry_preservation_rat0314_set0314_dim3_bins5_2026-04-29_10-24-36.npz
rat0314,shuffle_null_mean,-0.09878787878787879,,181.0,/Users/Hannah/Programming/data_eyeblink/geometry_preservation_outputs/geometry_preservation_rat0314_set0314_dim3_bins5_2026-04-29_10-24-36.npz
rat0314,shuffle_null_mean,0.06242424242424242,,182.0,/Users/Hannah/Programming/data_eyeblink/geometry_preservation_outputs/geometry_preservation_rat0314_set0314_dim3_bins5_2026-04-29_10-24-36.npz
rat0314,shuffle_null_mean,-0.05212121212121211,,183.0,/Users/Hannah/Programming/data_eyeblink/geometry_preservation_outputs/geometry_preservation_rat0314_set0314_dim3_bins5_2026-04-29_10-24-36.npz
rat0314,shuffle_null_mean,0.02545454545454546,,184.0,/Users/Hannah/Programming/data_eyeblink/geometry_preservation_outputs/geometry_preservation_rat0314_set0314_dim3_bins5_2026-04-29_10-24-36.npz
rat0314,shuffle_null_mean,-0.08303030303030302,,185.0,/Users/Hannah/Programming/data_eyeblink/geometry_preservation_outputs/geometry_preservation_rat0314_set0314_dim3_bins5_2026-04-29_10-24-36.npz
rat0314,shuffle_null_mean,0.05454545454545454,,186.0,/Users/Hannah/Programming/data_eyeblink/geometry_preservation_outputs/geometry_preservation_rat0314_set0314_dim3_bins5_2026-04-29_10-24-36.npz
rat0314,shuffle_null_mean,0.04242424242424241,,187.0,/Users/Hannah/Programming/data_eyeblink/geometry_preservation_outputs/geometry_preservation_rat0314_set0314_dim3_bins5_2026-04-29_10-24-36.npz
rat0314,shuffle_null_mean,0.12363636363636363,,188.0,/Users/Hannah/Programming/data_eyeblink/geometry_preservation_outputs/geometry_preservation_rat0314_set0314_dim3_bins5_2026-04-29_10-24-36.npz
rat0314,shuffle_null_mean,0.03151515151515151,,189.0,/Users/Hannah/Programming/data_eyeblink/geometry_preservation_outputs/geometry_preservation_rat0314_set0314_dim3_bins5_2026-04-29_10-24-36.npz
rat0314,shuffle_null_mean,0.11999999999999997,,190.0,/Users/Hannah/Programming/data_eyeblink/geometry_preservation_outputs/geometry_preservation_rat0314_set0314_dim3_bins5_2026-04-29_10-24-36.npz
rat0314,shuffle_null_mean,-0.025454545454545462,,191.0,/Users/Hannah/Programming/data_eyeblink/geometry_preservation_outputs/geometry_preservation_rat0314_set0314_dim3_bins5_2026-04-29_10-24-36.npz
rat0314,shuffle_null_mean,-0.09575757575757575,,192.0,/Users/Hannah/Programming/data_eyeblink/geometry_preservation_outputs/geometry_preservation_rat0314_set0314_dim3_bins5_2026-04-29_10-24-36.npz
rat0314,shuffle_null_mean,-0.04787878787878787,,193.0,/Users/Hannah/Programming/data_eyeblink/geometry_preservation_outputs/geometry_preservation_rat0314_set0314_dim3_bins5_2026-04-29_10-24-36.npz
rat0314,shuffle_null_mean,0.13393939393939397,,194.0,/Users/Hannah/Programming/data_eyeblink/geometry_preservation_outputs/geometry_preservation_rat0314_set0314_dim3_bins5_2026-04-29_10-24-36.npz
rat0314,shuffle_null_mean,-0.11939393939393939,,195.0,/Users/Hannah/Programming/data_eyeblink/geometry_preservation_outputs/geometry_preservation_rat0314_set0314_dim3_bins5_2026-04-29_10-24-36.npz
rat0314,shuffle_null_mean,-0.18,,196.0,/Users/Hannah/Programming/data_eyeblink/geometry_preservation_outputs/geometry_preservation_rat0314_set0314_dim3_bins5_2026-04-29_10-24-36.npz
rat0314,shuffle_null_mean,-0.01696969696969698,,197.0,/Users/Hannah/Programming/data_eyeblink/geometry_preservation_outputs/geometry_preservation_rat0314_set0314_dim3_bins5_2026-04-29_10-24-36.npz
rat0314,shuffle_null_mean,0.07696969696969698,,198.0,/Users/Hannah/Programming/data_eyeblink/geometry_preservation_outputs/geometry_preservation_rat0314_set0314_dim3_bins5_2026-04-29_10-24-36.npz
rat0314,shuffle_null_mean,0.007878787878787846,,199.0,/Users/Hannah/Programming/data_eyeblink/geometry_preservation_outputs/geometry_preservation_rat0314_set0314_dim3_bins5_2026-04-29_10-24-36.npz
rat0314,shuffle_null_mean,0.004848484848484852,,200.0,/Users/Hannah/Programming/data_eyeblink/geometry_preservation_outputs/geometry_preservation_rat0314_set0314_dim3_bins5_2026-04-29_10-24-36.npz
rat0314,shuffle_null_mean,-0.0018181818181818078,,201.0,/Users/Hannah/Programming/data_eyeblink/geometry_preservation_outputs/geometry_preservation_rat0314_set0314_dim3_bins5_2026-04-29_10-24-36.npz
rat0314,shuffle_null_mean,0.030909090909090903,,202.0,/Users/Hannah/Programming/data_eyeblink/geometry_preservation_outputs/geometry_preservation_rat0314_set0314_dim3_bins5_2026-04-29_10-24-36.npz
rat0314,shuffle_null_mean,0.018787878787878777,,203.0,/Users/Hannah/Programming/data_eyeblink/geometry_preservation_outputs/geometry_preservation_rat0314_set0314_dim3_bins5_2026-04-29_10-24-36.npz
rat0314,shuffle_null_mean,-0.15272727272727266,,204.0,/Users/Hannah/Programming/data_eyeblink/geometry_preservation_outputs/geometry_preservation_rat0314_set0314_dim3_bins5_2026-04-29_10-24-36.npz
rat0314,shuffle_null_mean,-0.09696969696969697,,205.0,/Users/Hannah/Programming/data_eyeblink/geometry_preservation_outputs/geometry_preservation_rat0314_set0314_dim3_bins5_2026-04-29_10-24-36.npz
rat0314,shuffle_null_mean,-0.17090909090909093,,206.0,/Users/Hannah/Programming/data_eyeblink/geometry_preservation_outputs/geometry_preservation_rat0314_set0314_dim3_bins5_2026-04-29_10-24-36.npz
rat0314,shuffle_null_mean,-0.11636363636363636,,207.0,/Users/Hannah/Programming/data_eyeblink/geometry_preservation_outputs/geometry_preservation_rat0314_set0314_dim3_bins5_2026-04-29_10-24-36.npz
rat0314,shuffle_null_mean,0.06969696969696967,,208.0,/Users/Hannah/Programming/data_eyeblink/geometry_preservation_outputs/geometry_preservation_rat0314_set0314_dim3_bins5_2026-04-29_10-24-36.npz
rat0314,shuffle_null_mean,0.163030303030303,,209.0,/Users/Hannah/Programming/data_eyeblink/geometry_preservation_outputs/geometry_preservation_rat0314_set0314_dim3_bins5_2026-04-29_10-24-36.npz
rat0314,shuffle_null_mean,-0.09696969696969696,,210.0,/Users/Hannah/Programming/data_eyeblink/geometry_preservation_outputs/geometry_preservation_rat0314_set0314_dim3_bins5_2026-04-29_10-24-36.npz
rat0314,shuffle_null_mean,-0.016363636363636375,,211.0,/Users/Hannah/Programming/data_eyeblink/geometry_preservation_outputs/geometry_preservation_rat0314_set0314_dim3_bins5_2026-04-29_10-24-36.npz
rat0314,shuffle_null_mean,0.044848484848484825,,212.0,/Users/Hannah/Programming/data_eyeblink/geometry_preservation_outputs/geometry_preservation_rat0314_set0314_dim3_bins5_2026-04-29_10-24-36.npz
rat0314,shuffle_null_mean,0.07454545454545453,,213.0,/Users/Hannah/Programming/data_eyeblink/geometry_preservation_outputs/geometry_preservation_rat0314_set0314_dim3_bins5_2026-04-29_10-24-36.npz
rat0314,shuffle_null_mean,-0.03272727272727273,,214.0,/Users/Hannah/Programming/data_eyeblink/geometry_preservation_outputs/geometry_preservation_rat0314_set0314_dim3_bins5_2026-04-29_10-24-36.npz
rat0314,shuffle_null_mean,-0.09393939393939393,,215.0,/Users/Hannah/Programming/data_eyeblink/geometry_preservation_outputs/geometry_preservation_rat0314_set0314_dim3_bins5_2026-04-29_10-24-36.npz
rat0314,shuffle_null_mean,-0.08121212121212121,,216.0,/Users/Hannah/Programming/data_eyeblink/geometry_preservation_outputs/geometry_preservation_rat0314_set0314_dim3_bins5_2026-04-29_10-24-36.npz
rat0314,shuffle_null_mean,0.103030303030303,,217.0,/Users/Hannah/Programming/data_eyeblink/geometry_preservation_outputs/geometry_preservation_rat0314_set0314_dim3_bins5_2026-04-29_10-24-36.npz
rat0314,shuffle_null_mean,-0.1424242424242424,,218.0,/Users/Hannah/Programming/data_eyeblink/geometry_preservation_outputs/geometry_preservation_rat0314_set0314_dim3_bins5_2026-04-29_10-24-36.npz
rat0314,shuffle_null_mean,0.042424242424242406,,219.0,/Users/Hannah/Programming/data_eyeblink/geometry_preservation_outputs/geometry_preservation_rat0314_set0314_dim3_bins5_2026-04-29_10-24-36.npz
rat0314,shuffle_null_mean,0.11454545454545453,,220.0,/Users/Hannah/Programming/data_eyeblink/geometry_preservation_outputs/geometry_preservation_rat0314_set0314_dim3_bins5_2026-04-29_10-24-36.npz
rat0314,shuffle_null_mean,0.007878787878787877,,221.0,/Users/Hannah/Programming/data_eyeblink/geometry_preservation_outputs/geometry_preservation_rat0314_set0314_dim3_bins5_2026-04-29_10-24-36.npz
rat0314,shuffle_null_mean,0.1121212121212121,,222.0,/Users/Hannah/Programming/data_eyeblink/geometry_preservation_outputs/geometry_preservation_rat0314_set0314_dim3_bins5_2026-04-29_10-24-36.npz
rat0314,shuffle_null_mean,-0.04484848484848482,,223.0,/Users/Hannah/Programming/data_eyeblink/geometry_preservation_outputs/geometry_preservation_rat0314_set0314_dim3_bins5_2026-04-29_10-24-36.npz
rat0314,shuffle_null_mean,-0.044848484848484846,,224.0,/Users/Hannah/Programming/data_eyeblink/geometry_preservation_outputs/geometry_preservation_rat0314_set0314_dim3_bins5_2026-04-29_10-24-36.npz
rat0314,shuffle_null_mean,-0.039393939393939384,,225.0,/Users/Hannah/Programming/data_eyeblink/geometry_preservation_outputs/geometry_preservation_rat0314_set0314_dim3_bins5_2026-04-29_10-24-36.npz
rat0314,shuffle_null_mean,0.02545454545454544,,226.0,/Users/Hannah/Programming/data_eyeblink/geometry_preservation_outputs/geometry_preservation_rat0314_set0314_dim3_bins5_2026-04-29_10-24-36.npz
rat0314,shuffle_null_mean,-0.051515151515151514,,227.0,/Users/Hannah/Programming/data_eyeblink/geometry_preservation_outputs/geometry_preservation_rat0314_set0314_dim3_bins5_2026-04-29_10-24-36.npz
rat0314,shuffle_null_mean,0.14424242424242423,,228.0,/Users/Hannah/Programming/data_eyeblink/geometry_preservation_outputs/geometry_preservation_rat0314_set0314_dim3_bins5_2026-04-29_10-24-36.npz
rat0314,shuffle_null_mean,-0.030909090909090914,,229.0,/Users/Hannah/Programming/data_eyeblink/geometry_preservation_outputs/geometry_preservation_rat0314_set0314_dim3_bins5_2026-04-29_10-24-36.npz
rat0314,shuffle_null_mean,-0.09878787878787879,,230.0,/Users/Hannah/Programming/data_eyeblink/geometry_preservation_outputs/geometry_preservation_rat0314_set0314_dim3_bins5_2026-04-29_10-24-36.npz
rat0314,shuffle_null_mean,-0.06424242424242424,,231.0,/Users/Hannah/Programming/data_eyeblink/geometry_preservation_outputs/geometry_preservation_rat0314_set0314_dim3_bins5_2026-04-29_10-24-36.npz
rat0314,shuffle_null_mean,-0.0012121212121212143,,232.0,/Users/Hannah/Programming/data_eyeblink/geometry_preservation_outputs/geometry_preservation_rat0314_set0314_dim3_bins5_2026-04-29_10-24-36.npz
rat0314,shuffle_null_mean,-0.06484848484848485,,233.0,/Users/Hannah/Programming/data_eyeblink/geometry_preservation_outputs/geometry_preservation_rat0314_set0314_dim3_bins5_2026-04-29_10-24-36.npz
rat0314,shuffle_null_mean,0.08787878787878786,,234.0,/Users/Hannah/Programming/data_eyeblink/geometry_preservation_outputs/geometry_preservation_rat0314_set0314_dim3_bins5_2026-04-29_10-24-36.npz
rat0314,shuffle_null_mean,-0.028484848484848495,,235.0,/Users/Hannah/Programming/data_eyeblink/geometry_preservation_outputs/geometry_preservation_rat0314_set0314_dim3_bins5_2026-04-29_10-24-36.npz
rat0314,shuffle_null_mean,-0.07939393939393938,,236.0,/Users/Hannah/Programming/data_eyeblink/geometry_preservation_outputs/geometry_preservation_rat0314_set0314_dim3_bins5_2026-04-29_10-24-36.npz
rat0314,shuffle_null_mean,0.0709090909090909,,237.0,/Users/Hannah/Programming/data_eyeblink/geometry_preservation_outputs/geometry_preservation_rat0314_set0314_dim3_bins5_2026-04-29_10-24-36.npz
rat0314,shuffle_null_mean,-0.07393939393939394,,238.0,/Users/Hannah/Programming/data_eyeblink/geometry_preservation_outputs/geometry_preservation_rat0314_set0314_dim3_bins5_2026-04-29_10-24-36.npz
rat0314,shuffle_null_mean,-0.1,,239.0,/Users/Hannah/Programming/data_eyeblink/geometry_preservation_outputs/geometry_preservation_rat0314_set0314_dim3_bins5_2026-04-29_10-24-36.npz
rat0314,shuffle_null_mean,0.0521212121212121,,240.0,/Users/Hannah/Programming/data_eyeblink/geometry_preservation_outputs/geometry_preservation_rat0314_set0314_dim3_bins5_2026-04-29_10-24-36.npz
rat0314,shuffle_null_mean,0.043636363636363626,,241.0,/Users/Hannah/Programming/data_eyeblink/geometry_preservation_outputs/geometry_preservation_rat0314_set0314_dim3_bins5_2026-04-29_10-24-36.npz
rat0314,shuffle_null_mean,0.13696969696969694,,242.0,/Users/Hannah/Programming/data_eyeblink/geometry_preservation_outputs/geometry_preservation_rat0314_set0314_dim3_bins5_2026-04-29_10-24-36.npz
rat0314,shuffle_null_mean,0.04303030303030303,,243.0,/Users/Hannah/Programming/data_eyeblink/geometry_preservation_outputs/geometry_preservation_rat0314_set0314_dim3_bins5_2026-04-29_10-24-36.npz
rat0314,shuffle_null_mean,-0.14727272727272728,,244.0,/Users/Hannah/Programming/data_eyeblink/geometry_preservation_outputs/geometry_preservation_rat0314_set0314_dim3_bins5_2026-04-29_10-24-36.npz
rat0314,shuffle_null_mean,-0.016969696969696968,,245.0,/Users/Hannah/Programming/data_eyeblink/geometry_preservation_outputs/geometry_preservation_rat0314_set0314_dim3_bins5_2026-04-29_10-24-36.npz
rat0314,shuffle_null_mean,-0.16424242424242425,,246.0,/Users/Hannah/Programming/data_eyeblink/geometry_preservation_outputs/geometry_preservation_rat0314_set0314_dim3_bins5_2026-04-29_10-24-36.npz
rat0314,shuffle_null_mean,0.1703030303030303,,247.0,/Users/Hannah/Programming/data_eyeblink/geometry_preservation_outputs/geometry_preservation_rat0314_set0314_dim3_bins5_2026-04-29_10-24-36.npz
rat0314,shuffle_null_mean,0.09878787878787877,,248.0,/Users/Hannah/Programming/data_eyeblink/geometry_preservation_outputs/geometry_preservation_rat0314_set0314_dim3_bins5_2026-04-29_10-24-36.npz
rat0314,shuffle_null_mean,-0.010909090909090927,,249.0,/Users/Hannah/Programming/data_eyeblink/geometry_preservation_outputs/geometry_preservation_rat0314_set0314_dim3_bins5_2026-04-29_10-24-36.npz
rat0314,shuffle_null_mean,0.11151515151515153,,250.0,/Users/Hannah/Programming/data_eyeblink/geometry_preservation_outputs/geometry_preservation_rat0314_set0314_dim3_bins5_2026-04-29_10-24-36.npz
rat0314,shuffle_null_mean,0.11939393939393939,,251.0,/Users/Hannah/Programming/data_eyeblink/geometry_preservation_outputs/geometry_preservation_rat0314_set0314_dim3_bins5_2026-04-29_10-24-36.npz
rat0314,shuffle_null_mean,0.060606060606060594,,252.0,/Users/Hannah/Programming/data_eyeblink/geometry_preservation_outputs/geometry_preservation_rat0314_set0314_dim3_bins5_2026-04-29_10-24-36.npz
rat0314,shuffle_null_mean,0.07272727272727271,,253.0,/Users/Hannah/Programming/data_eyeblink/geometry_preservation_outputs/geometry_preservation_rat0314_set0314_dim3_bins5_2026-04-29_10-24-36.npz
rat0314,shuffle_null_mean,-0.12484848484848485,,254.0,/Users/Hannah/Programming/data_eyeblink/geometry_preservation_outputs/geometry_preservation_rat0314_set0314_dim3_bins5_2026-04-29_10-24-36.npz
rat0314,shuffle_null_mean,-0.05878787878787879,,255.0,/Users/Hannah/Programming/data_eyeblink/geometry_preservation_outputs/geometry_preservation_rat0314_set0314_dim3_bins5_2026-04-29_10-24-36.npz
rat0314,shuffle_null_mean,0.03272727272727273,,256.0,/Users/Hannah/Programming/data_eyeblink/geometry_preservation_outputs/geometry_preservation_rat0314_set0314_dim3_bins5_2026-04-29_10-24-36.npz
rat0314,shuffle_null_mean,-0.04060606060606061,,257.0,/Users/Hannah/Programming/data_eyeblink/geometry_preservation_outputs/geometry_preservation_rat0314_set0314_dim3_bins5_2026-04-29_10-24-36.npz
rat0314,shuffle_null_mean,0.06484848484848485,,258.0,/Users/Hannah/Programming/data_eyeblink/geometry_preservation_outputs/geometry_preservation_rat0314_set0314_dim3_bins5_2026-04-29_10-24-36.npz
rat0314,shuffle_null_mean,0.12787878787878787,,259.0,/Users/Hannah/Programming/data_eyeblink/geometry_preservation_outputs/geometry_preservation_rat0314_set0314_dim3_bins5_2026-04-29_10-24-36.npz
rat0314,shuffle_null_mean,0.07999999999999999,,260.0,/Users/Hannah/Programming/data_eyeblink/geometry_preservation_outputs/geometry_preservation_rat0314_set0314_dim3_bins5_2026-04-29_10-24-36.npz
rat0314,shuffle_null_mean,0.037575757575757575,,261.0,/Users/Hannah/Programming/data_eyeblink/geometry_preservation_outputs/geometry_preservation_rat0314_set0314_dim3_bins5_2026-04-29_10-24-36.npz
rat0314,shuffle_null_mean,0.17515151515151514,,262.0,/Users/Hannah/Programming/data_eyeblink/geometry_preservation_outputs/geometry_preservation_rat0314_set0314_dim3_bins5_2026-04-29_10-24-36.npz
rat0314,shuffle_null_mean,-0.036969696969696965,,263.0,/Users/Hannah/Programming/data_eyeblink/geometry_preservation_outputs/geometry_preservation_rat0314_set0314_dim3_bins5_2026-04-29_10-24-36.npz
rat0314,shuffle_null_mean,0.08242424242424243,,264.0,/Users/Hannah/Programming/data_eyeblink/geometry_preservation_outputs/geometry_preservation_rat0314_set0314_dim3_bins5_2026-04-29_10-24-36.npz
rat0314,shuffle_null_mean,0.12424242424242424,,265.0,/Users/Hannah/Programming/data_eyeblink/geometry_preservation_outputs/geometry_preservation_rat0314_set0314_dim3_bins5_2026-04-29_10-24-36.npz
rat0314,shuffle_null_mean,0.05272727272727271,,266.0,/Users/Hannah/Programming/data_eyeblink/geometry_preservation_outputs/geometry_preservation_rat0314_set0314_dim3_bins5_2026-04-29_10-24-36.npz
rat0314,shuffle_null_mean,0.010303030303030295,,267.0,/Users/Hannah/Programming/data_eyeblink/geometry_preservation_outputs/geometry_preservation_rat0314_set0314_dim3_bins5_2026-04-29_10-24-36.npz
rat0314,shuffle_null_mean,-0.08848484848484847,,268.0,/Users/Hannah/Programming/data_eyeblink/geometry_preservation_outputs/geometry_preservation_rat0314_set0314_dim3_bins5_2026-04-29_10-24-36.npz
rat0314,shuffle_null_mean,-0.12363636363636366,,269.0,/Users/Hannah/Programming/data_eyeblink/geometry_preservation_outputs/geometry_preservation_rat0314_set0314_dim3_bins5_2026-04-29_10-24-36.npz
rat0314,shuffle_null_mean,-0.05212121212121211,,270.0,/Users/Hannah/Programming/data_eyeblink/geometry_preservation_outputs/geometry_preservation_rat0314_set0314_dim3_bins5_2026-04-29_10-24-36.npz
rat0314,shuffle_null_mean,0.13575757575757574,,271.0,/Users/Hannah/Programming/data_eyeblink/geometry_preservation_outputs/geometry_preservation_rat0314_set0314_dim3_bins5_2026-04-29_10-24-36.npz
rat0314,shuffle_null_mean,0.123030303030303,,272.0,/Users/Hannah/Programming/data_eyeblink/geometry_preservation_outputs/geometry_preservation_rat0314_set0314_dim3_bins5_2026-04-29_10-24-36.npz
rat0314,shuffle_null_mean,0.016969696969696982,,273.0,/Users/Hannah/Programming/data_eyeblink/geometry_preservation_outputs/geometry_preservation_rat0314_set0314_dim3_bins5_2026-04-29_10-24-36.npz
rat0314,shuffle_null_mean,0.07575757575757576,,274.0,/Users/Hannah/Programming/data_eyeblink/geometry_preservation_outputs/geometry_preservation_rat0314_set0314_dim3_bins5_2026-04-29_10-24-36.npz
rat0314,shuffle_null_mean,0.015151515151515135,,275.0,/Users/Hannah/Programming/data_eyeblink/geometry_preservation_outputs/geometry_preservation_rat0314_set0314_dim3_bins5_2026-04-29_10-24-36.npz
rat0314,shuffle_null_mean,0.06484848484848485,,276.0,/Users/Hannah/Programming/data_eyeblink/geometry_preservation_outputs/geometry_preservation_rat0314_set0314_dim3_bins5_2026-04-29_10-24-36.npz
rat0314,shuffle_null_mean,0.03272727272727274,,277.0,/Users/Hannah/Programming/data_eyeblink/geometry_preservation_outputs/geometry_preservation_rat0314_set0314_dim3_bins5_2026-04-29_10-24-36.npz
rat0314,shuffle_null_mean,0.06242424242424242,,278.0,/Users/Hannah/Programming/data_eyeblink/geometry_preservation_outputs/geometry_preservation_rat0314_set0314_dim3_bins5_2026-04-29_10-24-36.npz
rat0314,shuffle_null_mean,0.04060606060606062,,279.0,/Users/Hannah/Programming/data_eyeblink/geometry_preservation_outputs/geometry_preservation_rat0314_set0314_dim3_bins5_2026-04-29_10-24-36.npz
rat0314,shuffle_null_mean,0.038181818181818185,,280.0,/Users/Hannah/Programming/data_eyeblink/geometry_preservation_outputs/geometry_preservation_rat0314_set0314_dim3_bins5_2026-04-29_10-24-36.npz
rat0314,shuffle_null_mean,0.20484848484848484,,281.0,/Users/Hannah/Programming/data_eyeblink/geometry_preservation_outputs/geometry_preservation_rat0314_set0314_dim3_bins5_2026-04-29_10-24-36.npz
rat0314,shuffle_null_mean,0.09151515151515148,,282.0,/Users/Hannah/Programming/data_eyeblink/geometry_preservation_outputs/geometry_preservation_rat0314_set0314_dim3_bins5_2026-04-29_10-24-36.npz
rat0314,shuffle_null_mean,-0.07818181818181816,,283.0,/Users/Hannah/Programming/data_eyeblink/geometry_preservation_outputs/geometry_preservation_rat0314_set0314_dim3_bins5_2026-04-29_10-24-36.npz
rat0314,shuffle_null_mean,-0.04121212121212122,,284.0,/Users/Hannah/Programming/data_eyeblink/geometry_preservation_outputs/geometry_preservation_rat0314_set0314_dim3_bins5_2026-04-29_10-24-36.npz
rat0314,shuffle_null_mean,-0.010303030303030291,,285.0,/Users/Hannah/Programming/data_eyeblink/geometry_preservation_outputs/geometry_preservation_rat0314_set0314_dim3_bins5_2026-04-29_10-24-36.npz
rat0314,shuffle_null_mean,0.06060606060606059,,286.0,/Users/Hannah/Programming/data_eyeblink/geometry_preservation_outputs/geometry_preservation_rat0314_set0314_dim3_bins5_2026-04-29_10-24-36.npz
rat0314,shuffle_null_mean,0.013939393939393932,,287.0,/Users/Hannah/Programming/data_eyeblink/geometry_preservation_outputs/geometry_preservation_rat0314_set0314_dim3_bins5_2026-04-29_10-24-36.npz
rat0314,shuffle_null_mean,-0.07454545454545454,,288.0,/Users/Hannah/Programming/data_eyeblink/geometry_preservation_outputs/geometry_preservation_rat0314_set0314_dim3_bins5_2026-04-29_10-24-36.npz
rat0314,shuffle_null_mean,0.10666666666666665,,289.0,/Users/Hannah/Programming/data_eyeblink/geometry_preservation_outputs/geometry_preservation_rat0314_set0314_dim3_bins5_2026-04-29_10-24-36.npz
rat0314,shuffle_null_mean,-0.022424242424242423,,290.0,/Users/Hannah/Programming/data_eyeblink/geometry_preservation_outputs/geometry_preservation_rat0314_set0314_dim3_bins5_2026-04-29_10-24-36.npz
rat0314,shuffle_null_mean,-0.06545454545454546,,291.0,/Users/Hannah/Programming/data_eyeblink/geometry_preservation_outputs/geometry_preservation_rat0314_set0314_dim3_bins5_2026-04-29_10-24-36.npz
rat0314,shuffle_null_mean,-0.10121212121212123,,292.0,/Users/Hannah/Programming/data_eyeblink/geometry_preservation_outputs/geometry_preservation_rat0314_set0314_dim3_bins5_2026-04-29_10-24-36.npz
rat0314,shuffle_null_mean,-0.10484848484848486,,293.0,/Users/Hannah/Programming/data_eyeblink/geometry_preservation_outputs/geometry_preservation_rat0314_set0314_dim3_bins5_2026-04-29_10-24-36.npz
rat0314,shuffle_null_mean,-0.028484848484848474,,294.0,/Users/Hannah/Programming/data_eyeblink/geometry_preservation_outputs/geometry_preservation_rat0314_set0314_dim3_bins5_2026-04-29_10-24-36.npz
rat0314,shuffle_null_mean,0.05333333333333333,,295.0,/Users/Hannah/Programming/data_eyeblink/geometry_preservation_outputs/geometry_preservation_rat0314_set0314_dim3_bins5_2026-04-29_10-24-36.npz
rat0314,shuffle_null_mean,-0.01757575757575757,,296.0,/Users/Hannah/Programming/data_eyeblink/geometry_preservation_outputs/geometry_preservation_rat0314_set0314_dim3_bins5_2026-04-29_10-24-36.npz
rat0314,shuffle_null_mean,0.1745454545454545,,297.0,/Users/Hannah/Programming/data_eyeblink/geometry_preservation_outputs/geometry_preservation_rat0314_set0314_dim3_bins5_2026-04-29_10-24-36.npz
rat0314,shuffle_null_mean,-0.11090909090909089,,298.0,/Users/Hannah/Programming/data_eyeblink/geometry_preservation_outputs/geometry_preservation_rat0314_set0314_dim3_bins5_2026-04-29_10-24-36.npz
rat0314,shuffle_null_mean,-0.11333333333333331,,299.0,/Users/Hannah/Programming/data_eyeblink/geometry_preservation_outputs/geometry_preservation_rat0314_set0314_dim3_bins5_2026-04-29_10-24-36.npz
rat0314,shuffle_null_mean,0.009090909090909084,,300.0,/Users/Hannah/Programming/data_eyeblink/geometry_preservation_outputs/geometry_preservation_rat0314_set0314_dim3_bins5_2026-04-29_10-24-36.npz
rat0314,shuffle_null_mean,0.02060606060606061,,301.0,/Users/Hannah/Programming/data_eyeblink/geometry_preservation_outputs/geometry_preservation_rat0314_set0314_dim3_bins5_2026-04-29_10-24-36.npz
rat0314,shuffle_null_mean,0.07818181818181819,,302.0,/Users/Hannah/Programming/data_eyeblink/geometry_preservation_outputs/geometry_preservation_rat0314_set0314_dim3_bins5_2026-04-29_10-24-36.npz
rat0314,shuffle_null_mean,0.10969696969696971,,303.0,/Users/Hannah/Programming/data_eyeblink/geometry_preservation_outputs/geometry_preservation_rat0314_set0314_dim3_bins5_2026-04-29_10-24-36.npz
rat0314,shuffle_null_mean,-0.027272727272727275,,304.0,/Users/Hannah/Programming/data_eyeblink/geometry_preservation_outputs/geometry_preservation_rat0314_set0314_dim3_bins5_2026-04-29_10-24-36.npz
rat0314,shuffle_null_mean,0.03333333333333334,,305.0,/Users/Hannah/Programming/data_eyeblink/geometry_preservation_outputs/geometry_preservation_rat0314_set0314_dim3_bins5_2026-04-29_10-24-36.npz
rat0314,shuffle_null_mean,-0.08606060606060603,,306.0,/Users/Hannah/Programming/data_eyeblink/geometry_preservation_outputs/geometry_preservation_rat0314_set0314_dim3_bins5_2026-04-29_10-24-36.npz
rat0314,shuffle_null_mean,0.04181818181818183,,307.0,/Users/Hannah/Programming/data_eyeblink/geometry_preservation_outputs/geometry_preservation_rat0314_set0314_dim3_bins5_2026-04-29_10-24-36.npz
rat0314,shuffle_null_mean,-0.17636363636363633,,308.0,/Users/Hannah/Programming/data_eyeblink/geometry_preservation_outputs/geometry_preservation_rat0314_set0314_dim3_bins5_2026-04-29_10-24-36.npz
rat0314,shuffle_null_mean,-0.05212121212121211,,309.0,/Users/Hannah/Programming/data_eyeblink/geometry_preservation_outputs/geometry_preservation_rat0314_set0314_dim3_bins5_2026-04-29_10-24-36.npz
rat0314,shuffle_null_mean,0.003636363636363632,,310.0,/Users/Hannah/Programming/data_eyeblink/geometry_preservation_outputs/geometry_preservation_rat0314_set0314_dim3_bins5_2026-04-29_10-24-36.npz
rat0314,shuffle_null_mean,-0.006060606060606054,,311.0,/Users/Hannah/Programming/data_eyeblink/geometry_preservation_outputs/geometry_preservation_rat0314_set0314_dim3_bins5_2026-04-29_10-24-36.npz
rat0314,shuffle_null_mean,-0.04,,312.0,/Users/Hannah/Programming/data_eyeblink/geometry_preservation_outputs/geometry_preservation_rat0314_set0314_dim3_bins5_2026-04-29_10-24-36.npz
rat0314,shuffle_null_mean,0.14060606060606057,,313.0,/Users/Hannah/Programming/data_eyeblink/geometry_preservation_outputs/geometry_preservation_rat0314_set0314_dim3_bins5_2026-04-29_10-24-36.npz
rat0314,shuffle_null_mean,0.14666666666666667,,314.0,/Users/Hannah/Programming/data_eyeblink/geometry_preservation_outputs/geometry_preservation_rat0314_set0314_dim3_bins5_2026-04-29_10-24-36.npz
rat0314,shuffle_null_mean,-0.0696969696969697,,315.0,/Users/Hannah/Programming/data_eyeblink/geometry_preservation_outputs/geometry_preservation_rat0314_set0314_dim3_bins5_2026-04-29_10-24-36.npz
rat0314,shuffle_null_mean,0.024848484848484852,,316.0,/Users/Hannah/Programming/data_eyeblink/geometry_preservation_outputs/geometry_preservation_rat0314_set0314_dim3_bins5_2026-04-29_10-24-36.npz
rat0314,shuffle_null_mean,0.06424242424242424,,317.0,/Users/Hannah/Programming/data_eyeblink/geometry_preservation_outputs/geometry_preservation_rat0314_set0314_dim3_bins5_2026-04-29_10-24-36.npz
rat0314,shuffle_null_mean,-0.049090909090909095,,318.0,/Users/Hannah/Programming/data_eyeblink/geometry_preservation_outputs/geometry_preservation_rat0314_set0314_dim3_bins5_2026-04-29_10-24-36.npz
rat0314,shuffle_null_mean,0.07999999999999999,,319.0,/Users/Hannah/Programming/data_eyeblink/geometry_preservation_outputs/geometry_preservation_rat0314_set0314_dim3_bins5_2026-04-29_10-24-36.npz
rat0314,shuffle_null_mean,-0.03212121212121212,,320.0,/Users/Hannah/Programming/data_eyeblink/geometry_preservation_outputs/geometry_preservation_rat0314_set0314_dim3_bins5_2026-04-29_10-24-36.npz
rat0314,shuffle_null_mean,-0.09939393939393938,,321.0,/Users/Hannah/Programming/data_eyeblink/geometry_preservation_outputs/geometry_preservation_rat0314_set0314_dim3_bins5_2026-04-29_10-24-36.npz
rat0314,shuffle_null_mean,-0.027878787878787864,,322.0,/Users/Hannah/Programming/data_eyeblink/geometry_preservation_outputs/geometry_preservation_rat0314_set0314_dim3_bins5_2026-04-29_10-24-36.npz
rat0314,shuffle_null_mean,-0.043636363636363626,,323.0,/Users/Hannah/Programming/data_eyeblink/geometry_preservation_outputs/geometry_preservation_rat0314_set0314_dim3_bins5_2026-04-29_10-24-36.npz
rat0314,shuffle_null_mean,0.010909090909090915,,324.0,/Users/Hannah/Programming/data_eyeblink/geometry_preservation_outputs/geometry_preservation_rat0314_set0314_dim3_bins5_2026-04-29_10-24-36.npz
rat0314,shuffle_null_mean,0.006060606060606054,,325.0,/Users/Hannah/Programming/data_eyeblink/geometry_preservation_outputs/geometry_preservation_rat0314_set0314_dim3_bins5_2026-04-29_10-24-36.npz
rat0314,shuffle_null_mean,0.014545454545454547,,326.0,/Users/Hannah/Programming/data_eyeblink/geometry_preservation_outputs/geometry_preservation_rat0314_set0314_dim3_bins5_2026-04-29_10-24-36.npz
rat0314,shuffle_null_mean,-0.04787878787878787,,327.0,/Users/Hannah/Programming/data_eyeblink/geometry_preservation_outputs/geometry_preservation_rat0314_set0314_dim3_bins5_2026-04-29_10-24-36.npz
rat0314,shuffle_null_mean,-0.11757575757575756,,328.0,/Users/Hannah/Programming/data_eyeblink/geometry_preservation_outputs/geometry_preservation_rat0314_set0314_dim3_bins5_2026-04-29_10-24-36.npz
rat0314,shuffle_null_mean,0.0296969696969697,,329.0,/Users/Hannah/Programming/data_eyeblink/geometry_preservation_outputs/geometry_preservation_rat0314_set0314_dim3_bins5_2026-04-29_10-24-36.npz
rat0314,shuffle_null_mean,-0.05393939393939393,,330.0,/Users/Hannah/Programming/data_eyeblink/geometry_preservation_outputs/geometry_preservation_rat0314_set0314_dim3_bins5_2026-04-29_10-24-36.npz
rat0314,shuffle_null_mean,0.02181818181818182,,331.0,/Users/Hannah/Programming/data_eyeblink/geometry_preservation_outputs/geometry_preservation_rat0314_set0314_dim3_bins5_2026-04-29_10-24-36.npz
rat0314,shuffle_null_mean,0.033333333333333326,,332.0,/Users/Hannah/Programming/data_eyeblink/geometry_preservation_outputs/geometry_preservation_rat0314_set0314_dim3_bins5_2026-04-29_10-24-36.npz
rat0314,shuffle_null_mean,0.07030303030303028,,333.0,/Users/Hannah/Programming/data_eyeblink/geometry_preservation_outputs/geometry_preservation_rat0314_set0314_dim3_bins5_2026-04-29_10-24-36.npz
rat0314,shuffle_null_mean,-0.019393939393939397,,334.0,/Users/Hannah/Programming/data_eyeblink/geometry_preservation_outputs/geometry_preservation_rat0314_set0314_dim3_bins5_2026-04-29_10-24-36.npz
rat0314,shuffle_null_mean,-0.09575757575757574,,335.0,/Users/Hannah/Programming/data_eyeblink/geometry_preservation_outputs/geometry_preservation_rat0314_set0314_dim3_bins5_2026-04-29_10-24-36.npz
rat0314,shuffle_null_mean,0.11939393939393941,,336.0,/Users/Hannah/Programming/data_eyeblink/geometry_preservation_outputs/geometry_preservation_rat0314_set0314_dim3_bins5_2026-04-29_10-24-36.npz
rat0314,shuffle_null_mean,0.1993939393939394,,337.0,/Users/Hannah/Programming/data_eyeblink/geometry_preservation_outputs/geometry_preservation_rat0314_set0314_dim3_bins5_2026-04-29_10-24-36.npz
rat0314,shuffle_null_mean,0.16606060606060602,,338.0,/Users/Hannah/Programming/data_eyeblink/geometry_preservation_outputs/geometry_preservation_rat0314_set0314_dim3_bins5_2026-04-29_10-24-36.npz
rat0314,shuffle_null_mean,-0.028484848484848484,,339.0,/Users/Hannah/Programming/data_eyeblink/geometry_preservation_outputs/geometry_preservation_rat0314_set0314_dim3_bins5_2026-04-29_10-24-36.npz
rat0314,shuffle_null_mean,-0.03333333333333334,,340.0,/Users/Hannah/Programming/data_eyeblink/geometry_preservation_outputs/geometry_preservation_rat0314_set0314_dim3_bins5_2026-04-29_10-24-36.npz
rat0314,shuffle_null_mean,-0.03393939393939392,,341.0,/Users/Hannah/Programming/data_eyeblink/geometry_preservation_outputs/geometry_preservation_rat0314_set0314_dim3_bins5_2026-04-29_10-24-36.npz
rat0314,shuffle_null_mean,-0.06666666666666668,,342.0,/Users/Hannah/Programming/data_eyeblink/geometry_preservation_outputs/geometry_preservation_rat0314_set0314_dim3_bins5_2026-04-29_10-24-36.npz
rat0314,shuffle_null_mean,-0.1442424242424242,,343.0,/Users/Hannah/Programming/data_eyeblink/geometry_preservation_outputs/geometry_preservation_rat0314_set0314_dim3_bins5_2026-04-29_10-24-36.npz
rat0314,shuffle_null_mean,-0.06424242424242424,,344.0,/Users/Hannah/Programming/data_eyeblink/geometry_preservation_outputs/geometry_preservation_rat0314_set0314_dim3_bins5_2026-04-29_10-24-36.npz
rat0314,shuffle_null_mean,-0.005454545454545434,,345.0,/Users/Hannah/Programming/data_eyeblink/geometry_preservation_outputs/geometry_preservation_rat0314_set0314_dim3_bins5_2026-04-29_10-24-36.npz
rat0314,shuffle_null_mean,-0.10363636363636364,,346.0,/Users/Hannah/Programming/data_eyeblink/geometry_preservation_outputs/geometry_preservation_rat0314_set0314_dim3_bins5_2026-04-29_10-24-36.npz
rat0314,shuffle_null_mean,0.12969696969696964,,347.0,/Users/Hannah/Programming/data_eyeblink/geometry_preservation_outputs/geometry_preservation_rat0314_set0314_dim3_bins5_2026-04-29_10-24-36.npz
rat0314,shuffle_null_mean,-0.11575757575757573,,348.0,/Users/Hannah/Programming/data_eyeblink/geometry_preservation_outputs/geometry_preservation_rat0314_set0314_dim3_bins5_2026-04-29_10-24-36.npz
rat0314,shuffle_null_mean,-0.10060606060606059,,349.0,/Users/Hannah/Programming/data_eyeblink/geometry_preservation_outputs/geometry_preservation_rat0314_set0314_dim3_bins5_2026-04-29_10-24-36.npz
rat0314,shuffle_null_mean,-0.03212121212121213,,350.0,/Users/Hannah/Programming/data_eyeblink/geometry_preservation_outputs/geometry_preservation_rat0314_set0314_dim3_bins5_2026-04-29_10-24-36.npz
rat0314,shuffle_null_mean,-0.032727272727272716,,351.0,/Users/Hannah/Programming/data_eyeblink/geometry_preservation_outputs/geometry_preservation_rat0314_set0314_dim3_bins5_2026-04-29_10-24-36.npz
rat0314,shuffle_null_mean,-0.059999999999999984,,352.0,/Users/Hannah/Programming/data_eyeblink/geometry_preservation_outputs/geometry_preservation_rat0314_set0314_dim3_bins5_2026-04-29_10-24-36.npz
rat0314,shuffle_null_mean,-0.0018181818181818078,,353.0,/Users/Hannah/Programming/data_eyeblink/geometry_preservation_outputs/geometry_preservation_rat0314_set0314_dim3_bins5_2026-04-29_10-24-36.npz
rat0314,shuffle_null_mean,-0.0824242424242424,,354.0,/Users/Hannah/Programming/data_eyeblink/geometry_preservation_outputs/geometry_preservation_rat0314_set0314_dim3_bins5_2026-04-29_10-24-36.npz
rat0314,shuffle_null_mean,-0.1424242424242424,,355.0,/Users/Hannah/Programming/data_eyeblink/geometry_preservation_outputs/geometry_preservation_rat0314_set0314_dim3_bins5_2026-04-29_10-24-36.npz
rat0314,shuffle_null_mean,0.09757575757575755,,356.0,/Users/Hannah/Programming/data_eyeblink/geometry_preservation_outputs/geometry_preservation_rat0314_set0314_dim3_bins5_2026-04-29_10-24-36.npz
rat0314,shuffle_null_mean,-0.06909090909090909,,357.0,/Users/Hannah/Programming/data_eyeblink/geometry_preservation_outputs/geometry_preservation_rat0314_set0314_dim3_bins5_2026-04-29_10-24-36.npz
rat0314,shuffle_null_mean,-0.07393939393939393,,358.0,/Users/Hannah/Programming/data_eyeblink/geometry_preservation_outputs/geometry_preservation_rat0314_set0314_dim3_bins5_2026-04-29_10-24-36.npz
rat0314,shuffle_null_mean,0.11393939393939392,,359.0,/Users/Hannah/Programming/data_eyeblink/geometry_preservation_outputs/geometry_preservation_rat0314_set0314_dim3_bins5_2026-04-29_10-24-36.npz
rat0314,shuffle_null_mean,-0.016969696969696968,,360.0,/Users/Hannah/Programming/data_eyeblink/geometry_preservation_outputs/geometry_preservation_rat0314_set0314_dim3_bins5_2026-04-29_10-24-36.npz
rat0314,shuffle_null_mean,-0.05515151515151516,,361.0,/Users/Hannah/Programming/data_eyeblink/geometry_preservation_outputs/geometry_preservation_rat0314_set0314_dim3_bins5_2026-04-29_10-24-36.npz
rat0314,shuffle_null_mean,-0.007272727272727269,,362.0,/Users/Hannah/Programming/data_eyeblink/geometry_preservation_outputs/geometry_preservation_rat0314_set0314_dim3_bins5_2026-04-29_10-24-36.npz
rat0314,shuffle_null_mean,-0.06606060606060606,,363.0,/Users/Hannah/Programming/data_eyeblink/geometry_preservation_outputs/geometry_preservation_rat0314_set0314_dim3_bins5_2026-04-29_10-24-36.npz
rat0314,shuffle_null_mean,0.048484848484848485,,364.0,/Users/Hannah/Programming/data_eyeblink/geometry_preservation_outputs/geometry_preservation_rat0314_set0314_dim3_bins5_2026-04-29_10-24-36.npz
rat0314,shuffle_null_mean,-0.08181818181818182,,365.0,/Users/Hannah/Programming/data_eyeblink/geometry_preservation_outputs/geometry_preservation_rat0314_set0314_dim3_bins5_2026-04-29_10-24-36.npz
rat0314,shuffle_null_mean,-0.019999999999999997,,366.0,/Users/Hannah/Programming/data_eyeblink/geometry_preservation_outputs/geometry_preservation_rat0314_set0314_dim3_bins5_2026-04-29_10-24-36.npz
rat0314,shuffle_null_mean,-0.10666666666666665,,367.0,/Users/Hannah/Programming/data_eyeblink/geometry_preservation_outputs/geometry_preservation_rat0314_set0314_dim3_bins5_2026-04-29_10-24-36.npz
rat0314,shuffle_null_mean,0.06424242424242424,,368.0,/Users/Hannah/Programming/data_eyeblink/geometry_preservation_outputs/geometry_preservation_rat0314_set0314_dim3_bins5_2026-04-29_10-24-36.npz
rat0314,shuffle_null_mean,-0.036363636363636355,,369.0,/Users/Hannah/Programming/data_eyeblink/geometry_preservation_outputs/geometry_preservation_rat0314_set0314_dim3_bins5_2026-04-29_10-24-36.npz
rat0314,shuffle_null_mean,-0.0939393939393939,,370.0,/Users/Hannah/Programming/data_eyeblink/geometry_preservation_outputs/geometry_preservation_rat0314_set0314_dim3_bins5_2026-04-29_10-24-36.npz
rat0314,shuffle_null_mean,-0.049090909090909074,,371.0,/Users/Hannah/Programming/data_eyeblink/geometry_preservation_outputs/geometry_preservation_rat0314_set0314_dim3_bins5_2026-04-29_10-24-36.npz
rat0314,shuffle_null_mean,-0.08242424242424241,,372.0,/Users/Hannah/Programming/data_eyeblink/geometry_preservation_outputs/geometry_preservation_rat0314_set0314_dim3_bins5_2026-04-29_10-24-36.npz
rat0314,shuffle_null_mean,0.07696969696969695,,373.0,/Users/Hannah/Programming/data_eyeblink/geometry_preservation_outputs/geometry_preservation_rat0314_set0314_dim3_bins5_2026-04-29_10-24-36.npz
rat0314,shuffle_null_mean,0.10666666666666665,,374.0,/Users/Hannah/Programming/data_eyeblink/geometry_preservation_outputs/geometry_preservation_rat0314_set0314_dim3_bins5_2026-04-29_10-24-36.npz
rat0314,shuffle_null_mean,0.050909090909090904,,375.0,/Users/Hannah/Programming/data_eyeblink/geometry_preservation_outputs/geometry_preservation_rat0314_set0314_dim3_bins5_2026-04-29_10-24-36.npz
rat0314,shuffle_null_mean,0.03757575757575756,,376.0,/Users/Hannah/Programming/data_eyeblink/geometry_preservation_outputs/geometry_preservation_rat0314_set0314_dim3_bins5_2026-04-29_10-24-36.npz
rat0314,shuffle_null_mean,0.0036363636363636403,,377.0,/Users/Hannah/Programming/data_eyeblink/geometry_preservation_outputs/geometry_preservation_rat0314_set0314_dim3_bins5_2026-04-29_10-24-36.npz
rat0314,shuffle_null_mean,0.1309090909090909,,378.0,/Users/Hannah/Programming/data_eyeblink/geometry_preservation_outputs/geometry_preservation_rat0314_set0314_dim3_bins5_2026-04-29_10-24-36.npz
rat0314,shuffle_null_mean,0.11212121212121207,,379.0,/Users/Hannah/Programming/data_eyeblink/geometry_preservation_outputs/geometry_preservation_rat0314_set0314_dim3_bins5_2026-04-29_10-24-36.npz
rat0314,shuffle_null_mean,0.0624242424242424,,380.0,/Users/Hannah/Programming/data_eyeblink/geometry_preservation_outputs/geometry_preservation_rat0314_set0314_dim3_bins5_2026-04-29_10-24-36.npz
rat0314,shuffle_null_mean,0.008484848484848479,,381.0,/Users/Hannah/Programming/data_eyeblink/geometry_preservation_outputs/geometry_preservation_rat0314_set0314_dim3_bins5_2026-04-29_10-24-36.npz
rat0314,shuffle_null_mean,-0.03878787878787878,,382.0,/Users/Hannah/Programming/data_eyeblink/geometry_preservation_outputs/geometry_preservation_rat0314_set0314_dim3_bins5_2026-04-29_10-24-36.npz
rat0314,shuffle_null_mean,0.03515151515151514,,383.0,/Users/Hannah/Programming/data_eyeblink/geometry_preservation_outputs/geometry_preservation_rat0314_set0314_dim3_bins5_2026-04-29_10-24-36.npz
rat0314,shuffle_null_mean,0.04848484848484847,,384.0,/Users/Hannah/Programming/data_eyeblink/geometry_preservation_outputs/geometry_preservation_rat0314_set0314_dim3_bins5_2026-04-29_10-24-36.npz
rat0314,shuffle_null_mean,0.047272727272727265,,385.0,/Users/Hannah/Programming/data_eyeblink/geometry_preservation_outputs/geometry_preservation_rat0314_set0314_dim3_bins5_2026-04-29_10-24-36.npz
rat0314,shuffle_null_mean,0.21757575757575753,,386.0,/Users/Hannah/Programming/data_eyeblink/geometry_preservation_outputs/geometry_preservation_rat0314_set0314_dim3_bins5_2026-04-29_10-24-36.npz
rat0314,shuffle_null_mean,0.19212121212121208,,387.0,/Users/Hannah/Programming/data_eyeblink/geometry_preservation_outputs/geometry_preservation_rat0314_set0314_dim3_bins5_2026-04-29_10-24-36.npz
rat0314,shuffle_null_mean,0.030909090909090907,,388.0,/Users/Hannah/Programming/data_eyeblink/geometry_preservation_outputs/geometry_preservation_rat0314_set0314_dim3_bins5_2026-04-29_10-24-36.npz
rat0314,shuffle_null_mean,-0.03393939393939393,,389.0,/Users/Hannah/Programming/data_eyeblink/geometry_preservation_outputs/geometry_preservation_rat0314_set0314_dim3_bins5_2026-04-29_10-24-36.npz
rat0314,shuffle_null_mean,-0.07030303030303028,,390.0,/Users/Hannah/Programming/data_eyeblink/geometry_preservation_outputs/geometry_preservation_rat0314_set0314_dim3_bins5_2026-04-29_10-24-36.npz
rat0314,shuffle_null_mean,-0.10727272727272726,,391.0,/Users/Hannah/Programming/data_eyeblink/geometry_preservation_outputs/geometry_preservation_rat0314_set0314_dim3_bins5_2026-04-29_10-24-36.npz
rat0314,shuffle_null_mean,-0.06424242424242423,,392.0,/Users/Hannah/Programming/data_eyeblink/geometry_preservation_outputs/geometry_preservation_rat0314_set0314_dim3_bins5_2026-04-29_10-24-36.npz
rat0314,shuffle_null_mean,-0.030303030303030297,,393.0,/Users/Hannah/Programming/data_eyeblink/geometry_preservation_outputs/geometry_preservation_rat0314_set0314_dim3_bins5_2026-04-29_10-24-36.npz
rat0314,shuffle_null_mean,-0.13575757575757574,,394.0,/Users/Hannah/Programming/data_eyeblink/geometry_preservation_outputs/geometry_preservation_rat0314_set0314_dim3_bins5_2026-04-29_10-24-36.npz
rat0314,shuffle_null_mean,0.060606060606060594,,395.0,/Users/Hannah/Programming/data_eyeblink/geometry_preservation_outputs/geometry_preservation_rat0314_set0314_dim3_bins5_2026-04-29_10-24-36.npz
rat0314,shuffle_null_mean,-0.0030303030303030277,,396.0,/Users/Hannah/Programming/data_eyeblink/geometry_preservation_outputs/geometry_preservation_rat0314_set0314_dim3_bins5_2026-04-29_10-24-36.npz
rat0314,shuffle_null_mean,0.07333333333333333,,397.0,/Users/Hannah/Programming/data_eyeblink/geometry_preservation_outputs/geometry_preservation_rat0314_set0314_dim3_bins5_2026-04-29_10-24-36.npz
rat0314,shuffle_null_mean,-0.006060606060606067,,398.0,/Users/Hannah/Programming/data_eyeblink/geometry_preservation_outputs/geometry_preservation_rat0314_set0314_dim3_bins5_2026-04-29_10-24-36.npz
rat0314,shuffle_null_mean,0.03212121212121212,,399.0,/Users/Hannah/Programming/data_eyeblink/geometry_preservation_outputs/geometry_preservation_rat0314_set0314_dim3_bins5_2026-04-29_10-24-36.npz
rat0314,shuffle_null_mean,0.05212121212121211,,400.0,/Users/Hannah/Programming/data_eyeblink/geometry_preservation_outputs/geometry_preservation_rat0314_set0314_dim3_bins5_2026-04-29_10-24-36.npz
rat0314,shuffle_null_mean,0.061818181818181814,,401.0,/Users/Hannah/Programming/data_eyeblink/geometry_preservation_outputs/geometry_preservation_rat0314_set0314_dim3_bins5_2026-04-29_10-24-36.npz
rat0314,shuffle_null_mean,0.10303030303030303,,402.0,/Users/Hannah/Programming/data_eyeblink/geometry_preservation_outputs/geometry_preservation_rat0314_set0314_dim3_bins5_2026-04-29_10-24-36.npz
rat0314,shuffle_null_mean,-0.12727272727272726,,403.0,/Users/Hannah/Programming/data_eyeblink/geometry_preservation_outputs/geometry_preservation_rat0314_set0314_dim3_bins5_2026-04-29_10-24-36.npz
rat0314,shuffle_null_mean,-0.11575757575757573,,404.0,/Users/Hannah/Programming/data_eyeblink/geometry_preservation_outputs/geometry_preservation_rat0314_set0314_dim3_bins5_2026-04-29_10-24-36.npz
rat0314,shuffle_null_mean,0.1418181818181818,,405.0,/Users/Hannah/Programming/data_eyeblink/geometry_preservation_outputs/geometry_preservation_rat0314_set0314_dim3_bins5_2026-04-29_10-24-36.npz
rat0314,shuffle_null_mean,-0.0987878787878788,,406.0,/Users/Hannah/Programming/data_eyeblink/geometry_preservation_outputs/geometry_preservation_rat0314_set0314_dim3_bins5_2026-04-29_10-24-36.npz
rat0314,shuffle_null_mean,-0.025454545454545445,,407.0,/Users/Hannah/Programming/data_eyeblink/geometry_preservation_outputs/geometry_preservation_rat0314_set0314_dim3_bins5_2026-04-29_10-24-36.npz
rat0314,shuffle_null_mean,-0.01272727272727272,,408.0,/Users/Hannah/Programming/data_eyeblink/geometry_preservation_outputs/geometry_preservation_rat0314_set0314_dim3_bins5_2026-04-29_10-24-36.npz
rat0314,shuffle_null_mean,0.044848484848484846,,409.0,/Users/Hannah/Programming/data_eyeblink/geometry_preservation_outputs/geometry_preservation_rat0314_set0314_dim3_bins5_2026-04-29_10-24-36.npz
rat0314,shuffle_null_mean,-0.09030303030303029,,410.0,/Users/Hannah/Programming/data_eyeblink/geometry_preservation_outputs/geometry_preservation_rat0314_set0314_dim3_bins5_2026-04-29_10-24-36.npz
rat0314,shuffle_null_mean,-0.02,,411.0,/Users/Hannah/Programming/data_eyeblink/geometry_preservation_outputs/geometry_preservation_rat0314_set0314_dim3_bins5_2026-04-29_10-24-36.npz
rat0314,shuffle_null_mean,0.05333333333333333,,412.0,/Users/Hannah/Programming/data_eyeblink/geometry_preservation_outputs/geometry_preservation_rat0314_set0314_dim3_bins5_2026-04-29_10-24-36.npz
rat0314,shuffle_null_mean,0.0709090909090909,,413.0,/Users/Hannah/Programming/data_eyeblink/geometry_preservation_outputs/geometry_preservation_rat0314_set0314_dim3_bins5_2026-04-29_10-24-36.npz
rat0314,shuffle_null_mean,0.09575757575757575,,414.0,/Users/Hannah/Programming/data_eyeblink/geometry_preservation_outputs/geometry_preservation_rat0314_set0314_dim3_bins5_2026-04-29_10-24-36.npz
rat0314,shuffle_null_mean,0.12242424242424244,,415.0,/Users/Hannah/Programming/data_eyeblink/geometry_preservation_outputs/geometry_preservation_rat0314_set0314_dim3_bins5_2026-04-29_10-24-36.npz
rat0314,shuffle_null_mean,0.006060606060606056,,416.0,/Users/Hannah/Programming/data_eyeblink/geometry_preservation_outputs/geometry_preservation_rat0314_set0314_dim3_bins5_2026-04-29_10-24-36.npz
rat0314,shuffle_null_mean,-0.0709090909090909,,417.0,/Users/Hannah/Programming/data_eyeblink/geometry_preservation_outputs/geometry_preservation_rat0314_set0314_dim3_bins5_2026-04-29_10-24-36.npz
rat0314,shuffle_null_mean,-0.07818181818181817,,418.0,/Users/Hannah/Programming/data_eyeblink/geometry_preservation_outputs/geometry_preservation_rat0314_set0314_dim3_bins5_2026-04-29_10-24-36.npz
rat0314,shuffle_null_mean,-0.01636363636363635,,419.0,/Users/Hannah/Programming/data_eyeblink/geometry_preservation_outputs/geometry_preservation_rat0314_set0314_dim3_bins5_2026-04-29_10-24-36.npz
rat0314,shuffle_null_mean,0.016969696969696964,,420.0,/Users/Hannah/Programming/data_eyeblink/geometry_preservation_outputs/geometry_preservation_rat0314_set0314_dim3_bins5_2026-04-29_10-24-36.npz
rat0314,shuffle_null_mean,0.13696969696969696,,421.0,/Users/Hannah/Programming/data_eyeblink/geometry_preservation_outputs/geometry_preservation_rat0314_set0314_dim3_bins5_2026-04-29_10-24-36.npz
rat0314,shuffle_null_mean,0.09818181818181818,,422.0,/Users/Hannah/Programming/data_eyeblink/geometry_preservation_outputs/geometry_preservation_rat0314_set0314_dim3_bins5_2026-04-29_10-24-36.npz
rat0314,shuffle_null_mean,0.004242424242424233,,423.0,/Users/Hannah/Programming/data_eyeblink/geometry_preservation_outputs/geometry_preservation_rat0314_set0314_dim3_bins5_2026-04-29_10-24-36.npz
rat0314,shuffle_null_mean,-0.04727272727272728,,424.0,/Users/Hannah/Programming/data_eyeblink/geometry_preservation_outputs/geometry_preservation_rat0314_set0314_dim3_bins5_2026-04-29_10-24-36.npz
rat0314,shuffle_null_mean,0.022424242424242406,,425.0,/Users/Hannah/Programming/data_eyeblink/geometry_preservation_outputs/geometry_preservation_rat0314_set0314_dim3_bins5_2026-04-29_10-24-36.npz
rat0314,shuffle_null_mean,-0.11333333333333333,,426.0,/Users/Hannah/Programming/data_eyeblink/geometry_preservation_outputs/geometry_preservation_rat0314_set0314_dim3_bins5_2026-04-29_10-24-36.npz
rat0314,shuffle_null_mean,0.02303030303030302,,427.0,/Users/Hannah/Programming/data_eyeblink/geometry_preservation_outputs/geometry_preservation_rat0314_set0314_dim3_bins5_2026-04-29_10-24-36.npz
rat0314,shuffle_null_mean,-0.09333333333333332,,428.0,/Users/Hannah/Programming/data_eyeblink/geometry_preservation_outputs/geometry_preservation_rat0314_set0314_dim3_bins5_2026-04-29_10-24-36.npz
rat0314,shuffle_null_mean,-0.07030303030303031,,429.0,/Users/Hannah/Programming/data_eyeblink/geometry_preservation_outputs/geometry_preservation_rat0314_set0314_dim3_bins5_2026-04-29_10-24-36.npz
rat0314,shuffle_null_mean,-0.08909090909090908,,430.0,/Users/Hannah/Programming/data_eyeblink/geometry_preservation_outputs/geometry_preservation_rat0314_set0314_dim3_bins5_2026-04-29_10-24-36.npz
rat0314,shuffle_null_mean,-0.03999999999999999,,431.0,/Users/Hannah/Programming/data_eyeblink/geometry_preservation_outputs/geometry_preservation_rat0314_set0314_dim3_bins5_2026-04-29_10-24-36.npz
rat0314,shuffle_null_mean,0.005454545454545451,,432.0,/Users/Hannah/Programming/data_eyeblink/geometry_preservation_outputs/geometry_preservation_rat0314_set0314_dim3_bins5_2026-04-29_10-24-36.npz
rat0314,shuffle_null_mean,-0.023636363636363646,,433.0,/Users/Hannah/Programming/data_eyeblink/geometry_preservation_outputs/geometry_preservation_rat0314_set0314_dim3_bins5_2026-04-29_10-24-36.npz
rat0314,shuffle_null_mean,0.012727272727272716,,434.0,/Users/Hannah/Programming/data_eyeblink/geometry_preservation_outputs/geometry_preservation_rat0314_set0314_dim3_bins5_2026-04-29_10-24-36.npz
rat0314,shuffle_null_mean,0.05575757575757577,,435.0,/Users/Hannah/Programming/data_eyeblink/geometry_preservation_outputs/geometry_preservation_rat0314_set0314_dim3_bins5_2026-04-29_10-24-36.npz
rat0314,shuffle_null_mean,-0.021212121212121217,,436.0,/Users/Hannah/Programming/data_eyeblink/geometry_preservation_outputs/geometry_preservation_rat0314_set0314_dim3_bins5_2026-04-29_10-24-36.npz
rat0314,shuffle_null_mean,-0.07454545454545455,,437.0,/Users/Hannah/Programming/data_eyeblink/geometry_preservation_outputs/geometry_preservation_rat0314_set0314_dim3_bins5_2026-04-29_10-24-36.npz
rat0314,shuffle_null_mean,-0.001818181818181816,,438.0,/Users/Hannah/Programming/data_eyeblink/geometry_preservation_outputs/geometry_preservation_rat0314_set0314_dim3_bins5_2026-04-29_10-24-36.npz
rat0314,shuffle_null_mean,-0.06848484848484848,,439.0,/Users/Hannah/Programming/data_eyeblink/geometry_preservation_outputs/geometry_preservation_rat0314_set0314_dim3_bins5_2026-04-29_10-24-36.npz
rat0314,shuffle_null_mean,-0.06969696969696969,,440.0,/Users/Hannah/Programming/data_eyeblink/geometry_preservation_outputs/geometry_preservation_rat0314_set0314_dim3_bins5_2026-04-29_10-24-36.npz
rat0314,shuffle_null_mean,-0.008484848484848479,,441.0,/Users/Hannah/Programming/data_eyeblink/geometry_preservation_outputs/geometry_preservation_rat0314_set0314_dim3_bins5_2026-04-29_10-24-36.npz
rat0314,shuffle_null_mean,-0.11999999999999997,,442.0,/Users/Hannah/Programming/data_eyeblink/geometry_preservation_outputs/geometry_preservation_rat0314_set0314_dim3_bins5_2026-04-29_10-24-36.npz
rat0314,shuffle_null_mean,0.044848484848484825,,443.0,/Users/Hannah/Programming/data_eyeblink/geometry_preservation_outputs/geometry_preservation_rat0314_set0314_dim3_bins5_2026-04-29_10-24-36.npz
rat0314,shuffle_null_mean,-0.004848484848484843,,444.0,/Users/Hannah/Programming/data_eyeblink/geometry_preservation_outputs/geometry_preservation_rat0314_set0314_dim3_bins5_2026-04-29_10-24-36.npz
rat0314,shuffle_null_mean,0.007272727272727287,,445.0,/Users/Hannah/Programming/data_eyeblink/geometry_preservation_outputs/geometry_preservation_rat0314_set0314_dim3_bins5_2026-04-29_10-24-36.npz
rat0314,shuffle_null_mean,0.09212121212121212,,446.0,/Users/Hannah/Programming/data_eyeblink/geometry_preservation_outputs/geometry_preservation_rat0314_set0314_dim3_bins5_2026-04-29_10-24-36.npz
rat0314,shuffle_null_mean,0.1478787878787879,,447.0,/Users/Hannah/Programming/data_eyeblink/geometry_preservation_outputs/geometry_preservation_rat0314_set0314_dim3_bins5_2026-04-29_10-24-36.npz
rat0314,shuffle_null_mean,-0.09575757575757575,,448.0,/Users/Hannah/Programming/data_eyeblink/geometry_preservation_outputs/geometry_preservation_rat0314_set0314_dim3_bins5_2026-04-29_10-24-36.npz
rat0314,shuffle_null_mean,-0.10545454545454547,,449.0,/Users/Hannah/Programming/data_eyeblink/geometry_preservation_outputs/geometry_preservation_rat0314_set0314_dim3_bins5_2026-04-29_10-24-36.npz
rat0314,shuffle_null_mean,0.12060606060606056,,450.0,/Users/Hannah/Programming/data_eyeblink/geometry_preservation_outputs/geometry_preservation_rat0314_set0314_dim3_bins5_2026-04-29_10-24-36.npz
rat0314,shuffle_null_mean,-0.09030303030303029,,451.0,/Users/Hannah/Programming/data_eyeblink/geometry_preservation_outputs/geometry_preservation_rat0314_set0314_dim3_bins5_2026-04-29_10-24-36.npz
rat0314,shuffle_null_mean,-0.09151515151515152,,452.0,/Users/Hannah/Programming/data_eyeblink/geometry_preservation_outputs/geometry_preservation_rat0314_set0314_dim3_bins5_2026-04-29_10-24-36.npz
rat0314,shuffle_null_mean,0.1515151515151515,,453.0,/Users/Hannah/Programming/data_eyeblink/geometry_preservation_outputs/geometry_preservation_rat0314_set0314_dim3_bins5_2026-04-29_10-24-36.npz
rat0314,shuffle_null_mean,-0.00666666666666667,,454.0,/Users/Hannah/Programming/data_eyeblink/geometry_preservation_outputs/geometry_preservation_rat0314_set0314_dim3_bins5_2026-04-29_10-24-36.npz
rat0314,shuffle_null_mean,0.09030303030303027,,455.0,/Users/Hannah/Programming/data_eyeblink/geometry_preservation_outputs/geometry_preservation_rat0314_set0314_dim3_bins5_2026-04-29_10-24-36.npz
rat0314,shuffle_null_mean,-0.039999999999999994,,456.0,/Users/Hannah/Programming/data_eyeblink/geometry_preservation_outputs/geometry_preservation_rat0314_set0314_dim3_bins5_2026-04-29_10-24-36.npz
rat0314,shuffle_null_mean,0.0018181818181818258,,457.0,/Users/Hannah/Programming/data_eyeblink/geometry_preservation_outputs/geometry_preservation_rat0314_set0314_dim3_bins5_2026-04-29_10-24-36.npz
rat0314,shuffle_null_mean,-0.08787878787878789,,458.0,/Users/Hannah/Programming/data_eyeblink/geometry_preservation_outputs/geometry_preservation_rat0314_set0314_dim3_bins5_2026-04-29_10-24-36.npz
rat0314,shuffle_null_mean,-0.06363636363636363,,459.0,/Users/Hannah/Programming/data_eyeblink/geometry_preservation_outputs/geometry_preservation_rat0314_set0314_dim3_bins5_2026-04-29_10-24-36.npz
rat0314,shuffle_null_mean,-0.033333333333333326,,460.0,/Users/Hannah/Programming/data_eyeblink/geometry_preservation_outputs/geometry_preservation_rat0314_set0314_dim3_bins5_2026-04-29_10-24-36.npz
rat0314,shuffle_null_mean,-0.02242424242424242,,461.0,/Users/Hannah/Programming/data_eyeblink/geometry_preservation_outputs/geometry_preservation_rat0314_set0314_dim3_bins5_2026-04-29_10-24-36.npz
rat0314,shuffle_null_mean,-0.06424242424242425,,462.0,/Users/Hannah/Programming/data_eyeblink/geometry_preservation_outputs/geometry_preservation_rat0314_set0314_dim3_bins5_2026-04-29_10-24-36.npz
rat0314,shuffle_null_mean,0.21212121212121202,,463.0,/Users/Hannah/Programming/data_eyeblink/geometry_preservation_outputs/geometry_preservation_rat0314_set0314_dim3_bins5_2026-04-29_10-24-36.npz
rat0314,shuffle_null_mean,-0.043030303030303044,,464.0,/Users/Hannah/Programming/data_eyeblink/geometry_preservation_outputs/geometry_preservation_rat0314_set0314_dim3_bins5_2026-04-29_10-24-36.npz
rat0314,shuffle_null_mean,-0.03818181818181817,,465.0,/Users/Hannah/Programming/data_eyeblink/geometry_preservation_outputs/geometry_preservation_rat0314_set0314_dim3_bins5_2026-04-29_10-24-36.npz
rat0314,shuffle_null_mean,-0.018181818181818188,,466.0,/Users/Hannah/Programming/data_eyeblink/geometry_preservation_outputs/geometry_preservation_rat0314_set0314_dim3_bins5_2026-04-29_10-24-36.npz
rat0314,shuffle_null_mean,-0.16060606060606059,,467.0,/Users/Hannah/Programming/data_eyeblink/geometry_preservation_outputs/geometry_preservation_rat0314_set0314_dim3_bins5_2026-04-29_10-24-36.npz
rat0314,shuffle_null_mean,0.03939393939393939,,468.0,/Users/Hannah/Programming/data_eyeblink/geometry_preservation_outputs/geometry_preservation_rat0314_set0314_dim3_bins5_2026-04-29_10-24-36.npz
rat0314,shuffle_null_mean,0.036969696969696965,,469.0,/Users/Hannah/Programming/data_eyeblink/geometry_preservation_outputs/geometry_preservation_rat0314_set0314_dim3_bins5_2026-04-29_10-24-36.npz
rat0314,shuffle_null_mean,0.09999999999999999,,470.0,/Users/Hannah/Programming/data_eyeblink/geometry_preservation_outputs/geometry_preservation_rat0314_set0314_dim3_bins5_2026-04-29_10-24-36.npz
rat0314,shuffle_null_mean,0.019999999999999997,,471.0,/Users/Hannah/Programming/data_eyeblink/geometry_preservation_outputs/geometry_preservation_rat0314_set0314_dim3_bins5_2026-04-29_10-24-36.npz
rat0314,shuffle_null_mean,0.06303030303030302,,472.0,/Users/Hannah/Programming/data_eyeblink/geometry_preservation_outputs/geometry_preservation_rat0314_set0314_dim3_bins5_2026-04-29_10-24-36.npz
rat0314,shuffle_null_mean,0.010909090909090906,,473.0,/Users/Hannah/Programming/data_eyeblink/geometry_preservation_outputs/geometry_preservation_rat0314_set0314_dim3_bins5_2026-04-29_10-24-36.npz
rat0314,shuffle_null_mean,-0.033333333333333326,,474.0,/Users/Hannah/Programming/data_eyeblink/geometry_preservation_outputs/geometry_preservation_rat0314_set0314_dim3_bins5_2026-04-29_10-24-36.npz
rat0314,shuffle_null_mean,-0.041818181818181824,,475.0,/Users/Hannah/Programming/data_eyeblink/geometry_preservation_outputs/geometry_preservation_rat0314_set0314_dim3_bins5_2026-04-29_10-24-36.npz
rat0314,shuffle_null_mean,0.07333333333333333,,476.0,/Users/Hannah/Programming/data_eyeblink/geometry_preservation_outputs/geometry_preservation_rat0314_set0314_dim3_bins5_2026-04-29_10-24-36.npz
rat0314,shuffle_null_mean,-0.03878787878787878,,477.0,/Users/Hannah/Programming/data_eyeblink/geometry_preservation_outputs/geometry_preservation_rat0314_set0314_dim3_bins5_2026-04-29_10-24-36.npz
rat0314,shuffle_null_mean,-0.024242424242424242,,478.0,/Users/Hannah/Programming/data_eyeblink/geometry_preservation_outputs/geometry_preservation_rat0314_set0314_dim3_bins5_2026-04-29_10-24-36.npz
rat0314,shuffle_null_mean,-0.04181818181818181,,479.0,/Users/Hannah/Programming/data_eyeblink/geometry_preservation_outputs/geometry_preservation_rat0314_set0314_dim3_bins5_2026-04-29_10-24-36.npz
rat0314,shuffle_null_mean,-0.11090909090909092,,480.0,/Users/Hannah/Programming/data_eyeblink/geometry_preservation_outputs/geometry_preservation_rat0314_set0314_dim3_bins5_2026-04-29_10-24-36.npz
rat0314,shuffle_null_mean,-0.1369696969696969,,481.0,/Users/Hannah/Programming/data_eyeblink/geometry_preservation_outputs/geometry_preservation_rat0314_set0314_dim3_bins5_2026-04-29_10-24-36.npz
rat0314,shuffle_null_mean,-0.09757575757575757,,482.0,/Users/Hannah/Programming/data_eyeblink/geometry_preservation_outputs/geometry_preservation_rat0314_set0314_dim3_bins5_2026-04-29_10-24-36.npz
rat0314,shuffle_null_mean,0.029696969696969687,,483.0,/Users/Hannah/Programming/data_eyeblink/geometry_preservation_outputs/geometry_preservation_rat0314_set0314_dim3_bins5_2026-04-29_10-24-36.npz
rat0314,shuffle_null_mean,-0.009696969696969704,,484.0,/Users/Hannah/Programming/data_eyeblink/geometry_preservation_outputs/geometry_preservation_rat0314_set0314_dim3_bins5_2026-04-29_10-24-36.npz
rat0314,shuffle_null_mean,-0.023636363636363632,,485.0,/Users/Hannah/Programming/data_eyeblink/geometry_preservation_outputs/geometry_preservation_rat0314_set0314_dim3_bins5_2026-04-29_10-24-36.npz
rat0314,shuffle_null_mean,0.010909090909090896,,486.0,/Users/Hannah/Programming/data_eyeblink/geometry_preservation_outputs/geometry_preservation_rat0314_set0314_dim3_bins5_2026-04-29_10-24-36.npz
rat0314,shuffle_null_mean,-0.018787878787878784,,487.0,/Users/Hannah/Programming/data_eyeblink/geometry_preservation_outputs/geometry_preservation_rat0314_set0314_dim3_bins5_2026-04-29_10-24-36.npz
rat0314,shuffle_null_mean,-0.1636363636363636,,488.0,/Users/Hannah/Programming/data_eyeblink/geometry_preservation_outputs/geometry_preservation_rat0314_set0314_dim3_bins5_2026-04-29_10-24-36.npz
rat0314,shuffle_null_mean,0.022424242424242423,,489.0,/Users/Hannah/Programming/data_eyeblink/geometry_preservation_outputs/geometry_preservation_rat0314_set0314_dim3_bins5_2026-04-29_10-24-36.npz
rat0314,shuffle_null_mean,-0.03272727272727272,,490.0,/Users/Hannah/Programming/data_eyeblink/geometry_preservation_outputs/geometry_preservation_rat0314_set0314_dim3_bins5_2026-04-29_10-24-36.npz
rat0314,shuffle_null_mean,-0.06666666666666665,,491.0,/Users/Hannah/Programming/data_eyeblink/geometry_preservation_outputs/geometry_preservation_rat0314_set0314_dim3_bins5_2026-04-29_10-24-36.npz
rat0314,shuffle_null_mean,0.07939393939393939,,492.0,/Users/Hannah/Programming/data_eyeblink/geometry_preservation_outputs/geometry_preservation_rat0314_set0314_dim3_bins5_2026-04-29_10-24-36.npz
rat0314,shuffle_null_mean,0.1206060606060606,,493.0,/Users/Hannah/Programming/data_eyeblink/geometry_preservation_outputs/geometry_preservation_rat0314_set0314_dim3_bins5_2026-04-29_10-24-36.npz
rat0314,shuffle_null_mean,-0.0109090909090909,,494.0,/Users/Hannah/Programming/data_eyeblink/geometry_preservation_outputs/geometry_preservation_rat0314_set0314_dim3_bins5_2026-04-29_10-24-36.npz
rat0314,shuffle_null_mean,-0.05878787878787878,,495.0,/Users/Hannah/Programming/data_eyeblink/geometry_preservation_outputs/geometry_preservation_rat0314_set0314_dim3_bins5_2026-04-29_10-24-36.npz
rat0314,shuffle_null_mean,-0.10787878787878788,,496.0,/Users/Hannah/Programming/data_eyeblink/geometry_preservation_outputs/geometry_preservation_rat0314_set0314_dim3_bins5_2026-04-29_10-24-36.npz
rat0314,shuffle_null_mean,-0.10545454545454544,,497.0,/Users/Hannah/Programming/data_eyeblink/geometry_preservation_outputs/geometry_preservation_rat0314_set0314_dim3_bins5_2026-04-29_10-24-36.npz
rat0314,shuffle_null_mean,0.0412121212121212,,498.0,/Users/Hannah/Programming/data_eyeblink/geometry_preservation_outputs/geometry_preservation_rat0314_set0314_dim3_bins5_2026-04-29_10-24-36.npz
rat0314,shuffle_null_mean,-0.023030303030303022,,499.0,/Users/Hannah/Programming/data_eyeblink/geometry_preservation_outputs/geometry_preservation_rat0314_set0314_dim3_bins5_2026-04-29_10-24-36.npz
rat0816,real_run,0.7939393939393938,0.0,,/Users/Hannah/Programming/data_eyeblink/geometry_preservation_outputs/geometry_preservation_rat0816_set0816_dim3_bins5_2026-04-29_09-47-24.npz
rat0816,real_run,0.8545454545454544,1.0,,/Users/Hannah/Programming/data_eyeblink/geometry_preservation_outputs/geometry_preservation_rat0816_set0816_dim3_bins5_2026-04-29_09-47-24.npz
rat0816,real_run,0.9151515151515152,2.0,,/Users/Hannah/Programming/data_eyeblink/geometry_preservation_outputs/geometry_preservation_rat0816_set0816_dim3_bins5_2026-04-29_09-47-24.npz
rat0816,real_run,0.5757575757575757,3.0,,/Users/Hannah/Programming/data_eyeblink/geometry_preservation_outputs/geometry_preservation_rat0816_set0816_dim3_bins5_2026-04-29_09-47-24.npz
rat0816,real_run,0.7333333333333332,4.0,,/Users/Hannah/Programming/data_eyeblink/geometry_preservation_outputs/geometry_preservation_rat0816_set0816_dim3_bins5_2026-04-29_09-47-24.npz
rat0816,real_run,0.4787878787878787,5.0,,/Users/Hannah/Programming/data_eyeblink/geometry_preservation_outputs/geometry_preservation_rat0816_set0816_dim3_bins5_2026-04-29_09-47-24.npz
rat0816,real_run,0.6,6.0,,/Users/Hannah/Programming/data_eyeblink/geometry_preservation_outputs/geometry_preservation_rat0816_set0816_dim3_bins5_2026-04-29_09-47-24.npz
rat0816,real_run,0.7333333333333332,7.0,,/Users/Hannah/Programming/data_eyeblink/geometry_preservation_outputs/geometry_preservation_rat0816_set0816_dim3_bins5_2026-04-29_09-47-24.npz
rat0816,real_run,0.8666666666666665,8.0,,/Users/Hannah/Programming/data_eyeblink/geometry_preservation_outputs/geometry_preservation_rat0816_set0816_dim3_bins5_2026-04-29_09-47-24.npz
rat0816,real_run,0.8666666666666665,9.0,,/Users/Hannah/Programming/data_eyeblink/geometry_preservation_outputs/geometry_preservation_rat0816_set0816_dim3_bins5_2026-04-29_09-47-24.npz
rat0816,real_run,0.41818181818181815,10.0,,/Users/Hannah/Programming/data_eyeblink/geometry_preservation_outputs/geometry_preservation_rat0816_set0816_dim3_bins5_2026-04-29_09-47-24.npz
rat0816,real_run,0.35757575757575755,11.0,,/Users/Hannah/Programming/data_eyeblink/geometry_preservation_outputs/geometry_preservation_rat0816_set0816_dim3_bins5_2026-04-29_09-47-24.npz
rat0816,real_run,0.24848484848484845,12.0,,/Users/Hannah/Programming/data_eyeblink/geometry_preservation_outputs/geometry_preservation_rat0816_set0816_dim3_bins5_2026-04-29_09-47-24.npz
rat0816,real_run,0.6969696969696969,13.0,,/Users/Hannah/Programming/data_eyeblink/geometry_preservation_outputs/geometry_preservation_rat0816_set0816_dim3_bins5_2026-04-29_09-47-24.npz
rat0816,real_run,0.7696969696969697,14.0,,/Users/Hannah/Programming/data_eyeblink/geometry_preservation_outputs/geometry_preservation_rat0816_set0816_dim3_bins5_2026-04-29_09-47-24.npz
rat0816,real_run,0.7696969696969697,15.0,,/Users/Hannah/Programming/data_eyeblink/geometry_preservation_outputs/geometry_preservation_rat0816_set0816_dim3_bins5_2026-04-29_09-47-24.npz
rat0816,real_run,0.709090909090909,16.0,,/Users/Hannah/Programming/data_eyeblink/geometry_preservation_outputs/geometry_preservation_rat0816_set0816_dim3_bins5_2026-04-29_09-47-24.npz
rat0816,real_run,0.6242424242424242,17.0,,/Users/Hannah/Programming/data_eyeblink/geometry_preservation_outputs/geometry_preservation_rat0816_set0816_dim3_bins5_2026-04-29_09-47-24.npz
rat0816,real_run,0.8424242424242423,18.0,,/Users/Hannah/Programming/data_eyeblink/geometry_preservation_outputs/geometry_preservation_rat0816_set0816_dim3_bins5_2026-04-29_09-47-24.npz
rat0816,real_run,0.7696969696969697,19.0,,/Users/Hannah/Programming/data_eyeblink/geometry_preservation_outputs/geometry_preservation_rat0816_set0816_dim3_bins5_2026-04-29_09-47-24.npz
rat0816,shuffle_null_mean,-0.01818181818181818,,0.0,/Users/Hannah/Programming/data_eyeblink/geometry_preservation_outputs/geometry_preservation_rat0816_set0816_dim3_bins5_2026-04-29_09-47-24.npz
rat0816,shuffle_null_mean,-0.07333333333333332,,1.0,/Users/Hannah/Programming/data_eyeblink/geometry_preservation_outputs/geometry_preservation_rat0816_set0816_dim3_bins5_2026-04-29_09-47-24.npz
rat0816,shuffle_null_mean,0.12060606060606058,,2.0,/Users/Hannah/Programming/data_eyeblink/geometry_preservation_outputs/geometry_preservation_rat0816_set0816_dim3_bins5_2026-04-29_09-47-24.npz
rat0816,shuffle_null_mean,0.015151515151515155,,3.0,/Users/Hannah/Programming/data_eyeblink/geometry_preservation_outputs/geometry_preservation_rat0816_set0816_dim3_bins5_2026-04-29_09-47-24.npz
rat0816,shuffle_null_mean,-0.012727272727272735,,4.0,/Users/Hannah/Programming/data_eyeblink/geometry_preservation_outputs/geometry_preservation_rat0816_set0816_dim3_bins5_2026-04-29_09-47-24.npz
rat0816,shuffle_null_mean,0.09212121212121212,,5.0,/Users/Hannah/Programming/data_eyeblink/geometry_preservation_outputs/geometry_preservation_rat0816_set0816_dim3_bins5_2026-04-29_09-47-24.npz
rat0816,shuffle_null_mean,-0.016363636363636365,,6.0,/Users/Hannah/Programming/data_eyeblink/geometry_preservation_outputs/geometry_preservation_rat0816_set0816_dim3_bins5_2026-04-29_09-47-24.npz
rat0816,shuffle_null_mean,-0.0709090909090909,,7.0,/Users/Hannah/Programming/data_eyeblink/geometry_preservation_outputs/geometry_preservation_rat0816_set0816_dim3_bins5_2026-04-29_09-47-24.npz
rat0816,shuffle_null_mean,-0.08909090909090911,,8.0,/Users/Hannah/Programming/data_eyeblink/geometry_preservation_outputs/geometry_preservation_rat0816_set0816_dim3_bins5_2026-04-29_09-47-24.npz
rat0816,shuffle_null_mean,-0.09636363636363636,,9.0,/Users/Hannah/Programming/data_eyeblink/geometry_preservation_outputs/geometry_preservation_rat0816_set0816_dim3_bins5_2026-04-29_09-47-24.npz
rat0816,shuffle_null_mean,0.04545454545454544,,10.0,/Users/Hannah/Programming/data_eyeblink/geometry_preservation_outputs/geometry_preservation_rat0816_set0816_dim3_bins5_2026-04-29_09-47-24.npz
rat0816,shuffle_null_mean,-0.09636363636363636,,11.0,/Users/Hannah/Programming/data_eyeblink/geometry_preservation_outputs/geometry_preservation_rat0816_set0816_dim3_bins5_2026-04-29_09-47-24.npz
rat0816,shuffle_null_mean,-0.059999999999999984,,12.0,/Users/Hannah/Programming/data_eyeblink/geometry_preservation_outputs/geometry_preservation_rat0816_set0816_dim3_bins5_2026-04-29_09-47-24.npz
rat0816,shuffle_null_mean,0.039999999999999994,,13.0,/Users/Hannah/Programming/data_eyeblink/geometry_preservation_outputs/geometry_preservation_rat0816_set0816_dim3_bins5_2026-04-29_09-47-24.npz
rat0816,shuffle_null_mean,-0.05878787878787878,,14.0,/Users/Hannah/Programming/data_eyeblink/geometry_preservation_outputs/geometry_preservation_rat0816_set0816_dim3_bins5_2026-04-29_09-47-24.npz
rat0816,shuffle_null_mean,-0.015757575757575755,,15.0,/Users/Hannah/Programming/data_eyeblink/geometry_preservation_outputs/geometry_preservation_rat0816_set0816_dim3_bins5_2026-04-29_09-47-24.npz
rat0816,shuffle_null_mean,-0.014545454545454547,,16.0,/Users/Hannah/Programming/data_eyeblink/geometry_preservation_outputs/geometry_preservation_rat0816_set0816_dim3_bins5_2026-04-29_09-47-24.npz
rat0816,shuffle_null_mean,0.004848484848484853,,17.0,/Users/Hannah/Programming/data_eyeblink/geometry_preservation_outputs/geometry_preservation_rat0816_set0816_dim3_bins5_2026-04-29_09-47-24.npz
rat0816,shuffle_null_mean,-0.015757575757575748,,18.0,/Users/Hannah/Programming/data_eyeblink/geometry_preservation_outputs/geometry_preservation_rat0816_set0816_dim3_bins5_2026-04-29_09-47-24.npz
rat0816,shuffle_null_mean,0.05212121212121211,,19.0,/Users/Hannah/Programming/data_eyeblink/geometry_preservation_outputs/geometry_preservation_rat0816_set0816_dim3_bins5_2026-04-29_09-47-24.npz
rat0816,shuffle_null_mean,0.034545454545454546,,20.0,/Users/Hannah/Programming/data_eyeblink/geometry_preservation_outputs/geometry_preservation_rat0816_set0816_dim3_bins5_2026-04-29_09-47-24.npz
rat0816,shuffle_null_mean,0.04787878787878789,,21.0,/Users/Hannah/Programming/data_eyeblink/geometry_preservation_outputs/geometry_preservation_rat0816_set0816_dim3_bins5_2026-04-29_09-47-24.npz
rat0816,shuffle_null_mean,-0.023030303030303036,,22.0,/Users/Hannah/Programming/data_eyeblink/geometry_preservation_outputs/geometry_preservation_rat0816_set0816_dim3_bins5_2026-04-29_09-47-24.npz
rat0816,shuffle_null_mean,0.046060606060606066,,23.0,/Users/Hannah/Programming/data_eyeblink/geometry_preservation_outputs/geometry_preservation_rat0816_set0816_dim3_bins5_2026-04-29_09-47-24.npz
rat0816,shuffle_null_mean,-0.03151515151515151,,24.0,/Users/Hannah/Programming/data_eyeblink/geometry_preservation_outputs/geometry_preservation_rat0816_set0816_dim3_bins5_2026-04-29_09-47-24.npz
rat0816,shuffle_null_mean,-0.036363636363636355,,25.0,/Users/Hannah/Programming/data_eyeblink/geometry_preservation_outputs/geometry_preservation_rat0816_set0816_dim3_bins5_2026-04-29_09-47-24.npz
rat0816,shuffle_null_mean,0.07212121212121211,,26.0,/Users/Hannah/Programming/data_eyeblink/geometry_preservation_outputs/geometry_preservation_rat0816_set0816_dim3_bins5_2026-04-29_09-47-24.npz
rat0816,shuffle_null_mean,-0.02363636363636363,,27.0,/Users/Hannah/Programming/data_eyeblink/geometry_preservation_outputs/geometry_preservation_rat0816_set0816_dim3_bins5_2026-04-29_09-47-24.npz
rat0816,shuffle_null_mean,-0.07575757575757576,,28.0,/Users/Hannah/Programming/data_eyeblink/geometry_preservation_outputs/geometry_preservation_rat0816_set0816_dim3_bins5_2026-04-29_09-47-24.npz
rat0816,shuffle_null_mean,-0.0521212121212121,,29.0,/Users/Hannah/Programming/data_eyeblink/geometry_preservation_outputs/geometry_preservation_rat0816_set0816_dim3_bins5_2026-04-29_09-47-24.npz
rat0816,shuffle_null_mean,-0.0018181818181818104,,30.0,/Users/Hannah/Programming/data_eyeblink/geometry_preservation_outputs/geometry_preservation_rat0816_set0816_dim3_bins5_2026-04-29_09-47-24.npz
rat0816,shuffle_null_mean,0.0418181818181818,,31.0,/Users/Hannah/Programming/data_eyeblink/geometry_preservation_outputs/geometry_preservation_rat0816_set0816_dim3_bins5_2026-04-29_09-47-24.npz
rat0816,shuffle_null_mean,-0.09333333333333331,,32.0,/Users/Hannah/Programming/data_eyeblink/geometry_preservation_outputs/geometry_preservation_rat0816_set0816_dim3_bins5_2026-04-29_09-47-24.npz
rat0816,shuffle_null_mean,0.006666666666666658,,33.0,/Users/Hannah/Programming/data_eyeblink/geometry_preservation_outputs/geometry_preservation_rat0816_set0816_dim3_bins5_2026-04-29_09-47-24.npz
rat0816,shuffle_null_mean,-0.022424242424242413,,34.0,/Users/Hannah/Programming/data_eyeblink/geometry_preservation_outputs/geometry_preservation_rat0816_set0816_dim3_bins5_2026-04-29_09-47-24.npz
rat0816,shuffle_null_mean,-0.027272727272727275,,35.0,/Users/Hannah/Programming/data_eyeblink/geometry_preservation_outputs/geometry_preservation_rat0816_set0816_dim3_bins5_2026-04-29_09-47-24.npz
rat0816,shuffle_null_mean,-0.06727272727272728,,36.0,/Users/Hannah/Programming/data_eyeblink/geometry_preservation_outputs/geometry_preservation_rat0816_set0816_dim3_bins5_2026-04-29_09-47-24.npz
rat0816,shuffle_null_mean,0.045454545454545456,,37.0,/Users/Hannah/Programming/data_eyeblink/geometry_preservation_outputs/geometry_preservation_rat0816_set0816_dim3_bins5_2026-04-29_09-47-24.npz
rat0816,shuffle_null_mean,-0.015757575757575755,,38.0,/Users/Hannah/Programming/data_eyeblink/geometry_preservation_outputs/geometry_preservation_rat0816_set0816_dim3_bins5_2026-04-29_09-47-24.npz
rat0816,shuffle_null_mean,-0.06242424242424238,,39.0,/Users/Hannah/Programming/data_eyeblink/geometry_preservation_outputs/geometry_preservation_rat0816_set0816_dim3_bins5_2026-04-29_09-47-24.npz
rat0816,shuffle_null_mean,-0.046666666666666676,,40.0,/Users/Hannah/Programming/data_eyeblink/geometry_preservation_outputs/geometry_preservation_rat0816_set0816_dim3_bins5_2026-04-29_09-47-24.npz
rat0816,shuffle_null_mean,-0.09393939393939393,,41.0,/Users/Hannah/Programming/data_eyeblink/geometry_preservation_outputs/geometry_preservation_rat0816_set0816_dim3_bins5_2026-04-29_09-47-24.npz
rat0816,shuffle_null_mean,0.0496969696969697,,42.0,/Users/Hannah/Programming/data_eyeblink/geometry_preservation_outputs/geometry_preservation_rat0816_set0816_dim3_bins5_2026-04-29_09-47-24.npz
rat0816,shuffle_null_mean,-0.0703030303030303,,43.0,/Users/Hannah/Programming/data_eyeblink/geometry_preservation_outputs/geometry_preservation_rat0816_set0816_dim3_bins5_2026-04-29_09-47-24.npz
rat0816,shuffle_null_mean,-0.060606060606060594,,44.0,/Users/Hannah/Programming/data_eyeblink/geometry_preservation_outputs/geometry_preservation_rat0816_set0816_dim3_bins5_2026-04-29_09-47-24.npz
rat0816,shuffle_null_mean,-0.07878787878787877,,45.0,/Users/Hannah/Programming/data_eyeblink/geometry_preservation_outputs/geometry_preservation_rat0816_set0816_dim3_bins5_2026-04-29_09-47-24.npz
rat0816,shuffle_null_mean,-0.04121212121212121,,46.0,/Users/Hannah/Programming/data_eyeblink/geometry_preservation_outputs/geometry_preservation_rat0816_set0816_dim3_bins5_2026-04-29_09-47-24.npz
rat0816,shuffle_null_mean,-0.09090909090909088,,47.0,/Users/Hannah/Programming/data_eyeblink/geometry_preservation_outputs/geometry_preservation_rat0816_set0816_dim3_bins5_2026-04-29_09-47-24.npz
rat0816,shuffle_null_mean,0.13212121212121208,,48.0,/Users/Hannah/Programming/data_eyeblink/geometry_preservation_outputs/geometry_preservation_rat0816_set0816_dim3_bins5_2026-04-29_09-47-24.npz
rat0816,shuffle_null_mean,0.03212121212121212,,49.0,/Users/Hannah/Programming/data_eyeblink/geometry_preservation_outputs/geometry_preservation_rat0816_set0816_dim3_bins5_2026-04-29_09-47-24.npz
rat0816,shuffle_null_mean,0.08666666666666666,,50.0,/Users/Hannah/Programming/data_eyeblink/geometry_preservation_outputs/geometry_preservation_rat0816_set0816_dim3_bins5_2026-04-29_09-47-24.npz
rat0816,shuffle_null_mean,0.039393939393939384,,51.0,/Users/Hannah/Programming/data_eyeblink/geometry_preservation_outputs/geometry_preservation_rat0816_set0816_dim3_bins5_2026-04-29_09-47-24.npz
rat0816,shuffle_null_mean,-0.04848484848484848,,52.0,/Users/Hannah/Programming/data_eyeblink/geometry_preservation_outputs/geometry_preservation_rat0816_set0816_dim3_bins5_2026-04-29_09-47-24.npz
rat0816,shuffle_null_mean,-0.050909090909090925,,53.0,/Users/Hannah/Programming/data_eyeblink/geometry_preservation_outputs/geometry_preservation_rat0816_set0816_dim3_bins5_2026-04-29_09-47-24.npz
rat0816,shuffle_null_mean,0.02242424242424241,,54.0,/Users/Hannah/Programming/data_eyeblink/geometry_preservation_outputs/geometry_preservation_rat0816_set0816_dim3_bins5_2026-04-29_09-47-24.npz
rat0816,shuffle_null_mean,-0.08848484848484847,,55.0,/Users/Hannah/Programming/data_eyeblink/geometry_preservation_outputs/geometry_preservation_rat0816_set0816_dim3_bins5_2026-04-29_09-47-24.npz
rat0816,shuffle_null_mean,-0.06424242424242424,,56.0,/Users/Hannah/Programming/data_eyeblink/geometry_preservation_outputs/geometry_preservation_rat0816_set0816_dim3_bins5_2026-04-29_09-47-24.npz
rat0816,shuffle_null_mean,-0.034545454545454546,,57.0,/Users/Hannah/Programming/data_eyeblink/geometry_preservation_outputs/geometry_preservation_rat0816_set0816_dim3_bins5_2026-04-29_09-47-24.npz
rat0816,shuffle_null_mean,-0.03151515151515151,,58.0,/Users/Hannah/Programming/data_eyeblink/geometry_preservation_outputs/geometry_preservation_rat0816_set0816_dim3_bins5_2026-04-29_09-47-24.npz
rat0816,shuffle_null_mean,0.028484848484848484,,59.0,/Users/Hannah/Programming/data_eyeblink/geometry_preservation_outputs/geometry_preservation_rat0816_set0816_dim3_bins5_2026-04-29_09-47-24.npz
rat0816,shuffle_null_mean,-0.05030303030303031,,60.0,/Users/Hannah/Programming/data_eyeblink/geometry_preservation_outputs/geometry_preservation_rat0816_set0816_dim3_bins5_2026-04-29_09-47-24.npz
rat0816,shuffle_null_mean,0.06727272727272726,,61.0,/Users/Hannah/Programming/data_eyeblink/geometry_preservation_outputs/geometry_preservation_rat0816_set0816_dim3_bins5_2026-04-29_09-47-24.npz
rat0816,shuffle_null_mean,0.1351515151515152,,62.0,/Users/Hannah/Programming/data_eyeblink/geometry_preservation_outputs/geometry_preservation_rat0816_set0816_dim3_bins5_2026-04-29_09-47-24.npz
rat0816,shuffle_null_mean,-0.09212121212121213,,63.0,/Users/Hannah/Programming/data_eyeblink/geometry_preservation_outputs/geometry_preservation_rat0816_set0816_dim3_bins5_2026-04-29_09-47-24.npz
rat0816,shuffle_null_mean,0.06303030303030302,,64.0,/Users/Hannah/Programming/data_eyeblink/geometry_preservation_outputs/geometry_preservation_rat0816_set0816_dim3_bins5_2026-04-29_09-47-24.npz
rat0816,shuffle_null_mean,-0.09878787878787877,,65.0,/Users/Hannah/Programming/data_eyeblink/geometry_preservation_outputs/geometry_preservation_rat0816_set0816_dim3_bins5_2026-04-29_09-47-24.npz
rat0816,shuffle_null_mean,-0.0703030303030303,,66.0,/Users/Hannah/Programming/data_eyeblink/geometry_preservation_outputs/geometry_preservation_rat0816_set0816_dim3_bins5_2026-04-29_09-47-24.npz
rat0816,shuffle_null_mean,0.006060606060606059,,67.0,/Users/Hannah/Programming/data_eyeblink/geometry_preservation_outputs/geometry_preservation_rat0816_set0816_dim3_bins5_2026-04-29_09-47-24.npz
rat0816,shuffle_null_mean,0.01393939393939394,,68.0,/Users/Hannah/Programming/data_eyeblink/geometry_preservation_outputs/geometry_preservation_rat0816_set0816_dim3_bins5_2026-04-29_09-47-24.npz
rat0816,shuffle_null_mean,-0.04909090909090909,,69.0,/Users/Hannah/Programming/data_eyeblink/geometry_preservation_outputs/geometry_preservation_rat0816_set0816_dim3_bins5_2026-04-29_09-47-24.npz
rat0816,shuffle_null_mean,0.0496969696969697,,70.0,/Users/Hannah/Programming/data_eyeblink/geometry_preservation_outputs/geometry_preservation_rat0816_set0816_dim3_bins5_2026-04-29_09-47-24.npz
rat0816,shuffle_null_mean,0.10060606060606059,,71.0,/Users/Hannah/Programming/data_eyeblink/geometry_preservation_outputs/geometry_preservation_rat0816_set0816_dim3_bins5_2026-04-29_09-47-24.npz
rat0816,shuffle_null_mean,-0.04969696969696969,,72.0,/Users/Hannah/Programming/data_eyeblink/geometry_preservation_outputs/geometry_preservation_rat0816_set0816_dim3_bins5_2026-04-29_09-47-24.npz
rat0816,shuffle_null_mean,-0.07393939393939392,,73.0,/Users/Hannah/Programming/data_eyeblink/geometry_preservation_outputs/geometry_preservation_rat0816_set0816_dim3_bins5_2026-04-29_09-47-24.npz
rat0816,shuffle_null_mean,-0.0818181818181818,,74.0,/Users/Hannah/Programming/data_eyeblink/geometry_preservation_outputs/geometry_preservation_rat0816_set0816_dim3_bins5_2026-04-29_09-47-24.npz
rat0816,shuffle_null_mean,-0.020606060606060607,,75.0,/Users/Hannah/Programming/data_eyeblink/geometry_preservation_outputs/geometry_preservation_rat0816_set0816_dim3_bins5_2026-04-29_09-47-24.npz
rat0816,shuffle_null_mean,-0.0024242424242424286,,76.0,/Users/Hannah/Programming/data_eyeblink/geometry_preservation_outputs/geometry_preservation_rat0816_set0816_dim3_bins5_2026-04-29_09-47-24.npz
rat0816,shuffle_null_mean,0.07515151515151514,,77.0,/Users/Hannah/Programming/data_eyeblink/geometry_preservation_outputs/geometry_preservation_rat0816_set0816_dim3_bins5_2026-04-29_09-47-24.npz
rat0816,shuffle_null_mean,-0.06363636363636363,,78.0,/Users/Hannah/Programming/data_eyeblink/geometry_preservation_outputs/geometry_preservation_rat0816_set0816_dim3_bins5_2026-04-29_09-47-24.npz
rat0816,shuffle_null_mean,0.019999999999999987,,79.0,/Users/Hannah/Programming/data_eyeblink/geometry_preservation_outputs/geometry_preservation_rat0816_set0816_dim3_bins5_2026-04-29_09-47-24.npz
rat0816,shuffle_null_mean,0.04181818181818183,,80.0,/Users/Hannah/Programming/data_eyeblink/geometry_preservation_outputs/geometry_preservation_rat0816_set0816_dim3_bins5_2026-04-29_09-47-24.npz
rat0816,shuffle_null_mean,-0.03151515151515151,,81.0,/Users/Hannah/Programming/data_eyeblink/geometry_preservation_outputs/geometry_preservation_rat0816_set0816_dim3_bins5_2026-04-29_09-47-24.npz
rat0816,shuffle_null_mean,-0.022424242424242416,,82.0,/Users/Hannah/Programming/data_eyeblink/geometry_preservation_outputs/geometry_preservation_rat0816_set0816_dim3_bins5_2026-04-29_09-47-24.npz
rat0816,shuffle_null_mean,0.13515151515151513,,83.0,/Users/Hannah/Programming/data_eyeblink/geometry_preservation_outputs/geometry_preservation_rat0816_set0816_dim3_bins5_2026-04-29_09-47-24.npz
rat0816,shuffle_null_mean,-0.046666666666666676,,84.0,/Users/Hannah/Programming/data_eyeblink/geometry_preservation_outputs/geometry_preservation_rat0816_set0816_dim3_bins5_2026-04-29_09-47-24.npz
rat0816,shuffle_null_mean,0.02181818181818182,,85.0,/Users/Hannah/Programming/data_eyeblink/geometry_preservation_outputs/geometry_preservation_rat0816_set0816_dim3_bins5_2026-04-29_09-47-24.npz
rat0816,shuffle_null_mean,0.011515151515151525,,86.0,/Users/Hannah/Programming/data_eyeblink/geometry_preservation_outputs/geometry_preservation_rat0816_set0816_dim3_bins5_2026-04-29_09-47-24.npz
rat0816,shuffle_null_mean,0.0012121212121212139,,87.0,/Users/Hannah/Programming/data_eyeblink/geometry_preservation_outputs/geometry_preservation_rat0816_set0816_dim3_bins5_2026-04-29_09-47-24.npz
rat0816,shuffle_null_mean,-0.05636363636363635,,88.0,/Users/Hannah/Programming/data_eyeblink/geometry_preservation_outputs/geometry_preservation_rat0816_set0816_dim3_bins5_2026-04-29_09-47-24.npz
rat0816,shuffle_null_mean,-0.018181818181818177,,89.0,/Users/Hannah/Programming/data_eyeblink/geometry_preservation_outputs/geometry_preservation_rat0816_set0816_dim3_bins5_2026-04-29_09-47-24.npz
rat0816,shuffle_null_mean,0.05454545454545453,,90.0,/Users/Hannah/Programming/data_eyeblink/geometry_preservation_outputs/geometry_preservation_rat0816_set0816_dim3_bins5_2026-04-29_09-47-24.npz
rat0816,shuffle_null_mean,0.013939393939393935,,91.0,/Users/Hannah/Programming/data_eyeblink/geometry_preservation_outputs/geometry_preservation_rat0816_set0816_dim3_bins5_2026-04-29_09-47-24.npz
rat0816,shuffle_null_mean,-0.06969696969696969,,92.0,/Users/Hannah/Programming/data_eyeblink/geometry_preservation_outputs/geometry_preservation_rat0816_set0816_dim3_bins5_2026-04-29_09-47-24.npz
rat0816,shuffle_null_mean,-0.012121212121212113,,93.0,/Users/Hannah/Programming/data_eyeblink/geometry_preservation_outputs/geometry_preservation_rat0816_set0816_dim3_bins5_2026-04-29_09-47-24.npz
rat0816,shuffle_null_mean,0.0030303030303030333,,94.0,/Users/Hannah/Programming/data_eyeblink/geometry_preservation_outputs/geometry_preservation_rat0816_set0816_dim3_bins5_2026-04-29_09-47-24.npz
rat0816,shuffle_null_mean,-0.08909090909090908,,95.0,/Users/Hannah/Programming/data_eyeblink/geometry_preservation_outputs/geometry_preservation_rat0816_set0816_dim3_bins5_2026-04-29_09-47-24.npz
rat0816,shuffle_null_mean,0.012121212121212132,,96.0,/Users/Hannah/Programming/data_eyeblink/geometry_preservation_outputs/geometry_preservation_rat0816_set0816_dim3_bins5_2026-04-29_09-47-24.npz
rat0816,shuffle_null_mean,-0.01212121212121212,,97.0,/Users/Hannah/Programming/data_eyeblink/geometry_preservation_outputs/geometry_preservation_rat0816_set0816_dim3_bins5_2026-04-29_09-47-24.npz
rat0816,shuffle_null_mean,-0.04242424242424241,,98.0,/Users/Hannah/Programming/data_eyeblink/geometry_preservation_outputs/geometry_preservation_rat0816_set0816_dim3_bins5_2026-04-29_09-47-24.npz
rat0816,shuffle_null_mean,0.04909090909090909,,99.0,/Users/Hannah/Programming/data_eyeblink/geometry_preservation_outputs/geometry_preservation_rat0816_set0816_dim3_bins5_2026-04-29_09-47-24.npz
rat0816,shuffle_null_mean,0.03151515151515151,,100.0,/Users/Hannah/Programming/data_eyeblink/geometry_preservation_outputs/geometry_preservation_rat0816_set0816_dim3_bins5_2026-04-29_09-47-24.npz
rat0816,shuffle_null_mean,0.03393939393939394,,101.0,/Users/Hannah/Programming/data_eyeblink/geometry_preservation_outputs/geometry_preservation_rat0816_set0816_dim3_bins5_2026-04-29_09-47-24.npz
rat0816,shuffle_null_mean,-0.05575757575757574,,102.0,/Users/Hannah/Programming/data_eyeblink/geometry_preservation_outputs/geometry_preservation_rat0816_set0816_dim3_bins5_2026-04-29_09-47-24.npz
rat0816,shuffle_null_mean,-0.11999999999999997,,103.0,/Users/Hannah/Programming/data_eyeblink/geometry_preservation_outputs/geometry_preservation_rat0816_set0816_dim3_bins5_2026-04-29_09-47-24.npz
rat0816,shuffle_null_mean,0.07272727272727272,,104.0,/Users/Hannah/Programming/data_eyeblink/geometry_preservation_outputs/geometry_preservation_rat0816_set0816_dim3_bins5_2026-04-29_09-47-24.npz
rat0816,shuffle_null_mean,0.08666666666666666,,105.0,/Users/Hannah/Programming/data_eyeblink/geometry_preservation_outputs/geometry_preservation_rat0816_set0816_dim3_bins5_2026-04-29_09-47-24.npz
rat0816,shuffle_null_mean,0.06424242424242424,,106.0,/Users/Hannah/Programming/data_eyeblink/geometry_preservation_outputs/geometry_preservation_rat0816_set0816_dim3_bins5_2026-04-29_09-47-24.npz
rat0816,shuffle_null_mean,-0.13636363636363633,,107.0,/Users/Hannah/Programming/data_eyeblink/geometry_preservation_outputs/geometry_preservation_rat0816_set0816_dim3_bins5_2026-04-29_09-47-24.npz
rat0816,shuffle_null_mean,0.05515151515151515,,108.0,/Users/Hannah/Programming/data_eyeblink/geometry_preservation_outputs/geometry_preservation_rat0816_set0816_dim3_bins5_2026-04-29_09-47-24.npz
rat0816,shuffle_null_mean,-0.09393939393939393,,109.0,/Users/Hannah/Programming/data_eyeblink/geometry_preservation_outputs/geometry_preservation_rat0816_set0816_dim3_bins5_2026-04-29_09-47-24.npz
rat0816,shuffle_null_mean,-0.11757575757575758,,110.0,/Users/Hannah/Programming/data_eyeblink/geometry_preservation_outputs/geometry_preservation_rat0816_set0816_dim3_bins5_2026-04-29_09-47-24.npz
rat0816,shuffle_null_mean,-0.05030303030303031,,111.0,/Users/Hannah/Programming/data_eyeblink/geometry_preservation_outputs/geometry_preservation_rat0816_set0816_dim3_bins5_2026-04-29_09-47-24.npz
rat0816,shuffle_null_mean,-0.047272727272727265,,112.0,/Users/Hannah/Programming/data_eyeblink/geometry_preservation_outputs/geometry_preservation_rat0816_set0816_dim3_bins5_2026-04-29_09-47-24.npz
rat0816,shuffle_null_mean,-0.015151515151515155,,113.0,/Users/Hannah/Programming/data_eyeblink/geometry_preservation_outputs/geometry_preservation_rat0816_set0816_dim3_bins5_2026-04-29_09-47-24.npz
rat0816,shuffle_null_mean,0.050909090909090904,,114.0,/Users/Hannah/Programming/data_eyeblink/geometry_preservation_outputs/geometry_preservation_rat0816_set0816_dim3_bins5_2026-04-29_09-47-24.npz
rat0816,shuffle_null_mean,-0.05212121212121211,,115.0,/Users/Hannah/Programming/data_eyeblink/geometry_preservation_outputs/geometry_preservation_rat0816_set0816_dim3_bins5_2026-04-29_09-47-24.npz
rat0816,shuffle_null_mean,-0.04181818181818181,,116.0,/Users/Hannah/Programming/data_eyeblink/geometry_preservation_outputs/geometry_preservation_rat0816_set0816_dim3_bins5_2026-04-29_09-47-24.npz
rat0816,shuffle_null_mean,-0.051515151515151514,,117.0,/Users/Hannah/Programming/data_eyeblink/geometry_preservation_outputs/geometry_preservation_rat0816_set0816_dim3_bins5_2026-04-29_09-47-24.npz
rat0816,shuffle_null_mean,0.05454545454545454,,118.0,/Users/Hannah/Programming/data_eyeblink/geometry_preservation_outputs/geometry_preservation_rat0816_set0816_dim3_bins5_2026-04-29_09-47-24.npz
rat0816,shuffle_null_mean,-0.033333333333333326,,119.0,/Users/Hannah/Programming/data_eyeblink/geometry_preservation_outputs/geometry_preservation_rat0816_set0816_dim3_bins5_2026-04-29_09-47-24.npz
rat0816,shuffle_null_mean,-0.042424242424242406,,120.0,/Users/Hannah/Programming/data_eyeblink/geometry_preservation_outputs/geometry_preservation_rat0816_set0816_dim3_bins5_2026-04-29_09-47-24.npz
rat0816,shuffle_null_mean,-0.09878787878787879,,121.0,/Users/Hannah/Programming/data_eyeblink/geometry_preservation_outputs/geometry_preservation_rat0816_set0816_dim3_bins5_2026-04-29_09-47-24.npz
rat0816,shuffle_null_mean,0.0024242424242424234,,122.0,/Users/Hannah/Programming/data_eyeblink/geometry_preservation_outputs/geometry_preservation_rat0816_set0816_dim3_bins5_2026-04-29_09-47-24.npz
rat0816,shuffle_null_mean,0.07818181818181819,,123.0,/Users/Hannah/Programming/data_eyeblink/geometry_preservation_outputs/geometry_preservation_rat0816_set0816_dim3_bins5_2026-04-29_09-47-24.npz
rat0816,shuffle_null_mean,0.07636363636363634,,124.0,/Users/Hannah/Programming/data_eyeblink/geometry_preservation_outputs/geometry_preservation_rat0816_set0816_dim3_bins5_2026-04-29_09-47-24.npz
rat0816,shuffle_null_mean,0.17272727272727267,,125.0,/Users/Hannah/Programming/data_eyeblink/geometry_preservation_outputs/geometry_preservation_rat0816_set0816_dim3_bins5_2026-04-29_09-47-24.npz
rat0816,shuffle_null_mean,-0.04242424242424243,,126.0,/Users/Hannah/Programming/data_eyeblink/geometry_preservation_outputs/geometry_preservation_rat0816_set0816_dim3_bins5_2026-04-29_09-47-24.npz
rat0816,shuffle_null_mean,0.044848484848484825,,127.0,/Users/Hannah/Programming/data_eyeblink/geometry_preservation_outputs/geometry_preservation_rat0816_set0816_dim3_bins5_2026-04-29_09-47-24.npz
rat0816,shuffle_null_mean,0.050303030303030294,,128.0,/Users/Hannah/Programming/data_eyeblink/geometry_preservation_outputs/geometry_preservation_rat0816_set0816_dim3_bins5_2026-04-29_09-47-24.npz
rat0816,shuffle_null_mean,-0.1,,129.0,/Users/Hannah/Programming/data_eyeblink/geometry_preservation_outputs/geometry_preservation_rat0816_set0816_dim3_bins5_2026-04-29_09-47-24.npz
rat0816,shuffle_null_mean,-0.13999999999999996,,130.0,/Users/Hannah/Programming/data_eyeblink/geometry_preservation_outputs/geometry_preservation_rat0816_set0816_dim3_bins5_2026-04-29_09-47-24.npz
rat0816,shuffle_null_mean,-0.06060606060606057,,131.0,/Users/Hannah/Programming/data_eyeblink/geometry_preservation_outputs/geometry_preservation_rat0816_set0816_dim3_bins5_2026-04-29_09-47-24.npz
rat0816,shuffle_null_mean,-0.019999999999999993,,132.0,/Users/Hannah/Programming/data_eyeblink/geometry_preservation_outputs/geometry_preservation_rat0816_set0816_dim3_bins5_2026-04-29_09-47-24.npz
rat0816,shuffle_null_mean,-0.16969696969696965,,133.0,/Users/Hannah/Programming/data_eyeblink/geometry_preservation_outputs/geometry_preservation_rat0816_set0816_dim3_bins5_2026-04-29_09-47-24.npz
rat0816,shuffle_null_mean,-0.08545454545454544,,134.0,/Users/Hannah/Programming/data_eyeblink/geometry_preservation_outputs/geometry_preservation_rat0816_set0816_dim3_bins5_2026-04-29_09-47-24.npz
rat0816,shuffle_null_mean,0.005454545454545451,,135.0,/Users/Hannah/Programming/data_eyeblink/geometry_preservation_outputs/geometry_preservation_rat0816_set0816_dim3_bins5_2026-04-29_09-47-24.npz
rat0816,shuffle_null_mean,-0.0006060606060606022,,136.0,/Users/Hannah/Programming/data_eyeblink/geometry_preservation_outputs/geometry_preservation_rat0816_set0816_dim3_bins5_2026-04-29_09-47-24.npz
rat0816,shuffle_null_mean,-0.059999999999999984,,137.0,/Users/Hannah/Programming/data_eyeblink/geometry_preservation_outputs/geometry_preservation_rat0816_set0816_dim3_bins5_2026-04-29_09-47-24.npz
rat0816,shuffle_null_mean,0.046060606060606066,,138.0,/Users/Hannah/Programming/data_eyeblink/geometry_preservation_outputs/geometry_preservation_rat0816_set0816_dim3_bins5_2026-04-29_09-47-24.npz
rat0816,shuffle_null_mean,0.12666666666666665,,139.0,/Users/Hannah/Programming/data_eyeblink/geometry_preservation_outputs/geometry_preservation_rat0816_set0816_dim3_bins5_2026-04-29_09-47-24.npz
rat0816,shuffle_null_mean,-0.09212121212121209,,140.0,/Users/Hannah/Programming/data_eyeblink/geometry_preservation_outputs/geometry_preservation_rat0816_set0816_dim3_bins5_2026-04-29_09-47-24.npz
rat0816,shuffle_null_mean,-0.006060606060606061,,141.0,/Users/Hannah/Programming/data_eyeblink/geometry_preservation_outputs/geometry_preservation_rat0816_set0816_dim3_bins5_2026-04-29_09-47-24.npz
rat0816,shuffle_null_mean,-0.0824242424242424,,142.0,/Users/Hannah/Programming/data_eyeblink/geometry_preservation_outputs/geometry_preservation_rat0816_set0816_dim3_bins5_2026-04-29_09-47-24.npz
rat0816,shuffle_null_mean,0.06666666666666668,,143.0,/Users/Hannah/Programming/data_eyeblink/geometry_preservation_outputs/geometry_preservation_rat0816_set0816_dim3_bins5_2026-04-29_09-47-24.npz
rat0816,shuffle_null_mean,-0.013939393939393923,,144.0,/Users/Hannah/Programming/data_eyeblink/geometry_preservation_outputs/geometry_preservation_rat0816_set0816_dim3_bins5_2026-04-29_09-47-24.npz
rat0816,shuffle_null_mean,-0.0709090909090909,,145.0,/Users/Hannah/Programming/data_eyeblink/geometry_preservation_outputs/geometry_preservation_rat0816_set0816_dim3_bins5_2026-04-29_09-47-24.npz
rat0816,shuffle_null_mean,0.08787878787878788,,146.0,/Users/Hannah/Programming/data_eyeblink/geometry_preservation_outputs/geometry_preservation_rat0816_set0816_dim3_bins5_2026-04-29_09-47-24.npz
rat0816,shuffle_null_mean,-0.013939393939393929,,147.0,/Users/Hannah/Programming/data_eyeblink/geometry_preservation_outputs/geometry_preservation_rat0816_set0816_dim3_bins5_2026-04-29_09-47-24.npz
rat0816,shuffle_null_mean,0.15515151515151512,,148.0,/Users/Hannah/Programming/data_eyeblink/geometry_preservation_outputs/geometry_preservation_rat0816_set0816_dim3_bins5_2026-04-29_09-47-24.npz
rat0816,shuffle_null_mean,-0.020606060606060607,,149.0,/Users/Hannah/Programming/data_eyeblink/geometry_preservation_outputs/geometry_preservation_rat0816_set0816_dim3_bins5_2026-04-29_09-47-24.npz
rat0816,shuffle_null_mean,-0.015151515151515148,,150.0,/Users/Hannah/Programming/data_eyeblink/geometry_preservation_outputs/geometry_preservation_rat0816_set0816_dim3_bins5_2026-04-29_09-47-24.npz
rat0816,shuffle_null_mean,-0.11999999999999997,,151.0,/Users/Hannah/Programming/data_eyeblink/geometry_preservation_outputs/geometry_preservation_rat0816_set0816_dim3_bins5_2026-04-29_09-47-24.npz
rat0816,shuffle_null_mean,-0.003030303030303022,,152.0,/Users/Hannah/Programming/data_eyeblink/geometry_preservation_outputs/geometry_preservation_rat0816_set0816_dim3_bins5_2026-04-29_09-47-24.npz
rat0816,shuffle_null_mean,-0.0018181818181818216,,153.0,/Users/Hannah/Programming/data_eyeblink/geometry_preservation_outputs/geometry_preservation_rat0816_set0816_dim3_bins5_2026-04-29_09-47-24.npz
rat0816,shuffle_null_mean,-0.07636363636363634,,154.0,/Users/Hannah/Programming/data_eyeblink/geometry_preservation_outputs/geometry_preservation_rat0816_set0816_dim3_bins5_2026-04-29_09-47-24.npz
rat0816,shuffle_null_mean,0.010303030303030293,,155.0,/Users/Hannah/Programming/data_eyeblink/geometry_preservation_outputs/geometry_preservation_rat0816_set0816_dim3_bins5_2026-04-29_09-47-24.npz
rat0816,shuffle_null_mean,0.10181818181818181,,156.0,/Users/Hannah/Programming/data_eyeblink/geometry_preservation_outputs/geometry_preservation_rat0816_set0816_dim3_bins5_2026-04-29_09-47-24.npz
rat0816,shuffle_null_mean,-0.11636363636363636,,157.0,/Users/Hannah/Programming/data_eyeblink/geometry_preservation_outputs/geometry_preservation_rat0816_set0816_dim3_bins5_2026-04-29_09-47-24.npz
rat0816,shuffle_null_mean,-0.018787878787878798,,158.0,/Users/Hannah/Programming/data_eyeblink/geometry_preservation_outputs/geometry_preservation_rat0816_set0816_dim3_bins5_2026-04-29_09-47-24.npz
rat0816,shuffle_null_mean,0.04848484848484848,,159.0,/Users/Hannah/Programming/data_eyeblink/geometry_preservation_outputs/geometry_preservation_rat0816_set0816_dim3_bins5_2026-04-29_09-47-24.npz
rat0816,shuffle_null_mean,-0.027878787878787892,,160.0,/Users/Hannah/Programming/data_eyeblink/geometry_preservation_outputs/geometry_preservation_rat0816_set0816_dim3_bins5_2026-04-29_09-47-24.npz
rat0816,shuffle_null_mean,-0.013939393939393929,,161.0,/Users/Hannah/Programming/data_eyeblink/geometry_preservation_outputs/geometry_preservation_rat0816_set0816_dim3_bins5_2026-04-29_09-47-24.npz
rat0816,shuffle_null_mean,0.02666666666666666,,162.0,/Users/Hannah/Programming/data_eyeblink/geometry_preservation_outputs/geometry_preservation_rat0816_set0816_dim3_bins5_2026-04-29_09-47-24.npz
rat0816,shuffle_null_mean,-0.029696969696969704,,163.0,/Users/Hannah/Programming/data_eyeblink/geometry_preservation_outputs/geometry_preservation_rat0816_set0816_dim3_bins5_2026-04-29_09-47-24.npz
rat0816,shuffle_null_mean,0.06424242424242424,,164.0,/Users/Hannah/Programming/data_eyeblink/geometry_preservation_outputs/geometry_preservation_rat0816_set0816_dim3_bins5_2026-04-29_09-47-24.npz
rat0816,shuffle_null_mean,0.1424242424242424,,165.0,/Users/Hannah/Programming/data_eyeblink/geometry_preservation_outputs/geometry_preservation_rat0816_set0816_dim3_bins5_2026-04-29_09-47-24.npz
rat0816,shuffle_null_mean,0.10545454545454544,,166.0,/Users/Hannah/Programming/data_eyeblink/geometry_preservation_outputs/geometry_preservation_rat0816_set0816_dim3_bins5_2026-04-29_09-47-24.npz
rat0816,shuffle_null_mean,0.08181818181818179,,167.0,/Users/Hannah/Programming/data_eyeblink/geometry_preservation_outputs/geometry_preservation_rat0816_set0816_dim3_bins5_2026-04-29_09-47-24.npz
rat0816,shuffle_null_mean,0.08666666666666667,,168.0,/Users/Hannah/Programming/data_eyeblink/geometry_preservation_outputs/geometry_preservation_rat0816_set0816_dim3_bins5_2026-04-29_09-47-24.npz
rat0816,shuffle_null_mean,-0.10060606060606059,,169.0,/Users/Hannah/Programming/data_eyeblink/geometry_preservation_outputs/geometry_preservation_rat0816_set0816_dim3_bins5_2026-04-29_09-47-24.npz
rat0816,shuffle_null_mean,-0.027272727272727275,,170.0,/Users/Hannah/Programming/data_eyeblink/geometry_preservation_outputs/geometry_preservation_rat0816_set0816_dim3_bins5_2026-04-29_09-47-24.npz
rat0816,shuffle_null_mean,0.07515151515151512,,171.0,/Users/Hannah/Programming/data_eyeblink/geometry_preservation_outputs/geometry_preservation_rat0816_set0816_dim3_bins5_2026-04-29_09-47-24.npz
rat0816,shuffle_null_mean,0.019393939393939373,,172.0,/Users/Hannah/Programming/data_eyeblink/geometry_preservation_outputs/geometry_preservation_rat0816_set0816_dim3_bins5_2026-04-29_09-47-24.npz
rat0816,shuffle_null_mean,-0.03818181818181818,,173.0,/Users/Hannah/Programming/data_eyeblink/geometry_preservation_outputs/geometry_preservation_rat0816_set0816_dim3_bins5_2026-04-29_09-47-24.npz
rat0816,shuffle_null_mean,-0.06484848484848485,,174.0,/Users/Hannah/Programming/data_eyeblink/geometry_preservation_outputs/geometry_preservation_rat0816_set0816_dim3_bins5_2026-04-29_09-47-24.npz
rat0816,shuffle_null_mean,0.03272727272727273,,175.0,/Users/Hannah/Programming/data_eyeblink/geometry_preservation_outputs/geometry_preservation_rat0816_set0816_dim3_bins5_2026-04-29_09-47-24.npz
rat0816,shuffle_null_mean,0.00848484848484849,,176.0,/Users/Hannah/Programming/data_eyeblink/geometry_preservation_outputs/geometry_preservation_rat0816_set0816_dim3_bins5_2026-04-29_09-47-24.npz
rat0816,shuffle_null_mean,-0.0515151515151515,,177.0,/Users/Hannah/Programming/data_eyeblink/geometry_preservation_outputs/geometry_preservation_rat0816_set0816_dim3_bins5_2026-04-29_09-47-24.npz
rat0816,shuffle_null_mean,-0.07515151515151512,,178.0,/Users/Hannah/Programming/data_eyeblink/geometry_preservation_outputs/geometry_preservation_rat0816_set0816_dim3_bins5_2026-04-29_09-47-24.npz
rat0816,shuffle_null_mean,0.07515151515151512,,179.0,/Users/Hannah/Programming/data_eyeblink/geometry_preservation_outputs/geometry_preservation_rat0816_set0816_dim3_bins5_2026-04-29_09-47-24.npz
rat0816,shuffle_null_mean,-0.009696969696969704,,180.0,/Users/Hannah/Programming/data_eyeblink/geometry_preservation_outputs/geometry_preservation_rat0816_set0816_dim3_bins5_2026-04-29_09-47-24.npz
rat0816,shuffle_null_mean,0.053333333333333344,,181.0,/Users/Hannah/Programming/data_eyeblink/geometry_preservation_outputs/geometry_preservation_rat0816_set0816_dim3_bins5_2026-04-29_09-47-24.npz
rat0816,shuffle_null_mean,0.062424242424242424,,182.0,/Users/Hannah/Programming/data_eyeblink/geometry_preservation_outputs/geometry_preservation_rat0816_set0816_dim3_bins5_2026-04-29_09-47-24.npz
rat0816,shuffle_null_mean,-0.0587878787878788,,183.0,/Users/Hannah/Programming/data_eyeblink/geometry_preservation_outputs/geometry_preservation_rat0816_set0816_dim3_bins5_2026-04-29_09-47-24.npz
rat0816,shuffle_null_mean,0.11393939393939394,,184.0,/Users/Hannah/Programming/data_eyeblink/geometry_preservation_outputs/geometry_preservation_rat0816_set0816_dim3_bins5_2026-04-29_09-47-24.npz
rat0816,shuffle_null_mean,-0.04727272727272726,,185.0,/Users/Hannah/Programming/data_eyeblink/geometry_preservation_outputs/geometry_preservation_rat0816_set0816_dim3_bins5_2026-04-29_09-47-24.npz
rat0816,shuffle_null_mean,-0.04060606060606059,,186.0,/Users/Hannah/Programming/data_eyeblink/geometry_preservation_outputs/geometry_preservation_rat0816_set0816_dim3_bins5_2026-04-29_09-47-24.npz
rat0816,shuffle_null_mean,0.10666666666666665,,187.0,/Users/Hannah/Programming/data_eyeblink/geometry_preservation_outputs/geometry_preservation_rat0816_set0816_dim3_bins5_2026-04-29_09-47-24.npz
rat0816,shuffle_null_mean,-0.06969696969696969,,188.0,/Users/Hannah/Programming/data_eyeblink/geometry_preservation_outputs/geometry_preservation_rat0816_set0816_dim3_bins5_2026-04-29_09-47-24.npz
rat0816,shuffle_null_mean,0.08787878787878786,,189.0,/Users/Hannah/Programming/data_eyeblink/geometry_preservation_outputs/geometry_preservation_rat0816_set0816_dim3_bins5_2026-04-29_09-47-24.npz
rat0816,shuffle_null_mean,-0.0024242424242424164,,190.0,/Users/Hannah/Programming/data_eyeblink/geometry_preservation_outputs/geometry_preservation_rat0816_set0816_dim3_bins5_2026-04-29_09-47-24.npz
rat0816,shuffle_null_mean,0.06484848484848485,,191.0,/Users/Hannah/Programming/data_eyeblink/geometry_preservation_outputs/geometry_preservation_rat0816_set0816_dim3_bins5_2026-04-29_09-47-24.npz
rat0816,shuffle_null_mean,-0.05212121212121211,,192.0,/Users/Hannah/Programming/data_eyeblink/geometry_preservation_outputs/geometry_preservation_rat0816_set0816_dim3_bins5_2026-04-29_09-47-24.npz
rat0816,shuffle_null_mean,0.07575757575757575,,193.0,/Users/Hannah/Programming/data_eyeblink/geometry_preservation_outputs/geometry_preservation_rat0816_set0816_dim3_bins5_2026-04-29_09-47-24.npz
rat0816,shuffle_null_mean,-0.09757575757575757,,194.0,/Users/Hannah/Programming/data_eyeblink/geometry_preservation_outputs/geometry_preservation_rat0816_set0816_dim3_bins5_2026-04-29_09-47-24.npz
rat0816,shuffle_null_mean,-0.01696969696969696,,195.0,/Users/Hannah/Programming/data_eyeblink/geometry_preservation_outputs/geometry_preservation_rat0816_set0816_dim3_bins5_2026-04-29_09-47-24.npz
rat0816,shuffle_null_mean,0.07333333333333333,,196.0,/Users/Hannah/Programming/data_eyeblink/geometry_preservation_outputs/geometry_preservation_rat0816_set0816_dim3_bins5_2026-04-29_09-47-24.npz
rat0816,shuffle_null_mean,-0.123030303030303,,197.0,/Users/Hannah/Programming/data_eyeblink/geometry_preservation_outputs/geometry_preservation_rat0816_set0816_dim3_bins5_2026-04-29_09-47-24.npz
rat0816,shuffle_null_mean,0.12666666666666665,,198.0,/Users/Hannah/Programming/data_eyeblink/geometry_preservation_outputs/geometry_preservation_rat0816_set0816_dim3_bins5_2026-04-29_09-47-24.npz
rat0816,shuffle_null_mean,0.026666666666666665,,199.0,/Users/Hannah/Programming/data_eyeblink/geometry_preservation_outputs/geometry_preservation_rat0816_set0816_dim3_bins5_2026-04-29_09-47-24.npz
rat0816,shuffle_null_mean,-0.05878787878787878,,200.0,/Users/Hannah/Programming/data_eyeblink/geometry_preservation_outputs/geometry_preservation_rat0816_set0816_dim3_bins5_2026-04-29_09-47-24.npz
rat0816,shuffle_null_mean,0.08242424242424241,,201.0,/Users/Hannah/Programming/data_eyeblink/geometry_preservation_outputs/geometry_preservation_rat0816_set0816_dim3_bins5_2026-04-29_09-47-24.npz
rat0816,shuffle_null_mean,-0.06303030303030305,,202.0,/Users/Hannah/Programming/data_eyeblink/geometry_preservation_outputs/geometry_preservation_rat0816_set0816_dim3_bins5_2026-04-29_09-47-24.npz
rat0816,shuffle_null_mean,0.08727272727272727,,203.0,/Users/Hannah/Programming/data_eyeblink/geometry_preservation_outputs/geometry_preservation_rat0816_set0816_dim3_bins5_2026-04-29_09-47-24.npz
rat0816,shuffle_null_mean,0.04606060606060604,,204.0,/Users/Hannah/Programming/data_eyeblink/geometry_preservation_outputs/geometry_preservation_rat0816_set0816_dim3_bins5_2026-04-29_09-47-24.npz
rat0816,shuffle_null_mean,0.10666666666666666,,205.0,/Users/Hannah/Programming/data_eyeblink/geometry_preservation_outputs/geometry_preservation_rat0816_set0816_dim3_bins5_2026-04-29_09-47-24.npz
rat0816,shuffle_null_mean,0.0024242424242424164,,206.0,/Users/Hannah/Programming/data_eyeblink/geometry_preservation_outputs/geometry_preservation_rat0816_set0816_dim3_bins5_2026-04-29_09-47-24.npz
rat0816,shuffle_null_mean,-0.024848484848484842,,207.0,/Users/Hannah/Programming/data_eyeblink/geometry_preservation_outputs/geometry_preservation_rat0816_set0816_dim3_bins5_2026-04-29_09-47-24.npz
rat0816,shuffle_null_mean,0.06606060606060606,,208.0,/Users/Hannah/Programming/data_eyeblink/geometry_preservation_outputs/geometry_preservation_rat0816_set0816_dim3_bins5_2026-04-29_09-47-24.npz
rat0816,shuffle_null_mean,-0.016363636363636365,,209.0,/Users/Hannah/Programming/data_eyeblink/geometry_preservation_outputs/geometry_preservation_rat0816_set0816_dim3_bins5_2026-04-29_09-47-24.npz
rat0816,shuffle_null_mean,0.06484848484848485,,210.0,/Users/Hannah/Programming/data_eyeblink/geometry_preservation_outputs/geometry_preservation_rat0816_set0816_dim3_bins5_2026-04-29_09-47-24.npz
rat0816,shuffle_null_mean,0.10666666666666666,,211.0,/Users/Hannah/Programming/data_eyeblink/geometry_preservation_outputs/geometry_preservation_rat0816_set0816_dim3_bins5_2026-04-29_09-47-24.npz
rat0816,shuffle_null_mean,-0.050303030303030294,,212.0,/Users/Hannah/Programming/data_eyeblink/geometry_preservation_outputs/geometry_preservation_rat0816_set0816_dim3_bins5_2026-04-29_09-47-24.npz
rat0816,shuffle_null_mean,-0.05636363636363635,,213.0,/Users/Hannah/Programming/data_eyeblink/geometry_preservation_outputs/geometry_preservation_rat0816_set0816_dim3_bins5_2026-04-29_09-47-24.npz
rat0816,shuffle_null_mean,0.12727272727272726,,214.0,/Users/Hannah/Programming/data_eyeblink/geometry_preservation_outputs/geometry_preservation_rat0816_set0816_dim3_bins5_2026-04-29_09-47-24.npz
rat0816,shuffle_null_mean,0.044848484848484846,,215.0,/Users/Hannah/Programming/data_eyeblink/geometry_preservation_outputs/geometry_preservation_rat0816_set0816_dim3_bins5_2026-04-29_09-47-24.npz
rat0816,shuffle_null_mean,-0.021818181818181813,,216.0,/Users/Hannah/Programming/data_eyeblink/geometry_preservation_outputs/geometry_preservation_rat0816_set0816_dim3_bins5_2026-04-29_09-47-24.npz
rat0816,shuffle_null_mean,0.04484848484848486,,217.0,/Users/Hannah/Programming/data_eyeblink/geometry_preservation_outputs/geometry_preservation_rat0816_set0816_dim3_bins5_2026-04-29_09-47-24.npz
rat0816,shuffle_null_mean,-0.12545454545454546,,218.0,/Users/Hannah/Programming/data_eyeblink/geometry_preservation_outputs/geometry_preservation_rat0816_set0816_dim3_bins5_2026-04-29_09-47-24.npz
rat0816,shuffle_null_mean,0.014545454545454556,,219.0,/Users/Hannah/Programming/data_eyeblink/geometry_preservation_outputs/geometry_preservation_rat0816_set0816_dim3_bins5_2026-04-29_09-47-24.npz
rat0816,shuffle_null_mean,0.005454545454545458,,220.0,/Users/Hannah/Programming/data_eyeblink/geometry_preservation_outputs/geometry_preservation_rat0816_set0816_dim3_bins5_2026-04-29_09-47-24.npz
rat0816,shuffle_null_mean,-0.02848484848484849,,221.0,/Users/Hannah/Programming/data_eyeblink/geometry_preservation_outputs/geometry_preservation_rat0816_set0816_dim3_bins5_2026-04-29_09-47-24.npz
rat0816,shuffle_null_mean,0.09454545454545454,,222.0,/Users/Hannah/Programming/data_eyeblink/geometry_preservation_outputs/geometry_preservation_rat0816_set0816_dim3_bins5_2026-04-29_09-47-24.npz
rat0816,shuffle_null_mean,0.08666666666666666,,223.0,/Users/Hannah/Programming/data_eyeblink/geometry_preservation_outputs/geometry_preservation_rat0816_set0816_dim3_bins5_2026-04-29_09-47-24.npz
rat0816,shuffle_null_mean,0.08303030303030302,,224.0,/Users/Hannah/Programming/data_eyeblink/geometry_preservation_outputs/geometry_preservation_rat0816_set0816_dim3_bins5_2026-04-29_09-47-24.npz
rat0816,shuffle_null_mean,-0.004242424242424242,,225.0,/Users/Hannah/Programming/data_eyeblink/geometry_preservation_outputs/geometry_preservation_rat0816_set0816_dim3_bins5_2026-04-29_09-47-24.npz
rat0816,shuffle_null_mean,-0.1612121212121212,,226.0,/Users/Hannah/Programming/data_eyeblink/geometry_preservation_outputs/geometry_preservation_rat0816_set0816_dim3_bins5_2026-04-29_09-47-24.npz
rat0816,shuffle_null_mean,0.04303030303030302,,227.0,/Users/Hannah/Programming/data_eyeblink/geometry_preservation_outputs/geometry_preservation_rat0816_set0816_dim3_bins5_2026-04-29_09-47-24.npz
rat0816,shuffle_null_mean,-0.11757575757575756,,228.0,/Users/Hannah/Programming/data_eyeblink/geometry_preservation_outputs/geometry_preservation_rat0816_set0816_dim3_bins5_2026-04-29_09-47-24.npz
rat0816,shuffle_null_mean,0.05212121212121211,,229.0,/Users/Hannah/Programming/data_eyeblink/geometry_preservation_outputs/geometry_preservation_rat0816_set0816_dim3_bins5_2026-04-29_09-47-24.npz
rat0816,shuffle_null_mean,-0.05818181818181817,,230.0,/Users/Hannah/Programming/data_eyeblink/geometry_preservation_outputs/geometry_preservation_rat0816_set0816_dim3_bins5_2026-04-29_09-47-24.npz
rat0816,shuffle_null_mean,-0.060606060606060594,,231.0,/Users/Hannah/Programming/data_eyeblink/geometry_preservation_outputs/geometry_preservation_rat0816_set0816_dim3_bins5_2026-04-29_09-47-24.npz
rat0816,shuffle_null_mean,-0.03939393939393939,,232.0,/Users/Hannah/Programming/data_eyeblink/geometry_preservation_outputs/geometry_preservation_rat0816_set0816_dim3_bins5_2026-04-29_09-47-24.npz
rat0816,shuffle_null_mean,0.01757575757575757,,233.0,/Users/Hannah/Programming/data_eyeblink/geometry_preservation_outputs/geometry_preservation_rat0816_set0816_dim3_bins5_2026-04-29_09-47-24.npz
rat0816,shuffle_null_mean,-0.02,,234.0,/Users/Hannah/Programming/data_eyeblink/geometry_preservation_outputs/geometry_preservation_rat0816_set0816_dim3_bins5_2026-04-29_09-47-24.npz
rat0816,shuffle_null_mean,0.26909090909090905,,235.0,/Users/Hannah/Programming/data_eyeblink/geometry_preservation_outputs/geometry_preservation_rat0816_set0816_dim3_bins5_2026-04-29_09-47-24.npz
rat0816,shuffle_null_mean,0.026060606060606062,,236.0,/Users/Hannah/Programming/data_eyeblink/geometry_preservation_outputs/geometry_preservation_rat0816_set0816_dim3_bins5_2026-04-29_09-47-24.npz
rat0816,shuffle_null_mean,0.050909090909090904,,237.0,/Users/Hannah/Programming/data_eyeblink/geometry_preservation_outputs/geometry_preservation_rat0816_set0816_dim3_bins5_2026-04-29_09-47-24.npz
rat0816,shuffle_null_mean,-0.026666666666666665,,238.0,/Users/Hannah/Programming/data_eyeblink/geometry_preservation_outputs/geometry_preservation_rat0816_set0816_dim3_bins5_2026-04-29_09-47-24.npz
rat0816,shuffle_null_mean,0.07151515151515152,,239.0,/Users/Hannah/Programming/data_eyeblink/geometry_preservation_outputs/geometry_preservation_rat0816_set0816_dim3_bins5_2026-04-29_09-47-24.npz
rat0816,shuffle_null_mean,-0.07515151515151516,,240.0,/Users/Hannah/Programming/data_eyeblink/geometry_preservation_outputs/geometry_preservation_rat0816_set0816_dim3_bins5_2026-04-29_09-47-24.npz
rat0816,shuffle_null_mean,0.046666666666666655,,241.0,/Users/Hannah/Programming/data_eyeblink/geometry_preservation_outputs/geometry_preservation_rat0816_set0816_dim3_bins5_2026-04-29_09-47-24.npz
rat0816,shuffle_null_mean,-0.03272727272727273,,242.0,/Users/Hannah/Programming/data_eyeblink/geometry_preservation_outputs/geometry_preservation_rat0816_set0816_dim3_bins5_2026-04-29_09-47-24.npz
rat0816,shuffle_null_mean,-0.0624242424242424,,243.0,/Users/Hannah/Programming/data_eyeblink/geometry_preservation_outputs/geometry_preservation_rat0816_set0816_dim3_bins5_2026-04-29_09-47-24.npz
rat0816,shuffle_null_mean,-0.03636363636363636,,244.0,/Users/Hannah/Programming/data_eyeblink/geometry_preservation_outputs/geometry_preservation_rat0816_set0816_dim3_bins5_2026-04-29_09-47-24.npz
rat0816,shuffle_null_mean,0.04909090909090909,,245.0,/Users/Hannah/Programming/data_eyeblink/geometry_preservation_outputs/geometry_preservation_rat0816_set0816_dim3_bins5_2026-04-29_09-47-24.npz
rat0816,shuffle_null_mean,-0.03454545454545454,,246.0,/Users/Hannah/Programming/data_eyeblink/geometry_preservation_outputs/geometry_preservation_rat0816_set0816_dim3_bins5_2026-04-29_09-47-24.npz
rat0816,shuffle_null_mean,0.009696969696969693,,247.0,/Users/Hannah/Programming/data_eyeblink/geometry_preservation_outputs/geometry_preservation_rat0816_set0816_dim3_bins5_2026-04-29_09-47-24.npz
rat0816,shuffle_null_mean,0.015151515151515152,,248.0,/Users/Hannah/Programming/data_eyeblink/geometry_preservation_outputs/geometry_preservation_rat0816_set0816_dim3_bins5_2026-04-29_09-47-24.npz
rat0816,shuffle_null_mean,-0.007272727272727269,,249.0,/Users/Hannah/Programming/data_eyeblink/geometry_preservation_outputs/geometry_preservation_rat0816_set0816_dim3_bins5_2026-04-29_09-47-24.npz
rat0816,shuffle_null_mean,0.01757575757575757,,250.0,/Users/Hannah/Programming/data_eyeblink/geometry_preservation_outputs/geometry_preservation_rat0816_set0816_dim3_bins5_2026-04-29_09-47-24.npz
rat0816,shuffle_null_mean,-0.03696969696969696,,251.0,/Users/Hannah/Programming/data_eyeblink/geometry_preservation_outputs/geometry_preservation_rat0816_set0816_dim3_bins5_2026-04-29_09-47-24.npz
rat0816,shuffle_null_mean,0.03454545454545453,,252.0,/Users/Hannah/Programming/data_eyeblink/geometry_preservation_outputs/geometry_preservation_rat0816_set0816_dim3_bins5_2026-04-29_09-47-24.npz
rat0816,shuffle_null_mean,0.07393939393939394,,253.0,/Users/Hannah/Programming/data_eyeblink/geometry_preservation_outputs/geometry_preservation_rat0816_set0816_dim3_bins5_2026-04-29_09-47-24.npz
rat0816,shuffle_null_mean,0.08909090909090908,,254.0,/Users/Hannah/Programming/data_eyeblink/geometry_preservation_outputs/geometry_preservation_rat0816_set0816_dim3_bins5_2026-04-29_09-47-24.npz
rat0816,shuffle_null_mean,0.021818181818181813,,255.0,/Users/Hannah/Programming/data_eyeblink/geometry_preservation_outputs/geometry_preservation_rat0816_set0816_dim3_bins5_2026-04-29_09-47-24.npz
rat0816,shuffle_null_mean,-0.09333333333333331,,256.0,/Users/Hannah/Programming/data_eyeblink/geometry_preservation_outputs/geometry_preservation_rat0816_set0816_dim3_bins5_2026-04-29_09-47-24.npz
rat0816,shuffle_null_mean,-0.020000000000000014,,257.0,/Users/Hannah/Programming/data_eyeblink/geometry_preservation_outputs/geometry_preservation_rat0816_set0816_dim3_bins5_2026-04-29_09-47-24.npz
rat0816,shuffle_null_mean,-0.0018181818181818216,,258.0,/Users/Hannah/Programming/data_eyeblink/geometry_preservation_outputs/geometry_preservation_rat0816_set0816_dim3_bins5_2026-04-29_09-47-24.npz
rat0816,shuffle_null_mean,-0.011515151515151522,,259.0,/Users/Hannah/Programming/data_eyeblink/geometry_preservation_outputs/geometry_preservation_rat0816_set0816_dim3_bins5_2026-04-29_09-47-24.npz
rat0816,shuffle_null_mean,-0.05696969696969697,,260.0,/Users/Hannah/Programming/data_eyeblink/geometry_preservation_outputs/geometry_preservation_rat0816_set0816_dim3_bins5_2026-04-29_09-47-24.npz
rat0816,shuffle_null_mean,0.02606060606060607,,261.0,/Users/Hannah/Programming/data_eyeblink/geometry_preservation_outputs/geometry_preservation_rat0816_set0816_dim3_bins5_2026-04-29_09-47-24.npz
rat0816,shuffle_null_mean,0.14484848484848487,,262.0,/Users/Hannah/Programming/data_eyeblink/geometry_preservation_outputs/geometry_preservation_rat0816_set0816_dim3_bins5_2026-04-29_09-47-24.npz
rat0816,shuffle_null_mean,-0.04,,263.0,/Users/Hannah/Programming/data_eyeblink/geometry_preservation_outputs/geometry_preservation_rat0816_set0816_dim3_bins5_2026-04-29_09-47-24.npz
rat0816,shuffle_null_mean,-0.019393939393939394,,264.0,/Users/Hannah/Programming/data_eyeblink/geometry_preservation_outputs/geometry_preservation_rat0816_set0816_dim3_bins5_2026-04-29_09-47-24.npz
rat0816,shuffle_null_mean,0.18545454545454543,,265.0,/Users/Hannah/Programming/data_eyeblink/geometry_preservation_outputs/geometry_preservation_rat0816_set0816_dim3_bins5_2026-04-29_09-47-24.npz
rat0816,shuffle_null_mean,0.07999999999999999,,266.0,/Users/Hannah/Programming/data_eyeblink/geometry_preservation_outputs/geometry_preservation_rat0816_set0816_dim3_bins5_2026-04-29_09-47-24.npz
rat0816,shuffle_null_mean,0.009696969696969693,,267.0,/Users/Hannah/Programming/data_eyeblink/geometry_preservation_outputs/geometry_preservation_rat0816_set0816_dim3_bins5_2026-04-29_09-47-24.npz
rat0816,shuffle_null_mean,-0.019393939393939394,,268.0,/Users/Hannah/Programming/data_eyeblink/geometry_preservation_outputs/geometry_preservation_rat0816_set0816_dim3_bins5_2026-04-29_09-47-24.npz
rat0816,shuffle_null_mean,0.0496969696969697,,269.0,/Users/Hannah/Programming/data_eyeblink/geometry_preservation_outputs/geometry_preservation_rat0816_set0816_dim3_bins5_2026-04-29_09-47-24.npz
rat0816,shuffle_null_mean,-0.04606060606060606,,270.0,/Users/Hannah/Programming/data_eyeblink/geometry_preservation_outputs/geometry_preservation_rat0816_set0816_dim3_bins5_2026-04-29_09-47-24.npz
rat0816,shuffle_null_mean,0.0806060606060606,,271.0,/Users/Hannah/Programming/data_eyeblink/geometry_preservation_outputs/geometry_preservation_rat0816_set0816_dim3_bins5_2026-04-29_09-47-24.npz
rat0816,shuffle_null_mean,0.023030303030303033,,272.0,/Users/Hannah/Programming/data_eyeblink/geometry_preservation_outputs/geometry_preservation_rat0816_set0816_dim3_bins5_2026-04-29_09-47-24.npz
rat0816,shuffle_null_mean,-0.18666666666666662,,273.0,/Users/Hannah/Programming/data_eyeblink/geometry_preservation_outputs/geometry_preservation_rat0816_set0816_dim3_bins5_2026-04-29_09-47-24.npz
rat0816,shuffle_null_mean,0.08484848484848484,,274.0,/Users/Hannah/Programming/data_eyeblink/geometry_preservation_outputs/geometry_preservation_rat0816_set0816_dim3_bins5_2026-04-29_09-47-24.npz
rat0816,shuffle_null_mean,0.05818181818181817,,275.0,/Users/Hannah/Programming/data_eyeblink/geometry_preservation_outputs/geometry_preservation_rat0816_set0816_dim3_bins5_2026-04-29_09-47-24.npz
rat0816,shuffle_null_mean,-0.028484848484848495,,276.0,/Users/Hannah/Programming/data_eyeblink/geometry_preservation_outputs/geometry_preservation_rat0816_set0816_dim3_bins5_2026-04-29_09-47-24.npz
rat0816,shuffle_null_mean,-0.010909090909090903,,277.0,/Users/Hannah/Programming/data_eyeblink/geometry_preservation_outputs/geometry_preservation_rat0816_set0816_dim3_bins5_2026-04-29_09-47-24.npz
rat0816,shuffle_null_mean,0.12363636363636363,,278.0,/Users/Hannah/Programming/data_eyeblink/geometry_preservation_outputs/geometry_preservation_rat0816_set0816_dim3_bins5_2026-04-29_09-47-24.npz
rat0816,shuffle_null_mean,-0.11757575757575756,,279.0,/Users/Hannah/Programming/data_eyeblink/geometry_preservation_outputs/geometry_preservation_rat0816_set0816_dim3_bins5_2026-04-29_09-47-24.npz
rat0816,shuffle_null_mean,-0.10060606060606062,,280.0,/Users/Hannah/Programming/data_eyeblink/geometry_preservation_outputs/geometry_preservation_rat0816_set0816_dim3_bins5_2026-04-29_09-47-24.npz
rat0816,shuffle_null_mean,-0.019999999999999997,,281.0,/Users/Hannah/Programming/data_eyeblink/geometry_preservation_outputs/geometry_preservation_rat0816_set0816_dim3_bins5_2026-04-29_09-47-24.npz
rat0816,shuffle_null_mean,-0.03272727272727272,,282.0,/Users/Hannah/Programming/data_eyeblink/geometry_preservation_outputs/geometry_preservation_rat0816_set0816_dim3_bins5_2026-04-29_09-47-24.npz
rat0816,shuffle_null_mean,-0.17818181818181814,,283.0,/Users/Hannah/Programming/data_eyeblink/geometry_preservation_outputs/geometry_preservation_rat0816_set0816_dim3_bins5_2026-04-29_09-47-24.npz
rat0816,shuffle_null_mean,-0.030303030303030314,,284.0,/Users/Hannah/Programming/data_eyeblink/geometry_preservation_outputs/geometry_preservation_rat0816_set0816_dim3_bins5_2026-04-29_09-47-24.npz
rat0816,shuffle_null_mean,0.051515151515151514,,285.0,/Users/Hannah/Programming/data_eyeblink/geometry_preservation_outputs/geometry_preservation_rat0816_set0816_dim3_bins5_2026-04-29_09-47-24.npz
rat0816,shuffle_null_mean,0.16787878787878785,,286.0,/Users/Hannah/Programming/data_eyeblink/geometry_preservation_outputs/geometry_preservation_rat0816_set0816_dim3_bins5_2026-04-29_09-47-24.npz
rat0816,shuffle_null_mean,0.2163636363636363,,287.0,/Users/Hannah/Programming/data_eyeblink/geometry_preservation_outputs/geometry_preservation_rat0816_set0816_dim3_bins5_2026-04-29_09-47-24.npz
rat0816,shuffle_null_mean,-0.07515151515151515,,288.0,/Users/Hannah/Programming/data_eyeblink/geometry_preservation_outputs/geometry_preservation_rat0816_set0816_dim3_bins5_2026-04-29_09-47-24.npz
rat0816,shuffle_null_mean,0.1290909090909091,,289.0,/Users/Hannah/Programming/data_eyeblink/geometry_preservation_outputs/geometry_preservation_rat0816_set0816_dim3_bins5_2026-04-29_09-47-24.npz
rat0816,shuffle_null_mean,0.010303030303030312,,290.0,/Users/Hannah/Programming/data_eyeblink/geometry_preservation_outputs/geometry_preservation_rat0816_set0816_dim3_bins5_2026-04-29_09-47-24.npz
rat0816,shuffle_null_mean,-0.01515151515151516,,291.0,/Users/Hannah/Programming/data_eyeblink/geometry_preservation_outputs/geometry_preservation_rat0816_set0816_dim3_bins5_2026-04-29_09-47-24.npz
rat0816,shuffle_null_mean,-0.029090909090909084,,292.0,/Users/Hannah/Programming/data_eyeblink/geometry_preservation_outputs/geometry_preservation_rat0816_set0816_dim3_bins5_2026-04-29_09-47-24.npz
rat0816,shuffle_null_mean,0.1115151515151515,,293.0,/Users/Hannah/Programming/data_eyeblink/geometry_preservation_outputs/geometry_preservation_rat0816_set0816_dim3_bins5_2026-04-29_09-47-24.npz
rat0816,shuffle_null_mean,0.02727272727272727,,294.0,/Users/Hannah/Programming/data_eyeblink/geometry_preservation_outputs/geometry_preservation_rat0816_set0816_dim3_bins5_2026-04-29_09-47-24.npz
rat0816,shuffle_null_mean,0.08969696969696969,,295.0,/Users/Hannah/Programming/data_eyeblink/geometry_preservation_outputs/geometry_preservation_rat0816_set0816_dim3_bins5_2026-04-29_09-47-24.npz
rat0816,shuffle_null_mean,0.04848484848484846,,296.0,/Users/Hannah/Programming/data_eyeblink/geometry_preservation_outputs/geometry_preservation_rat0816_set0816_dim3_bins5_2026-04-29_09-47-24.npz
rat0816,shuffle_null_mean,0.09090909090909091,,297.0,/Users/Hannah/Programming/data_eyeblink/geometry_preservation_outputs/geometry_preservation_rat0816_set0816_dim3_bins5_2026-04-29_09-47-24.npz
rat0816,shuffle_null_mean,-0.04484848484848486,,298.0,/Users/Hannah/Programming/data_eyeblink/geometry_preservation_outputs/geometry_preservation_rat0816_set0816_dim3_bins5_2026-04-29_09-47-24.npz
rat0816,shuffle_null_mean,-0.002424242424242433,,299.0,/Users/Hannah/Programming/data_eyeblink/geometry_preservation_outputs/geometry_preservation_rat0816_set0816_dim3_bins5_2026-04-29_09-47-24.npz
rat0816,shuffle_null_mean,-0.029090909090909094,,300.0,/Users/Hannah/Programming/data_eyeblink/geometry_preservation_outputs/geometry_preservation_rat0816_set0816_dim3_bins5_2026-04-29_09-47-24.npz
rat0816,shuffle_null_mean,0.027878787878787874,,301.0,/Users/Hannah/Programming/data_eyeblink/geometry_preservation_outputs/geometry_preservation_rat0816_set0816_dim3_bins5_2026-04-29_09-47-24.npz
rat0816,shuffle_null_mean,-0.045454545454545456,,302.0,/Users/Hannah/Programming/data_eyeblink/geometry_preservation_outputs/geometry_preservation_rat0816_set0816_dim3_bins5_2026-04-29_09-47-24.npz
rat0816,shuffle_null_mean,0.020000000000000004,,303.0,/Users/Hannah/Programming/data_eyeblink/geometry_preservation_outputs/geometry_preservation_rat0816_set0816_dim3_bins5_2026-04-29_09-47-24.npz
rat0816,shuffle_null_mean,0.07090909090909088,,304.0,/Users/Hannah/Programming/data_eyeblink/geometry_preservation_outputs/geometry_preservation_rat0816_set0816_dim3_bins5_2026-04-29_09-47-24.npz
rat0816,shuffle_null_mean,-0.07818181818181817,,305.0,/Users/Hannah/Programming/data_eyeblink/geometry_preservation_outputs/geometry_preservation_rat0816_set0816_dim3_bins5_2026-04-29_09-47-24.npz
rat0816,shuffle_null_mean,-0.04303030303030301,,306.0,/Users/Hannah/Programming/data_eyeblink/geometry_preservation_outputs/geometry_preservation_rat0816_set0816_dim3_bins5_2026-04-29_09-47-24.npz
rat0816,shuffle_null_mean,-0.0018181818181817965,,307.0,/Users/Hannah/Programming/data_eyeblink/geometry_preservation_outputs/geometry_preservation_rat0816_set0816_dim3_bins5_2026-04-29_09-47-24.npz
rat0816,shuffle_null_mean,0.02666666666666666,,308.0,/Users/Hannah/Programming/data_eyeblink/geometry_preservation_outputs/geometry_preservation_rat0816_set0816_dim3_bins5_2026-04-29_09-47-24.npz
rat0816,shuffle_null_mean,0.042424242424242434,,309.0,/Users/Hannah/Programming/data_eyeblink/geometry_preservation_outputs/geometry_preservation_rat0816_set0816_dim3_bins5_2026-04-29_09-47-24.npz
rat0816,shuffle_null_mean,0.02545454545454546,,310.0,/Users/Hannah/Programming/data_eyeblink/geometry_preservation_outputs/geometry_preservation_rat0816_set0816_dim3_bins5_2026-04-29_09-47-24.npz
rat0816,shuffle_null_mean,0.04969696969696969,,311.0,/Users/Hannah/Programming/data_eyeblink/geometry_preservation_outputs/geometry_preservation_rat0816_set0816_dim3_bins5_2026-04-29_09-47-24.npz
rat0816,shuffle_null_mean,-0.012121212121212132,,312.0,/Users/Hannah/Programming/data_eyeblink/geometry_preservation_outputs/geometry_preservation_rat0816_set0816_dim3_bins5_2026-04-29_09-47-24.npz
rat0816,shuffle_null_mean,-0.08121212121212121,,313.0,/Users/Hannah/Programming/data_eyeblink/geometry_preservation_outputs/geometry_preservation_rat0816_set0816_dim3_bins5_2026-04-29_09-47-24.npz
rat0816,shuffle_null_mean,-0.029090909090909077,,314.0,/Users/Hannah/Programming/data_eyeblink/geometry_preservation_outputs/geometry_preservation_rat0816_set0816_dim3_bins5_2026-04-29_09-47-24.npz
rat0816,shuffle_null_mean,0.023636363636363643,,315.0,/Users/Hannah/Programming/data_eyeblink/geometry_preservation_outputs/geometry_preservation_rat0816_set0816_dim3_bins5_2026-04-29_09-47-24.npz
rat0816,shuffle_null_mean,-0.047272727272727286,,316.0,/Users/Hannah/Programming/data_eyeblink/geometry_preservation_outputs/geometry_preservation_rat0816_set0816_dim3_bins5_2026-04-29_09-47-24.npz
rat0816,shuffle_null_mean,-0.05939393939393939,,317.0,/Users/Hannah/Programming/data_eyeblink/geometry_preservation_outputs/geometry_preservation_rat0816_set0816_dim3_bins5_2026-04-29_09-47-24.npz
rat0816,shuffle_null_mean,-0.06666666666666665,,318.0,/Users/Hannah/Programming/data_eyeblink/geometry_preservation_outputs/geometry_preservation_rat0816_set0816_dim3_bins5_2026-04-29_09-47-24.npz
rat0816,shuffle_null_mean,-0.038787878787878774,,319.0,/Users/Hannah/Programming/data_eyeblink/geometry_preservation_outputs/geometry_preservation_rat0816_set0816_dim3_bins5_2026-04-29_09-47-24.npz
rat0816,shuffle_null_mean,0.049696969696969684,,320.0,/Users/Hannah/Programming/data_eyeblink/geometry_preservation_outputs/geometry_preservation_rat0816_set0816_dim3_bins5_2026-04-29_09-47-24.npz
rat0816,shuffle_null_mean,0.05333333333333332,,321.0,/Users/Hannah/Programming/data_eyeblink/geometry_preservation_outputs/geometry_preservation_rat0816_set0816_dim3_bins5_2026-04-29_09-47-24.npz
rat0816,shuffle_null_mean,-0.026666666666666672,,322.0,/Users/Hannah/Programming/data_eyeblink/geometry_preservation_outputs/geometry_preservation_rat0816_set0816_dim3_bins5_2026-04-29_09-47-24.npz
rat0816,shuffle_null_mean,-0.07636363636363634,,323.0,/Users/Hannah/Programming/data_eyeblink/geometry_preservation_outputs/geometry_preservation_rat0816_set0816_dim3_bins5_2026-04-29_09-47-24.npz
rat0816,shuffle_null_mean,0.1478787878787879,,324.0,/Users/Hannah/Programming/data_eyeblink/geometry_preservation_outputs/geometry_preservation_rat0816_set0816_dim3_bins5_2026-04-29_09-47-24.npz
rat0816,shuffle_null_mean,-0.12545454545454543,,325.0,/Users/Hannah/Programming/data_eyeblink/geometry_preservation_outputs/geometry_preservation_rat0816_set0816_dim3_bins5_2026-04-29_09-47-24.npz
rat0816,shuffle_null_mean,-0.1751515151515151,,326.0,/Users/Hannah/Programming/data_eyeblink/geometry_preservation_outputs/geometry_preservation_rat0816_set0816_dim3_bins5_2026-04-29_09-47-24.npz
rat0816,shuffle_null_mean,-0.12303030303030305,,327.0,/Users/Hannah/Programming/data_eyeblink/geometry_preservation_outputs/geometry_preservation_rat0816_set0816_dim3_bins5_2026-04-29_09-47-24.npz
rat0816,shuffle_null_mean,0.16484848484848486,,328.0,/Users/Hannah/Programming/data_eyeblink/geometry_preservation_outputs/geometry_preservation_rat0816_set0816_dim3_bins5_2026-04-29_09-47-24.npz
rat0816,shuffle_null_mean,-0.029696969696969694,,329.0,/Users/Hannah/Programming/data_eyeblink/geometry_preservation_outputs/geometry_preservation_rat0816_set0816_dim3_bins5_2026-04-29_09-47-24.npz
rat0816,shuffle_null_mean,-0.0781818181818182,,330.0,/Users/Hannah/Programming/data_eyeblink/geometry_preservation_outputs/geometry_preservation_rat0816_set0816_dim3_bins5_2026-04-29_09-47-24.npz
rat0816,shuffle_null_mean,0.05454545454545454,,331.0,/Users/Hannah/Programming/data_eyeblink/geometry_preservation_outputs/geometry_preservation_rat0816_set0816_dim3_bins5_2026-04-29_09-47-24.npz
rat0816,shuffle_null_mean,0.03151515151515151,,332.0,/Users/Hannah/Programming/data_eyeblink/geometry_preservation_outputs/geometry_preservation_rat0816_set0816_dim3_bins5_2026-04-29_09-47-24.npz
rat0816,shuffle_null_mean,-0.062424242424242424,,333.0,/Users/Hannah/Programming/data_eyeblink/geometry_preservation_outputs/geometry_preservation_rat0816_set0816_dim3_bins5_2026-04-29_09-47-24.npz
rat0816,shuffle_null_mean,0.10060606060606056,,334.0,/Users/Hannah/Programming/data_eyeblink/geometry_preservation_outputs/geometry_preservation_rat0816_set0816_dim3_bins5_2026-04-29_09-47-24.npz
rat0816,shuffle_null_mean,-0.04181818181818184,,335.0,/Users/Hannah/Programming/data_eyeblink/geometry_preservation_outputs/geometry_preservation_rat0816_set0816_dim3_bins5_2026-04-29_09-47-24.npz
rat0816,shuffle_null_mean,-0.021818181818181816,,336.0,/Users/Hannah/Programming/data_eyeblink/geometry_preservation_outputs/geometry_preservation_rat0816_set0816_dim3_bins5_2026-04-29_09-47-24.npz
rat0816,shuffle_null_mean,0.07515151515151514,,337.0,/Users/Hannah/Programming/data_eyeblink/geometry_preservation_outputs/geometry_preservation_rat0816_set0816_dim3_bins5_2026-04-29_09-47-24.npz
rat0816,shuffle_null_mean,-0.061818181818181814,,338.0,/Users/Hannah/Programming/data_eyeblink/geometry_preservation_outputs/geometry_preservation_rat0816_set0816_dim3_bins5_2026-04-29_09-47-24.npz
rat0816,shuffle_null_mean,-0.05696969696969698,,339.0,/Users/Hannah/Programming/data_eyeblink/geometry_preservation_outputs/geometry_preservation_rat0816_set0816_dim3_bins5_2026-04-29_09-47-24.npz
rat0816,shuffle_null_mean,0.03333333333333331,,340.0,/Users/Hannah/Programming/data_eyeblink/geometry_preservation_outputs/geometry_preservation_rat0816_set0816_dim3_bins5_2026-04-29_09-47-24.npz
rat0816,shuffle_null_mean,-0.17757575757575755,,341.0,/Users/Hannah/Programming/data_eyeblink/geometry_preservation_outputs/geometry_preservation_rat0816_set0816_dim3_bins5_2026-04-29_09-47-24.npz
rat0816,shuffle_null_mean,-0.0909090909090909,,342.0,/Users/Hannah/Programming/data_eyeblink/geometry_preservation_outputs/geometry_preservation_rat0816_set0816_dim3_bins5_2026-04-29_09-47-24.npz
rat0816,shuffle_null_mean,0.021212121212121203,,343.0,/Users/Hannah/Programming/data_eyeblink/geometry_preservation_outputs/geometry_preservation_rat0816_set0816_dim3_bins5_2026-04-29_09-47-24.npz
rat0816,shuffle_null_mean,0.030303030303030293,,344.0,/Users/Hannah/Programming/data_eyeblink/geometry_preservation_outputs/geometry_preservation_rat0816_set0816_dim3_bins5_2026-04-29_09-47-24.npz
rat0816,shuffle_null_mean,0.05454545454545454,,345.0,/Users/Hannah/Programming/data_eyeblink/geometry_preservation_outputs/geometry_preservation_rat0816_set0816_dim3_bins5_2026-04-29_09-47-24.npz
rat0816,shuffle_null_mean,-0.058787878787878764,,346.0,/Users/Hannah/Programming/data_eyeblink/geometry_preservation_outputs/geometry_preservation_rat0816_set0816_dim3_bins5_2026-04-29_09-47-24.npz
rat0816,shuffle_null_mean,0.011515151515151534,,347.0,/Users/Hannah/Programming/data_eyeblink/geometry_preservation_outputs/geometry_preservation_rat0816_set0816_dim3_bins5_2026-04-29_09-47-24.npz
rat0816,shuffle_null_mean,0.16060606060606056,,348.0,/Users/Hannah/Programming/data_eyeblink/geometry_preservation_outputs/geometry_preservation_rat0816_set0816_dim3_bins5_2026-04-29_09-47-24.npz
rat0816,shuffle_null_mean,0.053333333333333344,,349.0,/Users/Hannah/Programming/data_eyeblink/geometry_preservation_outputs/geometry_preservation_rat0816_set0816_dim3_bins5_2026-04-29_09-47-24.npz
rat0816,shuffle_null_mean,-0.06484848484848484,,350.0,/Users/Hannah/Programming/data_eyeblink/geometry_preservation_outputs/geometry_preservation_rat0816_set0816_dim3_bins5_2026-04-29_09-47-24.npz
rat0816,shuffle_null_mean,0.04181818181818182,,351.0,/Users/Hannah/Programming/data_eyeblink/geometry_preservation_outputs/geometry_preservation_rat0816_set0816_dim3_bins5_2026-04-29_09-47-24.npz
rat0816,shuffle_null_mean,-0.048484848484848485,,352.0,/Users/Hannah/Programming/data_eyeblink/geometry_preservation_outputs/geometry_preservation_rat0816_set0816_dim3_bins5_2026-04-29_09-47-24.npz
rat0816,shuffle_null_mean,0.027272727272727282,,353.0,/Users/Hannah/Programming/data_eyeblink/geometry_preservation_outputs/geometry_preservation_rat0816_set0816_dim3_bins5_2026-04-29_09-47-24.npz
rat0816,shuffle_null_mean,0.06363636363636363,,354.0,/Users/Hannah/Programming/data_eyeblink/geometry_preservation_outputs/geometry_preservation_rat0816_set0816_dim3_bins5_2026-04-29_09-47-24.npz
rat0816,shuffle_null_mean,0.06606060606060606,,355.0,/Users/Hannah/Programming/data_eyeblink/geometry_preservation_outputs/geometry_preservation_rat0816_set0816_dim3_bins5_2026-04-29_09-47-24.npz
rat0816,shuffle_null_mean,0.0036363636363636346,,356.0,/Users/Hannah/Programming/data_eyeblink/geometry_preservation_outputs/geometry_preservation_rat0816_set0816_dim3_bins5_2026-04-29_09-47-24.npz
rat0816,shuffle_null_mean,-0.02060606060606061,,357.0,/Users/Hannah/Programming/data_eyeblink/geometry_preservation_outputs/geometry_preservation_rat0816_set0816_dim3_bins5_2026-04-29_09-47-24.npz
rat0816,shuffle_null_mean,5.551115123125783e-18,,358.0,/Users/Hannah/Programming/data_eyeblink/geometry_preservation_outputs/geometry_preservation_rat0816_set0816_dim3_bins5_2026-04-29_09-47-24.npz
rat0816,shuffle_null_mean,-0.01575757575757575,,359.0,/Users/Hannah/Programming/data_eyeblink/geometry_preservation_outputs/geometry_preservation_rat0816_set0816_dim3_bins5_2026-04-29_09-47-24.npz
rat0816,shuffle_null_mean,-0.08060606060606061,,360.0,/Users/Hannah/Programming/data_eyeblink/geometry_preservation_outputs/geometry_preservation_rat0816_set0816_dim3_bins5_2026-04-29_09-47-24.npz
rat0816,shuffle_null_mean,-0.1290909090909091,,361.0,/Users/Hannah/Programming/data_eyeblink/geometry_preservation_outputs/geometry_preservation_rat0816_set0816_dim3_bins5_2026-04-29_09-47-24.npz
rat0816,shuffle_null_mean,-0.06969696969696967,,362.0,/Users/Hannah/Programming/data_eyeblink/geometry_preservation_outputs/geometry_preservation_rat0816_set0816_dim3_bins5_2026-04-29_09-47-24.npz
rat0816,shuffle_null_mean,0.030303030303030304,,363.0,/Users/Hannah/Programming/data_eyeblink/geometry_preservation_outputs/geometry_preservation_rat0816_set0816_dim3_bins5_2026-04-29_09-47-24.npz
rat0816,shuffle_null_mean,0.2127272727272727,,364.0,/Users/Hannah/Programming/data_eyeblink/geometry_preservation_outputs/geometry_preservation_rat0816_set0816_dim3_bins5_2026-04-29_09-47-24.npz
rat0816,shuffle_null_mean,-0.06545454545454546,,365.0,/Users/Hannah/Programming/data_eyeblink/geometry_preservation_outputs/geometry_preservation_rat0816_set0816_dim3_bins5_2026-04-29_09-47-24.npz
rat0816,shuffle_null_mean,0.10545454545454544,,366.0,/Users/Hannah/Programming/data_eyeblink/geometry_preservation_outputs/geometry_preservation_rat0816_set0816_dim3_bins5_2026-04-29_09-47-24.npz
rat0816,shuffle_null_mean,-0.014545454545454545,,367.0,/Users/Hannah/Programming/data_eyeblink/geometry_preservation_outputs/geometry_preservation_rat0816_set0816_dim3_bins5_2026-04-29_09-47-24.npz
rat0816,shuffle_null_mean,0.005454545454545448,,368.0,/Users/Hannah/Programming/data_eyeblink/geometry_preservation_outputs/geometry_preservation_rat0816_set0816_dim3_bins5_2026-04-29_09-47-24.npz
rat0816,shuffle_null_mean,-0.15212121212121207,,369.0,/Users/Hannah/Programming/data_eyeblink/geometry_preservation_outputs/geometry_preservation_rat0816_set0816_dim3_bins5_2026-04-29_09-47-24.npz
rat0816,shuffle_null_mean,-0.14181818181818182,,370.0,/Users/Hannah/Programming/data_eyeblink/geometry_preservation_outputs/geometry_preservation_rat0816_set0816_dim3_bins5_2026-04-29_09-47-24.npz
rat0816,shuffle_null_mean,0.03212121212121211,,371.0,/Users/Hannah/Programming/data_eyeblink/geometry_preservation_outputs/geometry_preservation_rat0816_set0816_dim3_bins5_2026-04-29_09-47-24.npz
rat0816,shuffle_null_mean,-0.042424242424242406,,372.0,/Users/Hannah/Programming/data_eyeblink/geometry_preservation_outputs/geometry_preservation_rat0816_set0816_dim3_bins5_2026-04-29_09-47-24.npz
rat0816,shuffle_null_mean,0.06848484848484848,,373.0,/Users/Hannah/Programming/data_eyeblink/geometry_preservation_outputs/geometry_preservation_rat0816_set0816_dim3_bins5_2026-04-29_09-47-24.npz
rat0816,shuffle_null_mean,-0.11757575757575758,,374.0,/Users/Hannah/Programming/data_eyeblink/geometry_preservation_outputs/geometry_preservation_rat0816_set0816_dim3_bins5_2026-04-29_09-47-24.npz
rat0816,shuffle_null_mean,0.09515151515151514,,375.0,/Users/Hannah/Programming/data_eyeblink/geometry_preservation_outputs/geometry_preservation_rat0816_set0816_dim3_bins5_2026-04-29_09-47-24.npz
rat0816,shuffle_null_mean,-0.002424242424242426,,376.0,/Users/Hannah/Programming/data_eyeblink/geometry_preservation_outputs/geometry_preservation_rat0816_set0816_dim3_bins5_2026-04-29_09-47-24.npz
rat0816,shuffle_null_mean,-0.043636363636363626,,377.0,/Users/Hannah/Programming/data_eyeblink/geometry_preservation_outputs/geometry_preservation_rat0816_set0816_dim3_bins5_2026-04-29_09-47-24.npz
rat0816,shuffle_null_mean,0.09090909090909091,,378.0,/Users/Hannah/Programming/data_eyeblink/geometry_preservation_outputs/geometry_preservation_rat0816_set0816_dim3_bins5_2026-04-29_09-47-24.npz
rat0816,shuffle_null_mean,-0.07575757575757573,,379.0,/Users/Hannah/Programming/data_eyeblink/geometry_preservation_outputs/geometry_preservation_rat0816_set0816_dim3_bins5_2026-04-29_09-47-24.npz
rat0816,shuffle_null_mean,-0.0096969696969697,,380.0,/Users/Hannah/Programming/data_eyeblink/geometry_preservation_outputs/geometry_preservation_rat0816_set0816_dim3_bins5_2026-04-29_09-47-24.npz
rat0816,shuffle_null_mean,0.028484848484848474,,381.0,/Users/Hannah/Programming/data_eyeblink/geometry_preservation_outputs/geometry_preservation_rat0816_set0816_dim3_bins5_2026-04-29_09-47-24.npz
rat0816,shuffle_null_mean,-0.15878787878787878,,382.0,/Users/Hannah/Programming/data_eyeblink/geometry_preservation_outputs/geometry_preservation_rat0816_set0816_dim3_bins5_2026-04-29_09-47-24.npz
rat0816,shuffle_null_mean,-0.01878787878787879,,383.0,/Users/Hannah/Programming/data_eyeblink/geometry_preservation_outputs/geometry_preservation_rat0816_set0816_dim3_bins5_2026-04-29_09-47-24.npz
rat0816,shuffle_null_mean,0.019393939393939397,,384.0,/Users/Hannah/Programming/data_eyeblink/geometry_preservation_outputs/geometry_preservation_rat0816_set0816_dim3_bins5_2026-04-29_09-47-24.npz
rat0816,shuffle_null_mean,0.041818181818181796,,385.0,/Users/Hannah/Programming/data_eyeblink/geometry_preservation_outputs/geometry_preservation_rat0816_set0816_dim3_bins5_2026-04-29_09-47-24.npz
rat0816,shuffle_null_mean,0.01212121212121212,,386.0,/Users/Hannah/Programming/data_eyeblink/geometry_preservation_outputs/geometry_preservation_rat0816_set0816_dim3_bins5_2026-04-29_09-47-24.npz
rat0816,shuffle_null_mean,0.052121212121212124,,387.0,/Users/Hannah/Programming/data_eyeblink/geometry_preservation_outputs/geometry_preservation_rat0816_set0816_dim3_bins5_2026-04-29_09-47-24.npz
rat0816,shuffle_null_mean,0.07212121212121214,,388.0,/Users/Hannah/Programming/data_eyeblink/geometry_preservation_outputs/geometry_preservation_rat0816_set0816_dim3_bins5_2026-04-29_09-47-24.npz
rat0816,shuffle_null_mean,-0.0012121212121212032,,389.0,/Users/Hannah/Programming/data_eyeblink/geometry_preservation_outputs/geometry_preservation_rat0816_set0816_dim3_bins5_2026-04-29_09-47-24.npz
rat0816,shuffle_null_mean,0.00787878787878788,,390.0,/Users/Hannah/Programming/data_eyeblink/geometry_preservation_outputs/geometry_preservation_rat0816_set0816_dim3_bins5_2026-04-29_09-47-24.npz
rat0816,shuffle_null_mean,-0.028484848484848484,,391.0,/Users/Hannah/Programming/data_eyeblink/geometry_preservation_outputs/geometry_preservation_rat0816_set0816_dim3_bins5_2026-04-29_09-47-24.npz
rat0816,shuffle_null_mean,0.09333333333333331,,392.0,/Users/Hannah/Programming/data_eyeblink/geometry_preservation_outputs/geometry_preservation_rat0816_set0816_dim3_bins5_2026-04-29_09-47-24.npz
rat0816,shuffle_null_mean,-0.01090909090909091,,393.0,/Users/Hannah/Programming/data_eyeblink/geometry_preservation_outputs/geometry_preservation_rat0816_set0816_dim3_bins5_2026-04-29_09-47-24.npz
rat0816,shuffle_null_mean,0.07454545454545454,,394.0,/Users/Hannah/Programming/data_eyeblink/geometry_preservation_outputs/geometry_preservation_rat0816_set0816_dim3_bins5_2026-04-29_09-47-24.npz
rat0816,shuffle_null_mean,0.10606060606060605,,395.0,/Users/Hannah/Programming/data_eyeblink/geometry_preservation_outputs/geometry_preservation_rat0816_set0816_dim3_bins5_2026-04-29_09-47-24.npz
rat0816,shuffle_null_mean,0.10727272727272726,,396.0,/Users/Hannah/Programming/data_eyeblink/geometry_preservation_outputs/geometry_preservation_rat0816_set0816_dim3_bins5_2026-04-29_09-47-24.npz
rat0816,shuffle_null_mean,0.015757575757575755,,397.0,/Users/Hannah/Programming/data_eyeblink/geometry_preservation_outputs/geometry_preservation_rat0816_set0816_dim3_bins5_2026-04-29_09-47-24.npz
rat0816,shuffle_null_mean,0.12848484848484848,,398.0,/Users/Hannah/Programming/data_eyeblink/geometry_preservation_outputs/geometry_preservation_rat0816_set0816_dim3_bins5_2026-04-29_09-47-24.npz
rat0816,shuffle_null_mean,0.08969696969696969,,399.0,/Users/Hannah/Programming/data_eyeblink/geometry_preservation_outputs/geometry_preservation_rat0816_set0816_dim3_bins5_2026-04-29_09-47-24.npz
rat0816,shuffle_null_mean,-0.0012121212121212143,,400.0,/Users/Hannah/Programming/data_eyeblink/geometry_preservation_outputs/geometry_preservation_rat0816_set0816_dim3_bins5_2026-04-29_09-47-24.npz
rat0816,shuffle_null_mean,0.09090909090909091,,401.0,/Users/Hannah/Programming/data_eyeblink/geometry_preservation_outputs/geometry_preservation_rat0816_set0816_dim3_bins5_2026-04-29_09-47-24.npz
rat0816,shuffle_null_mean,-0.029696969696969687,,402.0,/Users/Hannah/Programming/data_eyeblink/geometry_preservation_outputs/geometry_preservation_rat0816_set0816_dim3_bins5_2026-04-29_09-47-24.npz
rat0816,shuffle_null_mean,-0.05212121212121211,,403.0,/Users/Hannah/Programming/data_eyeblink/geometry_preservation_outputs/geometry_preservation_rat0816_set0816_dim3_bins5_2026-04-29_09-47-24.npz
rat0816,shuffle_null_mean,0.004242424242424239,,404.0,/Users/Hannah/Programming/data_eyeblink/geometry_preservation_outputs/geometry_preservation_rat0816_set0816_dim3_bins5_2026-04-29_09-47-24.npz
rat0816,shuffle_null_mean,0.05575757575757575,,405.0,/Users/Hannah/Programming/data_eyeblink/geometry_preservation_outputs/geometry_preservation_rat0816_set0816_dim3_bins5_2026-04-29_09-47-24.npz
rat0816,shuffle_null_mean,-0.0715151515151515,,406.0,/Users/Hannah/Programming/data_eyeblink/geometry_preservation_outputs/geometry_preservation_rat0816_set0816_dim3_bins5_2026-04-29_09-47-24.npz
rat0816,shuffle_null_mean,0.05333333333333333,,407.0,/Users/Hannah/Programming/data_eyeblink/geometry_preservation_outputs/geometry_preservation_rat0816_set0816_dim3_bins5_2026-04-29_09-47-24.npz
rat0816,shuffle_null_mean,-0.1,,408.0,/Users/Hannah/Programming/data_eyeblink/geometry_preservation_outputs/geometry_preservation_rat0816_set0816_dim3_bins5_2026-04-29_09-47-24.npz
rat0816,shuffle_null_mean,-0.0006060606060606058,,409.0,/Users/Hannah/Programming/data_eyeblink/geometry_preservation_outputs/geometry_preservation_rat0816_set0816_dim3_bins5_2026-04-29_09-47-24.npz
rat0816,shuffle_null_mean,0.14666666666666667,,410.0,/Users/Hannah/Programming/data_eyeblink/geometry_preservation_outputs/geometry_preservation_rat0816_set0816_dim3_bins5_2026-04-29_09-47-24.npz
rat0816,shuffle_null_mean,0.12484848484848485,,411.0,/Users/Hannah/Programming/data_eyeblink/geometry_preservation_outputs/geometry_preservation_rat0816_set0816_dim3_bins5_2026-04-29_09-47-24.npz
rat0816,shuffle_null_mean,-0.17393939393939392,,412.0,/Users/Hannah/Programming/data_eyeblink/geometry_preservation_outputs/geometry_preservation_rat0816_set0816_dim3_bins5_2026-04-29_09-47-24.npz
rat0816,shuffle_null_mean,0.09999999999999998,,413.0,/Users/Hannah/Programming/data_eyeblink/geometry_preservation_outputs/geometry_preservation_rat0816_set0816_dim3_bins5_2026-04-29_09-47-24.npz
rat0816,shuffle_null_mean,-0.02787878787878788,,414.0,/Users/Hannah/Programming/data_eyeblink/geometry_preservation_outputs/geometry_preservation_rat0816_set0816_dim3_bins5_2026-04-29_09-47-24.npz
rat0816,shuffle_null_mean,-0.029696969696969683,,415.0,/Users/Hannah/Programming/data_eyeblink/geometry_preservation_outputs/geometry_preservation_rat0816_set0816_dim3_bins5_2026-04-29_09-47-24.npz
rat0816,shuffle_null_mean,-0.02909090909090909,,416.0,/Users/Hannah/Programming/data_eyeblink/geometry_preservation_outputs/geometry_preservation_rat0816_set0816_dim3_bins5_2026-04-29_09-47-24.npz
rat0816,shuffle_null_mean,0.11878787878787878,,417.0,/Users/Hannah/Programming/data_eyeblink/geometry_preservation_outputs/geometry_preservation_rat0816_set0816_dim3_bins5_2026-04-29_09-47-24.npz
rat0816,shuffle_null_mean,0.14606060606060603,,418.0,/Users/Hannah/Programming/data_eyeblink/geometry_preservation_outputs/geometry_preservation_rat0816_set0816_dim3_bins5_2026-04-29_09-47-24.npz
rat0816,shuffle_null_mean,0.06181818181818183,,419.0,/Users/Hannah/Programming/data_eyeblink/geometry_preservation_outputs/geometry_preservation_rat0816_set0816_dim3_bins5_2026-04-29_09-47-24.npz
rat0816,shuffle_null_mean,-0.10666666666666665,,420.0,/Users/Hannah/Programming/data_eyeblink/geometry_preservation_outputs/geometry_preservation_rat0816_set0816_dim3_bins5_2026-04-29_09-47-24.npz
rat0816,shuffle_null_mean,-0.03333333333333334,,421.0,/Users/Hannah/Programming/data_eyeblink/geometry_preservation_outputs/geometry_preservation_rat0816_set0816_dim3_bins5_2026-04-29_09-47-24.npz
rat0816,shuffle_null_mean,-0.07151515151515152,,422.0,/Users/Hannah/Programming/data_eyeblink/geometry_preservation_outputs/geometry_preservation_rat0816_set0816_dim3_bins5_2026-04-29_09-47-24.npz
rat0816,shuffle_null_mean,0.10484848484848482,,423.0,/Users/Hannah/Programming/data_eyeblink/geometry_preservation_outputs/geometry_preservation_rat0816_set0816_dim3_bins5_2026-04-29_09-47-24.npz
rat0816,shuffle_null_mean,0.07939393939393938,,424.0,/Users/Hannah/Programming/data_eyeblink/geometry_preservation_outputs/geometry_preservation_rat0816_set0816_dim3_bins5_2026-04-29_09-47-24.npz
rat0816,shuffle_null_mean,0.09999999999999998,,425.0,/Users/Hannah/Programming/data_eyeblink/geometry_preservation_outputs/geometry_preservation_rat0816_set0816_dim3_bins5_2026-04-29_09-47-24.npz
rat0816,shuffle_null_mean,-0.027272727272727275,,426.0,/Users/Hannah/Programming/data_eyeblink/geometry_preservation_outputs/geometry_preservation_rat0816_set0816_dim3_bins5_2026-04-29_09-47-24.npz
rat0816,shuffle_null_mean,0.04181818181818181,,427.0,/Users/Hannah/Programming/data_eyeblink/geometry_preservation_outputs/geometry_preservation_rat0816_set0816_dim3_bins5_2026-04-29_09-47-24.npz
rat0816,shuffle_null_mean,0.019999999999999997,,428.0,/Users/Hannah/Programming/data_eyeblink/geometry_preservation_outputs/geometry_preservation_rat0816_set0816_dim3_bins5_2026-04-29_09-47-24.npz
rat0816,shuffle_null_mean,-0.08666666666666664,,429.0,/Users/Hannah/Programming/data_eyeblink/geometry_preservation_outputs/geometry_preservation_rat0816_set0816_dim3_bins5_2026-04-29_09-47-24.npz
rat0816,shuffle_null_mean,0.12848484848484848,,430.0,/Users/Hannah/Programming/data_eyeblink/geometry_preservation_outputs/geometry_preservation_rat0816_set0816_dim3_bins5_2026-04-29_09-47-24.npz
rat0816,shuffle_null_mean,-0.08181818181818182,,431.0,/Users/Hannah/Programming/data_eyeblink/geometry_preservation_outputs/geometry_preservation_rat0816_set0816_dim3_bins5_2026-04-29_09-47-24.npz
rat0816,shuffle_null_mean,-0.01939393939393938,,432.0,/Users/Hannah/Programming/data_eyeblink/geometry_preservation_outputs/geometry_preservation_rat0816_set0816_dim3_bins5_2026-04-29_09-47-24.npz
rat0816,shuffle_null_mean,0.03151515151515152,,433.0,/Users/Hannah/Programming/data_eyeblink/geometry_preservation_outputs/geometry_preservation_rat0816_set0816_dim3_bins5_2026-04-29_09-47-24.npz
rat0816,shuffle_null_mean,-0.07696969696969695,,434.0,/Users/Hannah/Programming/data_eyeblink/geometry_preservation_outputs/geometry_preservation_rat0816_set0816_dim3_bins5_2026-04-29_09-47-24.npz
rat0816,shuffle_null_mean,0.1406060606060606,,435.0,/Users/Hannah/Programming/data_eyeblink/geometry_preservation_outputs/geometry_preservation_rat0816_set0816_dim3_bins5_2026-04-29_09-47-24.npz
rat0816,shuffle_null_mean,0.05454545454545453,,436.0,/Users/Hannah/Programming/data_eyeblink/geometry_preservation_outputs/geometry_preservation_rat0816_set0816_dim3_bins5_2026-04-29_09-47-24.npz
rat0816,shuffle_null_mean,-0.10060606060606059,,437.0,/Users/Hannah/Programming/data_eyeblink/geometry_preservation_outputs/geometry_preservation_rat0816_set0816_dim3_bins5_2026-04-29_09-47-24.npz
rat0816,shuffle_null_mean,-0.07757575757575758,,438.0,/Users/Hannah/Programming/data_eyeblink/geometry_preservation_outputs/geometry_preservation_rat0816_set0816_dim3_bins5_2026-04-29_09-47-24.npz
rat0816,shuffle_null_mean,0.06606060606060606,,439.0,/Users/Hannah/Programming/data_eyeblink/geometry_preservation_outputs/geometry_preservation_rat0816_set0816_dim3_bins5_2026-04-29_09-47-24.npz
rat0816,shuffle_null_mean,0.09030303030303029,,440.0,/Users/Hannah/Programming/data_eyeblink/geometry_preservation_outputs/geometry_preservation_rat0816_set0816_dim3_bins5_2026-04-29_09-47-24.npz
rat0816,shuffle_null_mean,0.10303030303030306,,441.0,/Users/Hannah/Programming/data_eyeblink/geometry_preservation_outputs/geometry_preservation_rat0816_set0816_dim3_bins5_2026-04-29_09-47-24.npz
rat0816,shuffle_null_mean,-0.02787878787878787,,442.0,/Users/Hannah/Programming/data_eyeblink/geometry_preservation_outputs/geometry_preservation_rat0816_set0816_dim3_bins5_2026-04-29_09-47-24.npz
rat0816,shuffle_null_mean,-0.04727272727272726,,443.0,/Users/Hannah/Programming/data_eyeblink/geometry_preservation_outputs/geometry_preservation_rat0816_set0816_dim3_bins5_2026-04-29_09-47-24.npz
rat0816,shuffle_null_mean,0.03636363636363636,,444.0,/Users/Hannah/Programming/data_eyeblink/geometry_preservation_outputs/geometry_preservation_rat0816_set0816_dim3_bins5_2026-04-29_09-47-24.npz
rat0816,shuffle_null_mean,0.006666666666666654,,445.0,/Users/Hannah/Programming/data_eyeblink/geometry_preservation_outputs/geometry_preservation_rat0816_set0816_dim3_bins5_2026-04-29_09-47-24.npz
rat0816,shuffle_null_mean,0.02363636363636363,,446.0,/Users/Hannah/Programming/data_eyeblink/geometry_preservation_outputs/geometry_preservation_rat0816_set0816_dim3_bins5_2026-04-29_09-47-24.npz
rat0816,shuffle_null_mean,-0.08545454545454545,,447.0,/Users/Hannah/Programming/data_eyeblink/geometry_preservation_outputs/geometry_preservation_rat0816_set0816_dim3_bins5_2026-04-29_09-47-24.npz
rat0816,shuffle_null_mean,0.08969696969696969,,448.0,/Users/Hannah/Programming/data_eyeblink/geometry_preservation_outputs/geometry_preservation_rat0816_set0816_dim3_bins5_2026-04-29_09-47-24.npz
rat0816,shuffle_null_mean,-0.0006060606060605989,,449.0,/Users/Hannah/Programming/data_eyeblink/geometry_preservation_outputs/geometry_preservation_rat0816_set0816_dim3_bins5_2026-04-29_09-47-24.npz
rat0816,shuffle_null_mean,-0.0521212121212121,,450.0,/Users/Hannah/Programming/data_eyeblink/geometry_preservation_outputs/geometry_preservation_rat0816_set0816_dim3_bins5_2026-04-29_09-47-24.npz
rat0816,shuffle_null_mean,-0.012121212121212107,,451.0,/Users/Hannah/Programming/data_eyeblink/geometry_preservation_outputs/geometry_preservation_rat0816_set0816_dim3_bins5_2026-04-29_09-47-24.npz
rat0816,shuffle_null_mean,-0.03878787878787878,,452.0,/Users/Hannah/Programming/data_eyeblink/geometry_preservation_outputs/geometry_preservation_rat0816_set0816_dim3_bins5_2026-04-29_09-47-24.npz
rat0816,shuffle_null_mean,0.13818181818181816,,453.0,/Users/Hannah/Programming/data_eyeblink/geometry_preservation_outputs/geometry_preservation_rat0816_set0816_dim3_bins5_2026-04-29_09-47-24.npz
rat0816,shuffle_null_mean,-0.04242424242424242,,454.0,/Users/Hannah/Programming/data_eyeblink/geometry_preservation_outputs/geometry_preservation_rat0816_set0816_dim3_bins5_2026-04-29_09-47-24.npz
rat0816,shuffle_null_mean,-0.020606060606060607,,455.0,/Users/Hannah/Programming/data_eyeblink/geometry_preservation_outputs/geometry_preservation_rat0816_set0816_dim3_bins5_2026-04-29_09-47-24.npz
rat0816,shuffle_null_mean,-0.08545454545454548,,456.0,/Users/Hannah/Programming/data_eyeblink/geometry_preservation_outputs/geometry_preservation_rat0816_set0816_dim3_bins5_2026-04-29_09-47-24.npz
rat0816,shuffle_null_mean,-0.021212121212121213,,457.0,/Users/Hannah/Programming/data_eyeblink/geometry_preservation_outputs/geometry_preservation_rat0816_set0816_dim3_bins5_2026-04-29_09-47-24.npz
rat0816,shuffle_null_mean,-0.01939393939393939,,458.0,/Users/Hannah/Programming/data_eyeblink/geometry_preservation_outputs/geometry_preservation_rat0816_set0816_dim3_bins5_2026-04-29_09-47-24.npz
rat0816,shuffle_null_mean,0.03696969696969698,,459.0,/Users/Hannah/Programming/data_eyeblink/geometry_preservation_outputs/geometry_preservation_rat0816_set0816_dim3_bins5_2026-04-29_09-47-24.npz
rat0816,shuffle_null_mean,-0.04303030303030302,,460.0,/Users/Hannah/Programming/data_eyeblink/geometry_preservation_outputs/geometry_preservation_rat0816_set0816_dim3_bins5_2026-04-29_09-47-24.npz
rat0816,shuffle_null_mean,-0.20969696969696966,,461.0,/Users/Hannah/Programming/data_eyeblink/geometry_preservation_outputs/geometry_preservation_rat0816_set0816_dim3_bins5_2026-04-29_09-47-24.npz
rat0816,shuffle_null_mean,0.07757575757575755,,462.0,/Users/Hannah/Programming/data_eyeblink/geometry_preservation_outputs/geometry_preservation_rat0816_set0816_dim3_bins5_2026-04-29_09-47-24.npz
rat0816,shuffle_null_mean,-0.1290909090909091,,463.0,/Users/Hannah/Programming/data_eyeblink/geometry_preservation_outputs/geometry_preservation_rat0816_set0816_dim3_bins5_2026-04-29_09-47-24.npz
rat0816,shuffle_null_mean,-0.021818181818181803,,464.0,/Users/Hannah/Programming/data_eyeblink/geometry_preservation_outputs/geometry_preservation_rat0816_set0816_dim3_bins5_2026-04-29_09-47-24.npz
rat0816,shuffle_null_mean,0.0915151515151515,,465.0,/Users/Hannah/Programming/data_eyeblink/geometry_preservation_outputs/geometry_preservation_rat0816_set0816_dim3_bins5_2026-04-29_09-47-24.npz
rat0816,shuffle_null_mean,0.005454545454545457,,466.0,/Users/Hannah/Programming/data_eyeblink/geometry_preservation_outputs/geometry_preservation_rat0816_set0816_dim3_bins5_2026-04-29_09-47-24.npz
rat0816,shuffle_null_mean,0.007272727272727271,,467.0,/Users/Hannah/Programming/data_eyeblink/geometry_preservation_outputs/geometry_preservation_rat0816_set0816_dim3_bins5_2026-04-29_09-47-24.npz
rat0816,shuffle_null_mean,0.03272727272727273,,468.0,/Users/Hannah/Programming/data_eyeblink/geometry_preservation_outputs/geometry_preservation_rat0816_set0816_dim3_bins5_2026-04-29_09-47-24.npz
rat0816,shuffle_null_mean,0.030909090909090907,,469.0,/Users/Hannah/Programming/data_eyeblink/geometry_preservation_outputs/geometry_preservation_rat0816_set0816_dim3_bins5_2026-04-29_09-47-24.npz
rat0816,shuffle_null_mean,0.13333333333333333,,470.0,/Users/Hannah/Programming/data_eyeblink/geometry_preservation_outputs/geometry_preservation_rat0816_set0816_dim3_bins5_2026-04-29_09-47-24.npz
rat0816,shuffle_null_mean,0.042424242424242434,,471.0,/Users/Hannah/Programming/data_eyeblink/geometry_preservation_outputs/geometry_preservation_rat0816_set0816_dim3_bins5_2026-04-29_09-47-24.npz
rat0816,shuffle_null_mean,0.05636363636363635,,472.0,/Users/Hannah/Programming/data_eyeblink/geometry_preservation_outputs/geometry_preservation_rat0816_set0816_dim3_bins5_2026-04-29_09-47-24.npz
rat0816,shuffle_null_mean,-0.11757575757575756,,473.0,/Users/Hannah/Programming/data_eyeblink/geometry_preservation_outputs/geometry_preservation_rat0816_set0816_dim3_bins5_2026-04-29_09-47-24.npz
rat0816,shuffle_null_mean,0.04848484848484848,,474.0,/Users/Hannah/Programming/data_eyeblink/geometry_preservation_outputs/geometry_preservation_rat0816_set0816_dim3_bins5_2026-04-29_09-47-24.npz
rat0816,shuffle_null_mean,-0.09515151515151514,,475.0,/Users/Hannah/Programming/data_eyeblink/geometry_preservation_outputs/geometry_preservation_rat0816_set0816_dim3_bins5_2026-04-29_09-47-24.npz
rat0816,shuffle_null_mean,-0.018787878787878784,,476.0,/Users/Hannah/Programming/data_eyeblink/geometry_preservation_outputs/geometry_preservation_rat0816_set0816_dim3_bins5_2026-04-29_09-47-24.npz
rat0816,shuffle_null_mean,-0.10969696969696967,,477.0,/Users/Hannah/Programming/data_eyeblink/geometry_preservation_outputs/geometry_preservation_rat0816_set0816_dim3_bins5_2026-04-29_09-47-24.npz
rat0816,shuffle_null_mean,0.09333333333333331,,478.0,/Users/Hannah/Programming/data_eyeblink/geometry_preservation_outputs/geometry_preservation_rat0816_set0816_dim3_bins5_2026-04-29_09-47-24.npz
rat0816,shuffle_null_mean,-0.11818181818181817,,479.0,/Users/Hannah/Programming/data_eyeblink/geometry_preservation_outputs/geometry_preservation_rat0816_set0816_dim3_bins5_2026-04-29_09-47-24.npz
rat0816,shuffle_null_mean,0.0206060606060606,,480.0,/Users/Hannah/Programming/data_eyeblink/geometry_preservation_outputs/geometry_preservation_rat0816_set0816_dim3_bins5_2026-04-29_09-47-24.npz
rat0816,shuffle_null_mean,0.041818181818181824,,481.0,/Users/Hannah/Programming/data_eyeblink/geometry_preservation_outputs/geometry_preservation_rat0816_set0816_dim3_bins5_2026-04-29_09-47-24.npz
rat0816,shuffle_null_mean,0.010303030303030303,,482.0,/Users/Hannah/Programming/data_eyeblink/geometry_preservation_outputs/geometry_preservation_rat0816_set0816_dim3_bins5_2026-04-29_09-47-24.npz
rat0816,shuffle_null_mean,0.05333333333333333,,483.0,/Users/Hannah/Programming/data_eyeblink/geometry_preservation_outputs/geometry_preservation_rat0816_set0816_dim3_bins5_2026-04-29_09-47-24.npz
rat0816,shuffle_null_mean,-0.02727272727272727,,484.0,/Users/Hannah/Programming/data_eyeblink/geometry_preservation_outputs/geometry_preservation_rat0816_set0816_dim3_bins5_2026-04-29_09-47-24.npz
rat0816,shuffle_null_mean,-0.05030303030303031,,485.0,/Users/Hannah/Programming/data_eyeblink/geometry_preservation_outputs/geometry_preservation_rat0816_set0816_dim3_bins5_2026-04-29_09-47-24.npz
rat0816,shuffle_null_mean,-0.05030303030303031,,486.0,/Users/Hannah/Programming/data_eyeblink/geometry_preservation_outputs/geometry_preservation_rat0816_set0816_dim3_bins5_2026-04-29_09-47-24.npz
rat0816,shuffle_null_mean,0.028484848484848474,,487.0,/Users/Hannah/Programming/data_eyeblink/geometry_preservation_outputs/geometry_preservation_rat0816_set0816_dim3_bins5_2026-04-29_09-47-24.npz
rat0816,shuffle_null_mean,-0.06363636363636363,,488.0,/Users/Hannah/Programming/data_eyeblink/geometry_preservation_outputs/geometry_preservation_rat0816_set0816_dim3_bins5_2026-04-29_09-47-24.npz
rat0816,shuffle_null_mean,-0.06848484848484847,,489.0,/Users/Hannah/Programming/data_eyeblink/geometry_preservation_outputs/geometry_preservation_rat0816_set0816_dim3_bins5_2026-04-29_09-47-24.npz
rat0816,shuffle_null_mean,-0.010303030303030314,,490.0,/Users/Hannah/Programming/data_eyeblink/geometry_preservation_outputs/geometry_preservation_rat0816_set0816_dim3_bins5_2026-04-29_09-47-24.npz
rat0816,shuffle_null_mean,-0.10121212121212123,,491.0,/Users/Hannah/Programming/data_eyeblink/geometry_preservation_outputs/geometry_preservation_rat0816_set0816_dim3_bins5_2026-04-29_09-47-24.npz
rat0816,shuffle_null_mean,-0.047272727272727265,,492.0,/Users/Hannah/Programming/data_eyeblink/geometry_preservation_outputs/geometry_preservation_rat0816_set0816_dim3_bins5_2026-04-29_09-47-24.npz
rat0816,shuffle_null_mean,-0.10181818181818181,,493.0,/Users/Hannah/Programming/data_eyeblink/geometry_preservation_outputs/geometry_preservation_rat0816_set0816_dim3_bins5_2026-04-29_09-47-24.npz
rat0816,shuffle_null_mean,0.16606060606060602,,494.0,/Users/Hannah/Programming/data_eyeblink/geometry_preservation_outputs/geometry_preservation_rat0816_set0816_dim3_bins5_2026-04-29_09-47-24.npz
rat0816,shuffle_null_mean,0.03575757575757575,,495.0,/Users/Hannah/Programming/data_eyeblink/geometry_preservation_outputs/geometry_preservation_rat0816_set0816_dim3_bins5_2026-04-29_09-47-24.npz
rat0816,shuffle_null_mean,-0.013333333333333341,,496.0,/Users/Hannah/Programming/data_eyeblink/geometry_preservation_outputs/geometry_preservation_rat0816_set0816_dim3_bins5_2026-04-29_09-47-24.npz
rat0816,shuffle_null_mean,0.07333333333333332,,497.0,/Users/Hannah/Programming/data_eyeblink/geometry_preservation_outputs/geometry_preservation_rat0816_set0816_dim3_bins5_2026-04-29_09-47-24.npz
rat0816,shuffle_null_mean,0.06303030303030302,,498.0,/Users/Hannah/Programming/data_eyeblink/geometry_preservation_outputs/geometry_preservation_rat0816_set0816_dim3_bins5_2026-04-29_09-47-24.npz
rat0816,shuffle_null_mean,0.08121212121212121,,499.0,/Users/Hannah/Programming/data_eyeblink/geometry_preservation_outputs/geometry_preservation_rat0816_set0816_dim3_bins5_2026-04-29_09-47-24.npz
