comparison_family,score_type,rat_pair,null_sample,procrustes_disparity,aligned_rmse,aligned_sse_over_target_ss
A_vs_A,actual_rat_pair_mean,rat0222__rat0307,,0.17571445334844707,0.40276955051699853,0.17571445334844707
A_vs_A,actual_rat_pair_mean,rat0222__rat0313,,0.2019146381431703,0.43735717449154893,0.2019146381431703
A_vs_A,actual_rat_pair_mean,rat0222__rat0314,,0.23801546018605987,0.47481805411134576,0.23801546018605987
A_vs_A,actual_rat_pair_mean,rat0222__rat0816,,0.18884363557058131,0.4196618624115162,0.18884363557058131
A_vs_A,actual_rat_pair_mean,rat0307__rat0313,,0.14856540828179646,0.3715163737346713,0.14856540828179648
A_vs_A,actual_rat_pair_mean,rat0307__rat0314,,0.16339274716078736,0.3915251036723083,0.16339274716078736
A_vs_A,actual_rat_pair_mean,rat0307__rat0816,,0.12487479199402571,0.3371136113417298,0.12487479199402574
A_vs_A,actual_rat_pair_mean,rat0313__rat0314,,0.14343731701027113,0.36951876217686097,0.14343731701027113
A_vs_A,actual_rat_pair_mean,rat0313__rat0816,,0.1203528210836889,0.33130147623193895,0.1203528210836889
A_vs_A,actual_rat_pair_mean,rat0314__rat0816,,0.11028819285956315,0.3153591507254217,0.11028819285956315
A_vs_B,actual_rat_pair_mean,rat0222__rat0307,,0.29362732724934526,0.5222614855832154,0.29362732724934526
A_vs_B,actual_rat_pair_mean,rat0222__rat0313,,0.2063502754041533,0.43749121474249486,0.20635027540415324
A_vs_B,actual_rat_pair_mean,rat0222__rat0314,,0.2543599358966687,0.4883258911563998,0.2543599358966687
A_vs_B,actual_rat_pair_mean,rat0222__rat0816,,0.20158918248797736,0.42872404391965696,0.20158918248797736
A_vs_B,actual_rat_pair_mean,rat0307__rat0313,,0.23977088225340867,0.4565974872321011,0.23977088225340867
A_vs_B,actual_rat_pair_mean,rat0307__rat0314,,0.2930731652618862,0.5215789063255862,0.2930731652618862
A_vs_B,actual_rat_pair_mean,rat0307__rat0816,,0.24241234804421205,0.4625528416619954,0.2424123480442121
A_vs_B,actual_rat_pair_mean,rat0313__rat0314,,0.15147225058652894,0.3751055989787904,0.15147225058652894
A_vs_B,actual_rat_pair_mean,rat0313__rat0816,,0.13102772802539148,0.33820836380533936,0.13102772802539148
A_vs_B,actual_rat_pair_mean,rat0314__rat0816,,0.14433193262668176,0.3659281258480145,0.14433193262668176
B_vs_B,actual_rat_pair_mean,rat0222__rat0307,,0.36330039924880764,0.5738198606561259,0.36330039924880775
B_vs_B,actual_rat_pair_mean,rat0222__rat0313,,0.22777086447004588,0.45688828126192316,0.22777086447004594
B_vs_B,actual_rat_pair_mean,rat0222__rat0314,,0.2930427012923418,0.5237077242488847,0.2930427012923418
B_vs_B,actual_rat_pair_mean,rat0222__rat0816,,0.2034215656638295,0.43031864007501913,0.2034215656638295
B_vs_B,actual_rat_pair_mean,rat0307__rat0313,,0.32255035593784653,0.5449855436656763,0.32255035593784653
B_vs_B,actual_rat_pair_mean,rat0307__rat0314,,0.41360838639907166,0.6225110139609755,0.41360838639907155
B_vs_B,actual_rat_pair_mean,rat0307__rat0816,,0.3677569081955227,0.5778639600186146,0.3677569081955227
B_vs_B,actual_rat_pair_mean,rat0313__rat0314,,0.1498096162972174,0.36969774373219544,0.1498096162972174
B_vs_B,actual_rat_pair_mean,rat0313__rat0816,,0.13364212846003917,0.34695700782746175,0.13364212846003914
B_vs_B,actual_rat_pair_mean,rat0314__rat0816,,0.18347924378363278,0.4130341672799502,0.18347924378363273
A_vs_A,shuffle_null_mean,,0.0,0.5947542309796269,0.7620670954668678,0.5947542309796269
A_vs_A,shuffle_null_mean,,1.0,0.5914121811146876,0.7587579304372528,0.5914121811146876
A_vs_A,shuffle_null_mean,,2.0,0.5828477791341831,0.7502173170691318,0.5828477791341831
A_vs_A,shuffle_null_mean,,3.0,0.6059187733006522,0.7685922966925096,0.6059187733006524
A_vs_A,shuffle_null_mean,,4.0,0.5909895294332997,0.7580220843262531,0.5909895294332999
A_vs_A,shuffle_null_mean,,5.0,0.5681393558151812,0.7410404145864332,0.5681393558151812
A_vs_A,shuffle_null_mean,,6.0,0.5688059541193612,0.7431417541578893,0.5688059541193613
A_vs_A,shuffle_null_mean,,7.0,0.587696450707109,0.7572234375145692,0.587696450707109
A_vs_A,shuffle_null_mean,,8.0,0.5743798417267405,0.7422196273405918,0.5743798417267405
A_vs_A,shuffle_null_mean,,9.0,0.57151739944364,0.7448336246412478,0.5715173994436399
A_vs_A,shuffle_null_mean,,10.0,0.5600802949726935,0.7378796844989345,0.5600802949726935
A_vs_A,shuffle_null_mean,,11.0,0.5982218236611299,0.7633738007928522,0.5982218236611299
A_vs_A,shuffle_null_mean,,12.0,0.5729607992232472,0.7458079627083167,0.5729607992232472
A_vs_A,shuffle_null_mean,,13.0,0.5764315020695072,0.7483258128123593,0.5764315020695072
A_vs_A,shuffle_null_mean,,14.0,0.5957817276971269,0.7621300541493665,0.5957817276971269
A_vs_A,shuffle_null_mean,,15.0,0.5706614385231884,0.7450993093389492,0.5706614385231884
A_vs_A,shuffle_null_mean,,16.0,0.5966625247274283,0.7618559502378197,0.5966625247274283
A_vs_A,shuffle_null_mean,,17.0,0.5967192322356956,0.7618367113866273,0.5967192322356956
A_vs_A,shuffle_null_mean,,18.0,0.5829437444655488,0.7526484568158127,0.5829437444655488
A_vs_A,shuffle_null_mean,,19.0,0.580470272506825,0.7507171004075731,0.5804702725068251
A_vs_A,shuffle_null_mean,,20.0,0.5831770891654846,0.7520883711445607,0.5831770891654846
A_vs_A,shuffle_null_mean,,21.0,0.5715557323886873,0.7459509254318304,0.5715557323886873
A_vs_A,shuffle_null_mean,,22.0,0.5695685361242604,0.7435462039925292,0.5695685361242604
A_vs_A,shuffle_null_mean,,23.0,0.5969554268485371,0.7613762786215144,0.5969554268485371
A_vs_A,shuffle_null_mean,,24.0,0.5889478798096384,0.7574937855251481,0.5889478798096384
A_vs_A,shuffle_null_mean,,25.0,0.5810119151186892,0.7517758142863278,0.5810119151186892
A_vs_A,shuffle_null_mean,,26.0,0.5763691523781674,0.7491225148660577,0.5763691523781674
A_vs_A,shuffle_null_mean,,27.0,0.5738728982709189,0.7470075634377148,0.5738728982709189
A_vs_A,shuffle_null_mean,,28.0,0.5703927897060156,0.7423209724115363,0.5703927897060155
A_vs_A,shuffle_null_mean,,29.0,0.5608458339959311,0.737533075400495,0.5608458339959311
A_vs_A,shuffle_null_mean,,30.0,0.5938971379296818,0.7602040204171819,0.5938971379296818
A_vs_A,shuffle_null_mean,,31.0,0.6040788922443708,0.7680527094874279,0.6040788922443708
A_vs_A,shuffle_null_mean,,32.0,0.5974059748188045,0.7625796206278403,0.5974059748188044
A_vs_A,shuffle_null_mean,,33.0,0.5882075679158703,0.7570331744480038,0.5882075679158703
A_vs_A,shuffle_null_mean,,34.0,0.5604406323065878,0.7372985442176726,0.5604406323065878
A_vs_A,shuffle_null_mean,,35.0,0.6074732683716192,0.7689959564627554,0.6074732683716191
A_vs_A,shuffle_null_mean,,36.0,0.5878307842535111,0.7556615408406648,0.5878307842535111
A_vs_A,shuffle_null_mean,,37.0,0.5918488601776257,0.7578383171799397,0.5918488601776256
A_vs_A,shuffle_null_mean,,38.0,0.6006495413782729,0.7655591341223483,0.6006495413782729
A_vs_A,shuffle_null_mean,,39.0,0.5808773283740966,0.7519416306067369,0.5808773283740966
A_vs_A,shuffle_null_mean,,40.0,0.5805687366992436,0.7527723077691744,0.5805687366992436
A_vs_A,shuffle_null_mean,,41.0,0.596546619432049,0.7629852739967191,0.5965466194320489
A_vs_A,shuffle_null_mean,,42.0,0.578530521277981,0.7504543300342242,0.578530521277981
A_vs_A,shuffle_null_mean,,43.0,0.5939549541283101,0.7597693093788825,0.5939549541283101
A_vs_A,shuffle_null_mean,,44.0,0.59307124697098,0.7590396993929255,0.5930712469709799
A_vs_A,shuffle_null_mean,,45.0,0.5977195419684851,0.7617242792054265,0.597719541968485
A_vs_A,shuffle_null_mean,,46.0,0.5909887089298385,0.7576596243187919,0.5909887089298385
A_vs_A,shuffle_null_mean,,47.0,0.5805768067675043,0.7506534869956166,0.5805768067675043
A_vs_A,shuffle_null_mean,,48.0,0.5886627749059982,0.7567212992670683,0.5886627749059982
A_vs_A,shuffle_null_mean,,49.0,0.5799022715989892,0.7496331084099227,0.5799022715989891
A_vs_A,shuffle_null_mean,,50.0,0.5906088018620339,0.7574953856469631,0.5906088018620339
A_vs_A,shuffle_null_mean,,51.0,0.5951960510095713,0.7610294618141752,0.5951960510095712
A_vs_A,shuffle_null_mean,,52.0,0.5859913713237298,0.7531173496576824,0.5859913713237299
A_vs_A,shuffle_null_mean,,53.0,0.5937577828770035,0.7609957635489327,0.5937577828770035
A_vs_A,shuffle_null_mean,,54.0,0.58756960842352,0.7555444942087723,0.58756960842352
A_vs_A,shuffle_null_mean,,55.0,0.5888350881304432,0.7567646328558579,0.5888350881304432
A_vs_A,shuffle_null_mean,,56.0,0.568461362937252,0.7437662465858741,0.568461362937252
A_vs_A,shuffle_null_mean,,57.0,0.5992101833543936,0.7637014810534846,0.5992101833543936
A_vs_A,shuffle_null_mean,,58.0,0.5782327028160184,0.749091659202643,0.5782327028160184
A_vs_A,shuffle_null_mean,,59.0,0.5757460504862366,0.7488344609172544,0.5757460504862366
A_vs_A,shuffle_null_mean,,60.0,0.5803130681938302,0.751416698198294,0.5803130681938302
A_vs_A,shuffle_null_mean,,61.0,0.6035341664613596,0.7677636671605408,0.6035341664613595
A_vs_A,shuffle_null_mean,,62.0,0.5732573940687713,0.7450815288012711,0.5732573940687714
A_vs_A,shuffle_null_mean,,63.0,0.6073097729357055,0.770113914292258,0.6073097729357055
A_vs_A,shuffle_null_mean,,64.0,0.5632451657382812,0.7391178651044086,0.5632451657382812
A_vs_A,shuffle_null_mean,,65.0,0.5630573999387621,0.7397449177229898,0.5630573999387621
A_vs_A,shuffle_null_mean,,66.0,0.6007142881804387,0.7660683760539799,0.6007142881804387
A_vs_A,shuffle_null_mean,,67.0,0.5968522901023019,0.7605690215107037,0.5968522901023019
A_vs_A,shuffle_null_mean,,68.0,0.5901326670035504,0.7593394604026157,0.5901326670035504
A_vs_A,shuffle_null_mean,,69.0,0.5770758526847852,0.7457500117262494,0.5770758526847852
A_vs_A,shuffle_null_mean,,70.0,0.5956908179100915,0.7603180474609885,0.5956908179100915
A_vs_A,shuffle_null_mean,,71.0,0.5818654282735837,0.7529102300779371,0.5818654282735837
A_vs_A,shuffle_null_mean,,72.0,0.5844659559833436,0.7532768356152032,0.5844659559833436
A_vs_A,shuffle_null_mean,,73.0,0.5879841248100812,0.7559132469882386,0.5879841248100812
A_vs_A,shuffle_null_mean,,74.0,0.5873929832126531,0.7555794662378001,0.5873929832126531
A_vs_A,shuffle_null_mean,,75.0,0.5829714112819342,0.7535993780293667,0.5829714112819342
A_vs_A,shuffle_null_mean,,76.0,0.599017411759914,0.764829730873286,0.5990174117599139
A_vs_A,shuffle_null_mean,,77.0,0.5881880936974452,0.7575288217074944,0.5881880936974452
A_vs_A,shuffle_null_mean,,78.0,0.5756935295659096,0.7468362452379382,0.5756935295659097
A_vs_A,shuffle_null_mean,,79.0,0.5892330101698832,0.7572583754613323,0.5892330101698832
A_vs_A,shuffle_null_mean,,80.0,0.5764855641024984,0.7454446961822029,0.5764855641024985
A_vs_A,shuffle_null_mean,,81.0,0.5851495047818049,0.7538427293193258,0.5851495047818049
A_vs_A,shuffle_null_mean,,82.0,0.5687112888649624,0.7431446026357514,0.5687112888649624
A_vs_A,shuffle_null_mean,,83.0,0.5766662501044276,0.7468242283465907,0.5766662501044276
A_vs_A,shuffle_null_mean,,84.0,0.5958382679974545,0.7607958092027207,0.5958382679974544
A_vs_A,shuffle_null_mean,,85.0,0.5894639923553371,0.7570897822065252,0.5894639923553371
A_vs_A,shuffle_null_mean,,86.0,0.5891713685978484,0.7588436919357747,0.5891713685978484
A_vs_A,shuffle_null_mean,,87.0,0.5847123057985952,0.7527594339017938,0.5847123057985952
A_vs_A,shuffle_null_mean,,88.0,0.5695516243999127,0.7412394428812424,0.5695516243999127
A_vs_A,shuffle_null_mean,,89.0,0.6141842526618023,0.7740954664888684,0.6141842526618023
A_vs_A,shuffle_null_mean,,90.0,0.5986249919033193,0.7618525824424927,0.5986249919033193
A_vs_A,shuffle_null_mean,,91.0,0.5848277864079281,0.7553651059603592,0.5848277864079281
A_vs_A,shuffle_null_mean,,92.0,0.5822507709820994,0.7513236287753484,0.5822507709820993
A_vs_A,shuffle_null_mean,,93.0,0.6023119491165873,0.7656460703205603,0.6023119491165873
A_vs_A,shuffle_null_mean,,94.0,0.5964577987533549,0.7604934659811329,0.5964577987533548
A_vs_A,shuffle_null_mean,,95.0,0.5931927884782191,0.7591107909821585,0.5931927884782191
A_vs_A,shuffle_null_mean,,96.0,0.5820420591873507,0.7518375731564023,0.5820420591873507
A_vs_A,shuffle_null_mean,,97.0,0.5892504120068747,0.7602749216331721,0.5892504120068747
A_vs_A,shuffle_null_mean,,98.0,0.5915324442951692,0.7578715669485215,0.5915324442951693
A_vs_A,shuffle_null_mean,,99.0,0.581891855297697,0.7518012751628047,0.581891855297697
A_vs_A,shuffle_null_mean,,100.0,0.6047251380375561,0.7655371605197977,0.6047251380375561
A_vs_A,shuffle_null_mean,,101.0,0.6034909991378179,0.7670111946649996,0.6034909991378179
A_vs_A,shuffle_null_mean,,102.0,0.6089139370738104,0.7696712143835149,0.6089139370738104
A_vs_A,shuffle_null_mean,,103.0,0.5828492007937972,0.7521292594199721,0.5828492007937972
A_vs_A,shuffle_null_mean,,104.0,0.584016342763801,0.754307279126196,0.584016342763801
A_vs_A,shuffle_null_mean,,105.0,0.5934473676879201,0.7592452329386428,0.5934473676879201
A_vs_A,shuffle_null_mean,,106.0,0.5831494869034222,0.7529250296015427,0.5831494869034222
A_vs_A,shuffle_null_mean,,107.0,0.5755154710362971,0.7444838099421365,0.575515471036297
A_vs_A,shuffle_null_mean,,108.0,0.5816269086296227,0.7528111253312306,0.5816269086296227
A_vs_A,shuffle_null_mean,,109.0,0.5675427762806223,0.7404170840013783,0.5675427762806223
A_vs_A,shuffle_null_mean,,110.0,0.5969177118161817,0.7638447559148942,0.5969177118161817
A_vs_A,shuffle_null_mean,,111.0,0.6039480775232647,0.7657698557072317,0.6039480775232648
A_vs_A,shuffle_null_mean,,112.0,0.6012416085609367,0.7666655723999761,0.6012416085609369
A_vs_A,shuffle_null_mean,,113.0,0.5831696427364472,0.7540439882894483,0.5831696427364473
A_vs_A,shuffle_null_mean,,114.0,0.6028821791958713,0.7645252679269956,0.6028821791958713
A_vs_A,shuffle_null_mean,,115.0,0.5938075165024818,0.7614420807072138,0.5938075165024818
A_vs_A,shuffle_null_mean,,116.0,0.5900866381727102,0.7593133458741651,0.5900866381727102
A_vs_A,shuffle_null_mean,,117.0,0.5997376203082565,0.7642688960627358,0.5997376203082565
A_vs_A,shuffle_null_mean,,118.0,0.585772305140821,0.7551955396969857,0.5857723051408209
A_vs_A,shuffle_null_mean,,119.0,0.5882555639633821,0.7546219568177825,0.5882555639633821
A_vs_A,shuffle_null_mean,,120.0,0.5921087921083213,0.7582864097797357,0.5921087921083213
A_vs_A,shuffle_null_mean,,121.0,0.5866780324541241,0.7546188564044958,0.5866780324541241
A_vs_A,shuffle_null_mean,,122.0,0.5902885824478205,0.7578338753437877,0.5902885824478205
A_vs_A,shuffle_null_mean,,123.0,0.5949372308943305,0.7592146584461215,0.5949372308943305
A_vs_A,shuffle_null_mean,,124.0,0.5830508605261208,0.7506401443742441,0.5830508605261207
A_vs_A,shuffle_null_mean,,125.0,0.5864568465272729,0.7556581563169427,0.5864568465272729
A_vs_A,shuffle_null_mean,,126.0,0.5835651294910569,0.7522066786764825,0.5835651294910569
A_vs_A,shuffle_null_mean,,127.0,0.5994625528338997,0.7652133240805188,0.5994625528338997
A_vs_A,shuffle_null_mean,,128.0,0.5789868576267666,0.7514138181528304,0.5789868576267666
A_vs_A,shuffle_null_mean,,129.0,0.5679233197436162,0.7420758995595715,0.5679233197436162
A_vs_A,shuffle_null_mean,,130.0,0.5785215175066905,0.7479065950634596,0.5785215175066905
A_vs_A,shuffle_null_mean,,131.0,0.5843927436689389,0.7532156413568328,0.5843927436689389
A_vs_A,shuffle_null_mean,,132.0,0.6038451858237537,0.7674799178797619,0.6038451858237538
A_vs_A,shuffle_null_mean,,133.0,0.5737620850608516,0.7464118703366227,0.5737620850608516
A_vs_A,shuffle_null_mean,,134.0,0.5909839073470614,0.7577600417637239,0.5909839073470614
A_vs_A,shuffle_null_mean,,135.0,0.5762668804968305,0.7473314889024845,0.5762668804968304
A_vs_A,shuffle_null_mean,,136.0,0.5885395484499432,0.7578761123558996,0.5885395484499433
A_vs_A,shuffle_null_mean,,137.0,0.5824434926192927,0.7528358183364612,0.5824434926192927
A_vs_A,shuffle_null_mean,,138.0,0.5777195734732349,0.7491782969656712,0.5777195734732349
A_vs_A,shuffle_null_mean,,139.0,0.5792133554855584,0.7487095057742809,0.5792133554855584
A_vs_A,shuffle_null_mean,,140.0,0.5742717863820647,0.7469960910698279,0.5742717863820647
A_vs_A,shuffle_null_mean,,141.0,0.5955542409750777,0.7626636414167095,0.5955542409750777
A_vs_A,shuffle_null_mean,,142.0,0.5898171437448617,0.7573772429246615,0.5898171437448617
A_vs_A,shuffle_null_mean,,143.0,0.6026711685267159,0.7675432859266389,0.6026711685267159
A_vs_A,shuffle_null_mean,,144.0,0.5905869106639545,0.7572346089822428,0.5905869106639545
A_vs_A,shuffle_null_mean,,145.0,0.5723081971460666,0.7448398974656609,0.5723081971460666
A_vs_A,shuffle_null_mean,,146.0,0.5934657464147624,0.7589360744054147,0.5934657464147624
A_vs_A,shuffle_null_mean,,147.0,0.5882469827170814,0.7570426423438448,0.5882469827170814
A_vs_A,shuffle_null_mean,,148.0,0.6008129730482185,0.7635136037606396,0.6008129730482183
A_vs_A,shuffle_null_mean,,149.0,0.6093674086532527,0.769355054861922,0.6093674086532526
A_vs_A,shuffle_null_mean,,150.0,0.5910532617233984,0.7570317236603665,0.5910532617233984
A_vs_A,shuffle_null_mean,,151.0,0.5852644199829558,0.7562686006571575,0.5852644199829558
A_vs_A,shuffle_null_mean,,152.0,0.5863170969383905,0.7549106652195577,0.5863170969383906
A_vs_A,shuffle_null_mean,,153.0,0.5889117473515786,0.7580826794227373,0.5889117473515786
A_vs_A,shuffle_null_mean,,154.0,0.5676937709826005,0.7432505374263603,0.5676937709826005
A_vs_A,shuffle_null_mean,,155.0,0.5801766854351068,0.7494415889721916,0.5801766854351068
A_vs_A,shuffle_null_mean,,156.0,0.5864437809711569,0.75374799298447,0.5864437809711569
A_vs_A,shuffle_null_mean,,157.0,0.5987396089358468,0.7635057259204442,0.5987396089358467
A_vs_A,shuffle_null_mean,,158.0,0.5690695742303715,0.742080675864743,0.5690695742303715
A_vs_A,shuffle_null_mean,,159.0,0.6005431468779985,0.7648223036178066,0.6005431468779985
A_vs_A,shuffle_null_mean,,160.0,0.5874309574439475,0.7549315156415862,0.5874309574439474
A_vs_A,shuffle_null_mean,,161.0,0.5728626794843742,0.7451350461633099,0.5728626794843742
A_vs_A,shuffle_null_mean,,162.0,0.5929341456964397,0.7591945084756253,0.5929341456964398
A_vs_A,shuffle_null_mean,,163.0,0.5911780030751913,0.7591813462403506,0.5911780030751913
A_vs_A,shuffle_null_mean,,164.0,0.5924102217993017,0.7587809530374869,0.5924102217993017
A_vs_A,shuffle_null_mean,,165.0,0.6014900169003113,0.7648691617116975,0.6014900169003112
A_vs_A,shuffle_null_mean,,166.0,0.5954599136121997,0.7616296921978105,0.5954599136121997
A_vs_A,shuffle_null_mean,,167.0,0.5751694289660715,0.7467183655462842,0.5751694289660716
A_vs_A,shuffle_null_mean,,168.0,0.5745213052658769,0.7478282209182615,0.5745213052658769
A_vs_A,shuffle_null_mean,,169.0,0.5933289956408906,0.7604882821845009,0.5933289956408906
A_vs_A,shuffle_null_mean,,170.0,0.5979850530893493,0.7640421972268678,0.5979850530893493
A_vs_A,shuffle_null_mean,,171.0,0.5870311908978276,0.7536071025211684,0.5870311908978276
A_vs_A,shuffle_null_mean,,172.0,0.5783578738244116,0.7496597400527698,0.5783578738244116
A_vs_A,shuffle_null_mean,,173.0,0.5975609687619501,0.7644137015748027,0.5975609687619501
A_vs_A,shuffle_null_mean,,174.0,0.5681115868084878,0.7422678718889945,0.5681115868084877
A_vs_A,shuffle_null_mean,,175.0,0.5602917439398339,0.7363132161172562,0.5602917439398339
A_vs_A,shuffle_null_mean,,176.0,0.5655038544442712,0.7386790182176461,0.5655038544442714
A_vs_A,shuffle_null_mean,,177.0,0.5570866954224256,0.7343939781816984,0.5570866954224256
A_vs_A,shuffle_null_mean,,178.0,0.5633097566979164,0.7379219533979329,0.5633097566979164
A_vs_A,shuffle_null_mean,,179.0,0.6085296702185445,0.7689214390319011,0.6085296702185445
A_vs_A,shuffle_null_mean,,180.0,0.5793404210626547,0.7508748030167814,0.5793404210626546
A_vs_A,shuffle_null_mean,,181.0,0.5707302843788082,0.741718586744206,0.5707302843788081
A_vs_A,shuffle_null_mean,,182.0,0.594819472072673,0.7608006433930468,0.594819472072673
A_vs_A,shuffle_null_mean,,183.0,0.556058302182301,0.7347967208305263,0.5560583021823011
A_vs_A,shuffle_null_mean,,184.0,0.6058378605672463,0.7684543702481426,0.6058378605672463
A_vs_A,shuffle_null_mean,,185.0,0.6062801300140391,0.7682297108872121,0.6062801300140391
A_vs_A,shuffle_null_mean,,186.0,0.5894232294581381,0.755758679749198,0.5894232294581381
A_vs_A,shuffle_null_mean,,187.0,0.567011898469565,0.7395488301612062,0.5670118984695651
A_vs_A,shuffle_null_mean,,188.0,0.574109063780033,0.7475043273892104,0.5741090637800331
A_vs_A,shuffle_null_mean,,189.0,0.5858823528667204,0.755399538287343,0.5858823528667204
A_vs_A,shuffle_null_mean,,190.0,0.6007453886924486,0.7659605582527653,0.6007453886924486
A_vs_A,shuffle_null_mean,,191.0,0.5749468742888033,0.7481438774334968,0.5749468742888034
A_vs_A,shuffle_null_mean,,192.0,0.5732917104646849,0.7438299384803612,0.5732917104646849
A_vs_A,shuffle_null_mean,,193.0,0.6113466607184936,0.774404861312387,0.6113466607184936
A_vs_A,shuffle_null_mean,,194.0,0.5799143572281609,0.7512928042169029,0.5799143572281609
A_vs_A,shuffle_null_mean,,195.0,0.590834684781762,0.7567017039241601,0.590834684781762
A_vs_A,shuffle_null_mean,,196.0,0.594396636531004,0.7608949353869654,0.594396636531004
A_vs_A,shuffle_null_mean,,197.0,0.5925385289154683,0.7602283574616683,0.5925385289154683
A_vs_A,shuffle_null_mean,,198.0,0.5901097404592773,0.7544366635104919,0.5901097404592772
A_vs_A,shuffle_null_mean,,199.0,0.5985568093651243,0.7645657778345498,0.5985568093651245
A_vs_A,shuffle_null_mean,,200.0,0.5870011770416539,0.7562398914406575,0.587001177041654
A_vs_A,shuffle_null_mean,,201.0,0.5823480199482212,0.7506872209323766,0.5823480199482212
A_vs_A,shuffle_null_mean,,202.0,0.6050995421736983,0.767492173383302,0.6050995421736983
A_vs_A,shuffle_null_mean,,203.0,0.6093118694013565,0.7709772301262452,0.6093118694013565
A_vs_A,shuffle_null_mean,,204.0,0.6009831912939978,0.7668879534558042,0.6009831912939977
A_vs_A,shuffle_null_mean,,205.0,0.5731996868930367,0.7461235377641214,0.5731996868930365
A_vs_A,shuffle_null_mean,,206.0,0.5988924024017555,0.763790764216824,0.5988924024017555
A_vs_A,shuffle_null_mean,,207.0,0.5771098804275013,0.7472962147270452,0.5771098804275013
A_vs_A,shuffle_null_mean,,208.0,0.586440172974269,0.753821193251285,0.586440172974269
A_vs_A,shuffle_null_mean,,209.0,0.593087130385118,0.7567257280066871,0.5930871303851181
A_vs_A,shuffle_null_mean,,210.0,0.5675761268192197,0.7432521713276337,0.5675761268192197
A_vs_A,shuffle_null_mean,,211.0,0.5934509090450604,0.7572100003185904,0.5934509090450604
A_vs_A,shuffle_null_mean,,212.0,0.5855625578112493,0.7528632824970999,0.5855625578112494
A_vs_A,shuffle_null_mean,,213.0,0.6040885398773195,0.7672487261642306,0.6040885398773195
A_vs_A,shuffle_null_mean,,214.0,0.581062652261416,0.7508759233040281,0.581062652261416
A_vs_A,shuffle_null_mean,,215.0,0.5800734949120823,0.7489291346660784,0.5800734949120822
A_vs_A,shuffle_null_mean,,216.0,0.5762640348272456,0.7482524808346985,0.5762640348272456
A_vs_A,shuffle_null_mean,,217.0,0.5757478895686547,0.7446345038702925,0.5757478895686547
A_vs_A,shuffle_null_mean,,218.0,0.5785869052918423,0.7505126091856453,0.5785869052918423
A_vs_A,shuffle_null_mean,,219.0,0.6061929404207311,0.7689004382269303,0.606192940420731
A_vs_A,shuffle_null_mean,,220.0,0.5803126727190925,0.7517812313547716,0.5803126727190925
A_vs_A,shuffle_null_mean,,221.0,0.5818793627666243,0.7508831935325826,0.5818793627666243
A_vs_A,shuffle_null_mean,,222.0,0.5918903375913527,0.7592213567278729,0.5918903375913527
A_vs_A,shuffle_null_mean,,223.0,0.5631513512445824,0.7394659404907695,0.5631513512445823
A_vs_A,shuffle_null_mean,,224.0,0.5895958456692236,0.7570643112577583,0.5895958456692236
A_vs_A,shuffle_null_mean,,225.0,0.583578755057412,0.7548158296773387,0.583578755057412
A_vs_A,shuffle_null_mean,,226.0,0.5658377214561666,0.7421177976453313,0.5658377214561666
A_vs_A,shuffle_null_mean,,227.0,0.590487773494607,0.7590685750139466,0.590487773494607
A_vs_A,shuffle_null_mean,,228.0,0.5688583449351882,0.7448817414553206,0.5688583449351882
A_vs_A,shuffle_null_mean,,229.0,0.5726102735703676,0.7448092835636928,0.5726102735703676
A_vs_A,shuffle_null_mean,,230.0,0.5662237637960977,0.7401981130701273,0.5662237637960977
A_vs_A,shuffle_null_mean,,231.0,0.5770499056944489,0.7503439575799311,0.5770499056944489
A_vs_A,shuffle_null_mean,,232.0,0.577646696161736,0.7495182551679268,0.5776466961617361
A_vs_A,shuffle_null_mean,,233.0,0.6014923680458032,0.7642107359846881,0.6014923680458032
A_vs_A,shuffle_null_mean,,234.0,0.5830040202825024,0.7524093419581432,0.5830040202825024
A_vs_A,shuffle_null_mean,,235.0,0.5743193504635589,0.7464687947288926,0.5743193504635589
A_vs_A,shuffle_null_mean,,236.0,0.5720256182625938,0.743540913549068,0.5720256182625938
A_vs_A,shuffle_null_mean,,237.0,0.5591443080472251,0.7343731151503998,0.5591443080472251
A_vs_A,shuffle_null_mean,,238.0,0.589715698259234,0.7600525655958412,0.589715698259234
A_vs_A,shuffle_null_mean,,239.0,0.522421317025452,0.7088266538085899,0.522421317025452
A_vs_A,shuffle_null_mean,,240.0,0.5787081793327011,0.7483762168721872,0.5787081793327011
A_vs_A,shuffle_null_mean,,241.0,0.6004538357478684,0.765296705852738,0.6004538357478684
A_vs_A,shuffle_null_mean,,242.0,0.5580667949218122,0.7335536699666961,0.5580667949218122
A_vs_A,shuffle_null_mean,,243.0,0.5827287407656344,0.7522094832621388,0.5827287407656346
A_vs_A,shuffle_null_mean,,244.0,0.5915931183610087,0.7574217567565482,0.5915931183610087
A_vs_A,shuffle_null_mean,,245.0,0.5929040485259239,0.7595626128199797,0.592904048525924
A_vs_A,shuffle_null_mean,,246.0,0.5752441329799853,0.7467784048243474,0.5752441329799853
A_vs_A,shuffle_null_mean,,247.0,0.5750487228224127,0.7472567060674205,0.5750487228224127
A_vs_A,shuffle_null_mean,,248.0,0.5973810221431896,0.7609190503056513,0.5973810221431897
A_vs_A,shuffle_null_mean,,249.0,0.5891448066101601,0.7568323447900795,0.5891448066101601
A_vs_A,shuffle_null_mean,,250.0,0.6050842976302444,0.7675903214336479,0.6050842976302444
A_vs_A,shuffle_null_mean,,251.0,0.5644786966989872,0.7404037229499622,0.5644786966989873
A_vs_A,shuffle_null_mean,,252.0,0.5977332619342284,0.7634629203750326,0.5977332619342284
A_vs_A,shuffle_null_mean,,253.0,0.5925443689833699,0.7606235543146445,0.5925443689833699
A_vs_A,shuffle_null_mean,,254.0,0.5745935397912081,0.7449465545264643,0.5745935397912081
A_vs_A,shuffle_null_mean,,255.0,0.6053587186711582,0.768599620893759,0.6053587186711582
A_vs_A,shuffle_null_mean,,256.0,0.6095375520011783,0.7708277243874956,0.6095375520011783
A_vs_A,shuffle_null_mean,,257.0,0.5965235016359631,0.7623939484994122,0.5965235016359631
A_vs_A,shuffle_null_mean,,258.0,0.5561768613851162,0.7312504263264366,0.5561768613851162
A_vs_A,shuffle_null_mean,,259.0,0.5877582209801796,0.7555821285298867,0.5877582209801795
A_vs_A,shuffle_null_mean,,260.0,0.5786437187118192,0.7489857956719568,0.5786437187118192
A_vs_A,shuffle_null_mean,,261.0,0.5928133470479755,0.7594114347064966,0.5928133470479755
A_vs_A,shuffle_null_mean,,262.0,0.5934824459378978,0.7580963093932598,0.5934824459378978
A_vs_A,shuffle_null_mean,,263.0,0.591056671521104,0.7580965107284465,0.591056671521104
A_vs_A,shuffle_null_mean,,264.0,0.5623342953039627,0.7372251378127356,0.5623342953039627
A_vs_A,shuffle_null_mean,,265.0,0.5800670409698512,0.7488525765731716,0.5800670409698513
A_vs_A,shuffle_null_mean,,266.0,0.5728886803129736,0.7449339414906245,0.5728886803129736
A_vs_A,shuffle_null_mean,,267.0,0.5770723033429757,0.7487336220629622,0.5770723033429757
A_vs_A,shuffle_null_mean,,268.0,0.5706760607232422,0.74205549496385,0.5706760607232422
A_vs_A,shuffle_null_mean,,269.0,0.601468446136549,0.7637267194616413,0.601468446136549
A_vs_A,shuffle_null_mean,,270.0,0.5783225092494864,0.7475448289887842,0.5783225092494864
A_vs_A,shuffle_null_mean,,271.0,0.5825242168771408,0.7519449033276265,0.582524216877141
A_vs_A,shuffle_null_mean,,272.0,0.5957668034222794,0.7623730294039095,0.5957668034222794
A_vs_A,shuffle_null_mean,,273.0,0.6003692854007935,0.7647358986806323,0.6003692854007935
A_vs_A,shuffle_null_mean,,274.0,0.5772877990899314,0.7493202133957677,0.5772877990899314
A_vs_A,shuffle_null_mean,,275.0,0.5820128482846098,0.7532753934913812,0.5820128482846098
A_vs_A,shuffle_null_mean,,276.0,0.6173749536402078,0.7766867553283612,0.6173749536402078
A_vs_A,shuffle_null_mean,,277.0,0.5659676054421638,0.7403891396354753,0.5659676054421638
A_vs_A,shuffle_null_mean,,278.0,0.5759555877919997,0.7465876979771185,0.5759555877919997
A_vs_A,shuffle_null_mean,,279.0,0.5923980265478324,0.7584766785336295,0.5923980265478326
A_vs_A,shuffle_null_mean,,280.0,0.5820737560156626,0.7525560675182061,0.5820737560156626
A_vs_A,shuffle_null_mean,,281.0,0.582794986801673,0.7518781948165894,0.5827949868016729
A_vs_A,shuffle_null_mean,,282.0,0.6044327798920539,0.7678483773711641,0.6044327798920539
A_vs_A,shuffle_null_mean,,283.0,0.5863508667253323,0.7546752568779819,0.5863508667253323
A_vs_A,shuffle_null_mean,,284.0,0.5617472043025503,0.7358416235921869,0.5617472043025503
A_vs_A,shuffle_null_mean,,285.0,0.5842604433665743,0.7526496955167399,0.5842604433665743
A_vs_A,shuffle_null_mean,,286.0,0.6139513730214093,0.7729175736933583,0.6139513730214092
A_vs_A,shuffle_null_mean,,287.0,0.5880294710282028,0.7563033071634588,0.588029471028203
A_vs_A,shuffle_null_mean,,288.0,0.6015835005184764,0.7650867323072071,0.6015835005184765
A_vs_A,shuffle_null_mean,,289.0,0.5712859537411695,0.7422282853216395,0.5712859537411695
A_vs_A,shuffle_null_mean,,290.0,0.571041140111581,0.7440595370273763,0.571041140111581
A_vs_A,shuffle_null_mean,,291.0,0.5678053793281814,0.7424480456827954,0.5678053793281814
A_vs_A,shuffle_null_mean,,292.0,0.5828696190732384,0.7527539525740572,0.5828696190732384
A_vs_A,shuffle_null_mean,,293.0,0.5821009556643432,0.7531961566735406,0.5821009556643433
A_vs_A,shuffle_null_mean,,294.0,0.5777818856468487,0.7489948547776872,0.5777818856468487
A_vs_A,shuffle_null_mean,,295.0,0.603657210346874,0.767441617652128,0.603657210346874
A_vs_A,shuffle_null_mean,,296.0,0.5882544405330893,0.7558675013383119,0.5882544405330892
A_vs_A,shuffle_null_mean,,297.0,0.6008053654124161,0.7640621639912346,0.6008053654124161
A_vs_A,shuffle_null_mean,,298.0,0.5856171359407215,0.7540977300921039,0.5856171359407213
A_vs_A,shuffle_null_mean,,299.0,0.5854405840647559,0.7524797326935051,0.5854405840647561
A_vs_A,shuffle_null_mean,,300.0,0.5796389762777654,0.7504579278309668,0.5796389762777654
A_vs_A,shuffle_null_mean,,301.0,0.5957162033705857,0.7607778286055915,0.5957162033705857
A_vs_A,shuffle_null_mean,,302.0,0.5736496173458411,0.7474428917124877,0.5736496173458411
A_vs_A,shuffle_null_mean,,303.0,0.5559718471908408,0.7305958150648643,0.5559718471908408
A_vs_A,shuffle_null_mean,,304.0,0.5684573194199098,0.742632427007277,0.5684573194199097
A_vs_A,shuffle_null_mean,,305.0,0.5797894899390209,0.7482945201567117,0.5797894899390209
A_vs_A,shuffle_null_mean,,306.0,0.5812967416340817,0.7500894842872188,0.5812967416340817
A_vs_A,shuffle_null_mean,,307.0,0.568537291545567,0.74201175613457,0.568537291545567
A_vs_A,shuffle_null_mean,,308.0,0.5888917804901665,0.7582777029249418,0.5888917804901667
A_vs_A,shuffle_null_mean,,309.0,0.587917127053968,0.7548212127472401,0.587917127053968
A_vs_A,shuffle_null_mean,,310.0,0.5907136130116946,0.7560354100590467,0.5907136130116946
A_vs_A,shuffle_null_mean,,311.0,0.5859609773516368,0.7539854472800925,0.585960977351637
A_vs_A,shuffle_null_mean,,312.0,0.5935828960491232,0.7609081101811417,0.5935828960491232
A_vs_A,shuffle_null_mean,,313.0,0.5890589460834145,0.755779044684117,0.5890589460834145
A_vs_A,shuffle_null_mean,,314.0,0.604905024263227,0.7680783296392526,0.604905024263227
A_vs_A,shuffle_null_mean,,315.0,0.5944427337364814,0.7615083869519761,0.5944427337364814
A_vs_A,shuffle_null_mean,,316.0,0.5858241777308179,0.7555890735591915,0.585824177730818
A_vs_A,shuffle_null_mean,,317.0,0.5671720378487123,0.7401380058546747,0.5671720378487123
A_vs_A,shuffle_null_mean,,318.0,0.5801954375228184,0.748955617965977,0.5801954375228185
A_vs_A,shuffle_null_mean,,319.0,0.6052584183802374,0.7678733134417717,0.6052584183802374
A_vs_A,shuffle_null_mean,,320.0,0.5686559323001783,0.7436798088874303,0.5686559323001783
A_vs_A,shuffle_null_mean,,321.0,0.6008328558250711,0.7635855249024509,0.6008328558250711
A_vs_A,shuffle_null_mean,,322.0,0.5958826588449379,0.7620986213326201,0.5958826588449379
A_vs_A,shuffle_null_mean,,323.0,0.5608365549502349,0.7362752143949992,0.5608365549502349
A_vs_A,shuffle_null_mean,,324.0,0.5891931720972192,0.7565077792584065,0.5891931720972192
A_vs_A,shuffle_null_mean,,325.0,0.5810321547607386,0.7498880342004963,0.5810321547607387
A_vs_A,shuffle_null_mean,,326.0,0.5881236354366342,0.7553392310506507,0.5881236354366342
A_vs_A,shuffle_null_mean,,327.0,0.5721252426002377,0.7438876381937385,0.5721252426002377
A_vs_A,shuffle_null_mean,,328.0,0.5695852297687127,0.7417449534728197,0.5695852297687127
A_vs_A,shuffle_null_mean,,329.0,0.5845559889933455,0.7521123823458329,0.5845559889933455
A_vs_A,shuffle_null_mean,,330.0,0.5909734823698825,0.7572686330246279,0.5909734823698827
A_vs_A,shuffle_null_mean,,331.0,0.5733085436357868,0.747862667886585,0.5733085436357868
A_vs_A,shuffle_null_mean,,332.0,0.5966469763492491,0.7619038451340787,0.5966469763492492
A_vs_A,shuffle_null_mean,,333.0,0.5864429959680684,0.7553576189689303,0.5864429959680685
A_vs_A,shuffle_null_mean,,334.0,0.5950397746178436,0.7596014170768508,0.5950397746178435
A_vs_A,shuffle_null_mean,,335.0,0.5703543951621225,0.744043260415814,0.5703543951621224
A_vs_A,shuffle_null_mean,,336.0,0.587987226952204,0.752981804575297,0.587987226952204
A_vs_A,shuffle_null_mean,,337.0,0.5632090643817638,0.7372495908444627,0.5632090643817638
A_vs_A,shuffle_null_mean,,338.0,0.590377476057719,0.757186777045362,0.590377476057719
A_vs_A,shuffle_null_mean,,339.0,0.5852797537895778,0.7539440284081056,0.5852797537895778
A_vs_A,shuffle_null_mean,,340.0,0.597652991882554,0.7619313708575788,0.5976529918825539
A_vs_A,shuffle_null_mean,,341.0,0.5752612419484007,0.747049902046189,0.5752612419484007
A_vs_A,shuffle_null_mean,,342.0,0.5833643700371209,0.7524951049149085,0.583364370037121
A_vs_A,shuffle_null_mean,,343.0,0.5821189891419072,0.7508290852223071,0.5821189891419072
A_vs_A,shuffle_null_mean,,344.0,0.5918582674283597,0.7572817460134277,0.5918582674283597
A_vs_A,shuffle_null_mean,,345.0,0.610497434633983,0.7711815618252318,0.6104974346339831
A_vs_A,shuffle_null_mean,,346.0,0.5934209818077443,0.7581759373295457,0.5934209818077443
A_vs_A,shuffle_null_mean,,347.0,0.5810426943190213,0.7506153384749036,0.5810426943190212
A_vs_A,shuffle_null_mean,,348.0,0.6144597742386011,0.7745803681025233,0.6144597742386011
A_vs_A,shuffle_null_mean,,349.0,0.576983941034962,0.7457033252389065,0.5769839410349619
A_vs_A,shuffle_null_mean,,350.0,0.5679533711112816,0.7412960915067719,0.5679533711112816
A_vs_A,shuffle_null_mean,,351.0,0.5963625762717518,0.7623701506527965,0.5963625762717518
A_vs_A,shuffle_null_mean,,352.0,0.5862999017009717,0.754885516348023,0.5862999017009718
A_vs_A,shuffle_null_mean,,353.0,0.605298410706962,0.7685381616970473,0.6052984107069621
A_vs_A,shuffle_null_mean,,354.0,0.5853410458035879,0.7530076083065922,0.5853410458035879
A_vs_A,shuffle_null_mean,,355.0,0.586440764311078,0.7548066010691399,0.5864407643110779
A_vs_A,shuffle_null_mean,,356.0,0.5710544707472769,0.7427367821388231,0.5710544707472769
A_vs_A,shuffle_null_mean,,357.0,0.5712376473106184,0.7429902557142204,0.5712376473106184
A_vs_A,shuffle_null_mean,,358.0,0.6104417945485598,0.770578293631608,0.6104417945485597
A_vs_A,shuffle_null_mean,,359.0,0.589326451861201,0.7561856224719243,0.5893264518612011
A_vs_A,shuffle_null_mean,,360.0,0.5737171365473137,0.7472677523269698,0.5737171365473137
A_vs_A,shuffle_null_mean,,361.0,0.5962681531874997,0.7622214644374942,0.5962681531874997
A_vs_A,shuffle_null_mean,,362.0,0.5812467497969609,0.7509932291920349,0.5812467497969609
A_vs_A,shuffle_null_mean,,363.0,0.5765499374320325,0.746369457907915,0.5765499374320325
A_vs_A,shuffle_null_mean,,364.0,0.603149151701974,0.7657559247921368,0.6031491517019744
A_vs_A,shuffle_null_mean,,365.0,0.5757131373454916,0.7448385632086887,0.5757131373454917
A_vs_A,shuffle_null_mean,,366.0,0.592859046445891,0.7574927492252439,0.592859046445891
A_vs_A,shuffle_null_mean,,367.0,0.5513600057084582,0.7302545426270013,0.5513600057084583
A_vs_A,shuffle_null_mean,,368.0,0.5873060096305756,0.7544539915688165,0.5873060096305756
A_vs_A,shuffle_null_mean,,369.0,0.5875310530977522,0.7545075792929283,0.5875310530977522
A_vs_A,shuffle_null_mean,,370.0,0.5855799418866858,0.7547043214837469,0.5855799418866858
A_vs_A,shuffle_null_mean,,371.0,0.5768372131187224,0.7497520485244922,0.5768372131187225
A_vs_A,shuffle_null_mean,,372.0,0.5807881532509462,0.751959407158646,0.5807881532509462
A_vs_A,shuffle_null_mean,,373.0,0.5663040481895675,0.7413745648327185,0.5663040481895675
A_vs_A,shuffle_null_mean,,374.0,0.581254664427393,0.7512831467137896,0.5812546644273929
A_vs_A,shuffle_null_mean,,375.0,0.5875506440605146,0.7571742365590259,0.5875506440605146
A_vs_A,shuffle_null_mean,,376.0,0.5876110972102265,0.755550492586592,0.5876110972102265
A_vs_A,shuffle_null_mean,,377.0,0.568629957306673,0.7420600833712225,0.568629957306673
A_vs_A,shuffle_null_mean,,378.0,0.5691809352105508,0.7406731328177056,0.5691809352105508
A_vs_A,shuffle_null_mean,,379.0,0.6013414454460035,0.7657345957678304,0.6013414454460035
A_vs_A,shuffle_null_mean,,380.0,0.6132812459894817,0.7733565673807301,0.6132812459894817
A_vs_A,shuffle_null_mean,,381.0,0.5956180195858682,0.7618346458369869,0.5956180195858682
A_vs_A,shuffle_null_mean,,382.0,0.5762930784562837,0.7463294761930953,0.5762930784562839
A_vs_A,shuffle_null_mean,,383.0,0.5777523722069462,0.7479973949517474,0.5777523722069462
A_vs_A,shuffle_null_mean,,384.0,0.5828318013648959,0.7533265018508734,0.5828318013648959
A_vs_A,shuffle_null_mean,,385.0,0.5898340107535662,0.7561530373155142,0.5898340107535662
A_vs_A,shuffle_null_mean,,386.0,0.6059014444751918,0.7682306886943716,0.6059014444751918
A_vs_A,shuffle_null_mean,,387.0,0.5855123114363616,0.7546600824430638,0.5855123114363616
A_vs_A,shuffle_null_mean,,388.0,0.596099714023509,0.7621922804854562,0.596099714023509
A_vs_A,shuffle_null_mean,,389.0,0.5700060796698339,0.7425271264515132,0.5700060796698339
A_vs_A,shuffle_null_mean,,390.0,0.5648676268869819,0.7384999744801576,0.5648676268869819
A_vs_A,shuffle_null_mean,,391.0,0.5800655807870237,0.7503332537929701,0.5800655807870237
A_vs_A,shuffle_null_mean,,392.0,0.6073627480696902,0.7694228478431098,0.6073627480696902
A_vs_A,shuffle_null_mean,,393.0,0.59670584161459,0.7621508370203911,0.59670584161459
A_vs_A,shuffle_null_mean,,394.0,0.6038625554349495,0.7663392731831642,0.6038625554349495
A_vs_A,shuffle_null_mean,,395.0,0.6188287569740549,0.7765625507955004,0.6188287569740549
A_vs_A,shuffle_null_mean,,396.0,0.5876804769739326,0.7541453166660974,0.5876804769739326
A_vs_A,shuffle_null_mean,,397.0,0.5993820642355228,0.7637369815018856,0.5993820642355228
A_vs_A,shuffle_null_mean,,398.0,0.5967254058060023,0.7635379997697636,0.5967254058060022
A_vs_A,shuffle_null_mean,,399.0,0.5754423817787974,0.7475922550328742,0.5754423817787975
A_vs_A,shuffle_null_mean,,400.0,0.5980998955799138,0.7652125174930462,0.5980998955799138
A_vs_A,shuffle_null_mean,,401.0,0.5970503086971124,0.7633203215557905,0.5970503086971124
A_vs_A,shuffle_null_mean,,402.0,0.5713490138187202,0.7430058830894896,0.5713490138187203
A_vs_A,shuffle_null_mean,,403.0,0.5909880538518817,0.7570365609267494,0.5909880538518817
A_vs_A,shuffle_null_mean,,404.0,0.5865239380905305,0.7549023621119804,0.5865239380905306
A_vs_A,shuffle_null_mean,,405.0,0.5698949916551199,0.7438320511956669,0.5698949916551199
A_vs_A,shuffle_null_mean,,406.0,0.5896483319078836,0.7561708713299842,0.5896483319078836
A_vs_A,shuffle_null_mean,,407.0,0.5821081736201541,0.7499405803817637,0.5821081736201542
A_vs_A,shuffle_null_mean,,408.0,0.5648009825021268,0.7418418500290975,0.5648009825021268
A_vs_A,shuffle_null_mean,,409.0,0.5768337755879955,0.7483368664682079,0.5768337755879955
A_vs_A,shuffle_null_mean,,410.0,0.5702762499512687,0.7435742936778873,0.5702762499512687
A_vs_A,shuffle_null_mean,,411.0,0.5826063066422689,0.7524945829601483,0.5826063066422689
A_vs_A,shuffle_null_mean,,412.0,0.5709388821682253,0.7431120336256705,0.5709388821682253
A_vs_A,shuffle_null_mean,,413.0,0.587296665045275,0.7531696952170146,0.587296665045275
A_vs_A,shuffle_null_mean,,414.0,0.579341949813944,0.7505097242413704,0.579341949813944
A_vs_A,shuffle_null_mean,,415.0,0.5933013677878051,0.7605333264636147,0.593301367787805
A_vs_A,shuffle_null_mean,,416.0,0.5810201966527437,0.7527859845679965,0.5810201966527437
A_vs_A,shuffle_null_mean,,417.0,0.5652532848076587,0.7411190740890422,0.5652532848076588
A_vs_A,shuffle_null_mean,,418.0,0.5642442247332449,0.7400391849347319,0.5642442247332446
A_vs_A,shuffle_null_mean,,419.0,0.5860824962536358,0.7539520057689597,0.5860824962536358
A_vs_A,shuffle_null_mean,,420.0,0.57127761922167,0.743808665447715,0.57127761922167
A_vs_A,shuffle_null_mean,,421.0,0.5868800130290043,0.7547363458031519,0.5868800130290044
A_vs_A,shuffle_null_mean,,422.0,0.5771894104749284,0.748169001335397,0.5771894104749284
A_vs_A,shuffle_null_mean,,423.0,0.5921250079688921,0.7582215809223667,0.5921250079688921
A_vs_A,shuffle_null_mean,,424.0,0.5806682994247041,0.7522892482949198,0.5806682994247041
A_vs_A,shuffle_null_mean,,425.0,0.5943230483947112,0.7622565156506398,0.594323048394711
A_vs_A,shuffle_null_mean,,426.0,0.5892288493589397,0.7579077992447436,0.5892288493589397
A_vs_A,shuffle_null_mean,,427.0,0.5744801124411075,0.7451188334071774,0.5744801124411075
A_vs_A,shuffle_null_mean,,428.0,0.5959828278042734,0.7626078660244735,0.5959828278042734
A_vs_A,shuffle_null_mean,,429.0,0.583658051339962,0.7544282508872074,0.583658051339962
A_vs_A,shuffle_null_mean,,430.0,0.5939981275837394,0.7606088654753916,0.5939981275837394
A_vs_A,shuffle_null_mean,,431.0,0.6164547128860605,0.7750259583024983,0.6164547128860605
A_vs_A,shuffle_null_mean,,432.0,0.574187729015245,0.7473084769838494,0.574187729015245
A_vs_A,shuffle_null_mean,,433.0,0.5774036763174885,0.746626787015609,0.5774036763174886
A_vs_A,shuffle_null_mean,,434.0,0.5777221903119394,0.7470037552386553,0.5777221903119393
A_vs_A,shuffle_null_mean,,435.0,0.6111168878677585,0.7705030296361581,0.6111168878677586
A_vs_A,shuffle_null_mean,,436.0,0.5693458796370577,0.7429821579328835,0.5693458796370577
A_vs_A,shuffle_null_mean,,437.0,0.5798267267864653,0.7516218803150299,0.5798267267864653
A_vs_A,shuffle_null_mean,,438.0,0.6018719047981368,0.7643965589700386,0.6018719047981367
A_vs_A,shuffle_null_mean,,439.0,0.5705793233734469,0.7424415472854119,0.5705793233734469
A_vs_A,shuffle_null_mean,,440.0,0.5821022145198872,0.7502355854005391,0.5821022145198872
A_vs_A,shuffle_null_mean,,441.0,0.5971705743370254,0.7618334354900852,0.5971705743370254
A_vs_A,shuffle_null_mean,,442.0,0.5741661459756999,0.7467746790534496,0.5741661459757
A_vs_A,shuffle_null_mean,,443.0,0.5820838520498711,0.7517076636632842,0.5820838520498711
A_vs_A,shuffle_null_mean,,444.0,0.5785548377048654,0.7501164700516366,0.5785548377048654
A_vs_A,shuffle_null_mean,,445.0,0.5862368279001107,0.7540466827629422,0.5862368279001107
A_vs_A,shuffle_null_mean,,446.0,0.5851092606102496,0.7545615966232234,0.5851092606102497
A_vs_A,shuffle_null_mean,,447.0,0.575863269598945,0.7465691344441162,0.5758632695989451
A_vs_A,shuffle_null_mean,,448.0,0.5902995215599597,0.7582056595889989,0.5902995215599597
A_vs_A,shuffle_null_mean,,449.0,0.5683831295456792,0.7431423443526254,0.5683831295456792
A_vs_A,shuffle_null_mean,,450.0,0.5664903213284211,0.741456585384679,0.5664903213284211
A_vs_A,shuffle_null_mean,,451.0,0.5726770963105563,0.7438176410500503,0.5726770963105563
A_vs_A,shuffle_null_mean,,452.0,0.5734460269630798,0.7460011150371736,0.5734460269630798
A_vs_A,shuffle_null_mean,,453.0,0.5964429182804439,0.7631126649125519,0.5964429182804439
A_vs_A,shuffle_null_mean,,454.0,0.6005516423741655,0.7656230912099227,0.6005516423741655
A_vs_A,shuffle_null_mean,,455.0,0.5875160430319653,0.7563909128974858,0.5875160430319653
A_vs_A,shuffle_null_mean,,456.0,0.5844724294083974,0.7513100375525077,0.5844724294083974
A_vs_A,shuffle_null_mean,,457.0,0.5749223178611274,0.7463788540814361,0.5749223178611274
A_vs_A,shuffle_null_mean,,458.0,0.5760140090895842,0.7480966446835413,0.5760140090895842
A_vs_A,shuffle_null_mean,,459.0,0.5981382805665963,0.7624703169368335,0.5981382805665963
A_vs_A,shuffle_null_mean,,460.0,0.590321740445554,0.7587962251071813,0.590321740445554
A_vs_A,shuffle_null_mean,,461.0,0.5845749752543055,0.754623885955334,0.5845749752543055
A_vs_A,shuffle_null_mean,,462.0,0.5895360892561606,0.7547288370722567,0.5895360892561607
A_vs_A,shuffle_null_mean,,463.0,0.57782978707386,0.7478412560314147,0.57782978707386
A_vs_A,shuffle_null_mean,,464.0,0.6142346494274931,0.776039105512157,0.6142346494274931
A_vs_A,shuffle_null_mean,,465.0,0.5901496208670843,0.7561954458192653,0.5901496208670844
A_vs_A,shuffle_null_mean,,466.0,0.5971411178716453,0.760975011762994,0.5971411178716453
A_vs_A,shuffle_null_mean,,467.0,0.5921201884497772,0.7580153837567833,0.5921201884497772
A_vs_A,shuffle_null_mean,,468.0,0.5745686571501378,0.7471417077673042,0.5745686571501378
A_vs_A,shuffle_null_mean,,469.0,0.6061990705479614,0.7674763483413398,0.6061990705479614
A_vs_A,shuffle_null_mean,,470.0,0.5880066729701464,0.7557310349471236,0.5880066729701463
A_vs_A,shuffle_null_mean,,471.0,0.5938972966615762,0.7588817989212374,0.5938972966615762
A_vs_A,shuffle_null_mean,,472.0,0.5811214082518869,0.7515142961561259,0.5811214082518869
A_vs_A,shuffle_null_mean,,473.0,0.5865115319864576,0.7543658403074696,0.5865115319864576
A_vs_A,shuffle_null_mean,,474.0,0.5966971993391447,0.7623229282625641,0.5966971993391447
A_vs_A,shuffle_null_mean,,475.0,0.5709002728149575,0.7429635072653841,0.5709002728149575
A_vs_A,shuffle_null_mean,,476.0,0.5849117936754468,0.7528791147627975,0.5849117936754468
A_vs_A,shuffle_null_mean,,477.0,0.5985755485428702,0.7640802416643501,0.5985755485428702
A_vs_A,shuffle_null_mean,,478.0,0.5899204488948144,0.7587985588134786,0.5899204488948143
A_vs_A,shuffle_null_mean,,479.0,0.5859028332846223,0.7509194555800115,0.5859028332846223
A_vs_A,shuffle_null_mean,,480.0,0.5973938262039677,0.7631734747523015,0.5973938262039677
A_vs_A,shuffle_null_mean,,481.0,0.6055693154015803,0.7679899243321507,0.6055693154015802
A_vs_A,shuffle_null_mean,,482.0,0.5852539861733651,0.7547158566591017,0.5852539861733652
A_vs_A,shuffle_null_mean,,483.0,0.5858850815684615,0.7552681020206006,0.5858850815684613
A_vs_A,shuffle_null_mean,,484.0,0.5819956117335368,0.7509661846182736,0.5819956117335368
A_vs_A,shuffle_null_mean,,485.0,0.5662675978619428,0.7414429454185439,0.5662675978619428
A_vs_A,shuffle_null_mean,,486.0,0.5605188757603652,0.7374548592752321,0.5605188757603652
A_vs_A,shuffle_null_mean,,487.0,0.5758412407013467,0.7473028840657782,0.5758412407013467
A_vs_A,shuffle_null_mean,,488.0,0.5997928914919722,0.7649304679905258,0.5997928914919722
A_vs_A,shuffle_null_mean,,489.0,0.5705240452955881,0.7406592004348148,0.5705240452955879
A_vs_A,shuffle_null_mean,,490.0,0.5729315589087822,0.7454440145013761,0.5729315589087822
A_vs_A,shuffle_null_mean,,491.0,0.5796982529493457,0.751652400266387,0.5796982529493457
A_vs_A,shuffle_null_mean,,492.0,0.5918737923692459,0.7586508207368027,0.5918737923692459
A_vs_A,shuffle_null_mean,,493.0,0.5815552362030427,0.7509666706445957,0.5815552362030427
A_vs_A,shuffle_null_mean,,494.0,0.5903688017245724,0.760432060030997,0.5903688017245724
A_vs_A,shuffle_null_mean,,495.0,0.5960152020078727,0.7621798817683368,0.5960152020078727
A_vs_A,shuffle_null_mean,,496.0,0.5894817565511291,0.7557955146214929,0.5894817565511291
A_vs_A,shuffle_null_mean,,497.0,0.558930126251752,0.7354124119625121,0.5589301262517521
A_vs_A,shuffle_null_mean,,498.0,0.5791197511203048,0.7505507828388213,0.5791197511203048
A_vs_A,shuffle_null_mean,,499.0,0.5681216233524553,0.7430392227499919,0.5681216233524553
A_vs_B,shuffle_null_mean,,0.0,0.5752157120602863,0.7468900985801499,0.5752157120602863
A_vs_B,shuffle_null_mean,,1.0,0.5972927250032123,0.7618912645096754,0.5972927250032123
A_vs_B,shuffle_null_mean,,2.0,0.5683787876145822,0.7417604617305303,0.5683787876145823
A_vs_B,shuffle_null_mean,,3.0,0.5862623453537822,0.7546307732669938,0.5862623453537822
A_vs_B,shuffle_null_mean,,4.0,0.5843071493811446,0.7538272758577018,0.5843071493811446
A_vs_B,shuffle_null_mean,,5.0,0.576448301728716,0.7480705484295423,0.576448301728716
A_vs_B,shuffle_null_mean,,6.0,0.5881673674070773,0.756003548825106,0.5881673674070773
A_vs_B,shuffle_null_mean,,7.0,0.5851913238384963,0.7536278299067208,0.5851913238384963
A_vs_B,shuffle_null_mean,,8.0,0.5783953971879452,0.7483557072623639,0.5783953971879452
A_vs_B,shuffle_null_mean,,9.0,0.5781874049080542,0.7481156953857491,0.5781874049080542
A_vs_B,shuffle_null_mean,,10.0,0.5733725686621249,0.7454897685043649,0.5733725686621249
A_vs_B,shuffle_null_mean,,11.0,0.592869770977284,0.7594434238783456,0.592869770977284
A_vs_B,shuffle_null_mean,,12.0,0.5651807871353103,0.7388791648421258,0.5651807871353103
A_vs_B,shuffle_null_mean,,13.0,0.5961527832778093,0.761677385429461,0.5961527832778092
A_vs_B,shuffle_null_mean,,14.0,0.5923823197456934,0.7594034320873828,0.5923823197456934
A_vs_B,shuffle_null_mean,,15.0,0.5889246209213865,0.7566865700149286,0.5889246209213865
A_vs_B,shuffle_null_mean,,16.0,0.5883761178171134,0.756498688899707,0.5883761178171132
A_vs_B,shuffle_null_mean,,17.0,0.5857362330372645,0.7542514766937336,0.5857362330372645
A_vs_B,shuffle_null_mean,,18.0,0.5928318174388248,0.7587510119817484,0.5928318174388248
A_vs_B,shuffle_null_mean,,19.0,0.5960638861857424,0.761665711719714,0.5960638861857424
A_vs_B,shuffle_null_mean,,20.0,0.5844871221013695,0.753585518016387,0.5844871221013695
A_vs_B,shuffle_null_mean,,21.0,0.5787354698149756,0.75065328957387,0.5787354698149756
A_vs_B,shuffle_null_mean,,22.0,0.5798094880279484,0.7496251118353199,0.5798094880279484
A_vs_B,shuffle_null_mean,,23.0,0.5973644284626028,0.7631437587993222,0.5973644284626028
A_vs_B,shuffle_null_mean,,24.0,0.578981143359189,0.7499652301782616,0.578981143359189
A_vs_B,shuffle_null_mean,,25.0,0.5829523472289926,0.7537214788962991,0.5829523472289926
A_vs_B,shuffle_null_mean,,26.0,0.5722860064536859,0.7435262426734746,0.5722860064536859
A_vs_B,shuffle_null_mean,,27.0,0.5657775920985971,0.7394567114716133,0.5657775920985971
A_vs_B,shuffle_null_mean,,28.0,0.5573022942631172,0.7346655426372153,0.5573022942631172
A_vs_B,shuffle_null_mean,,29.0,0.5732725920474552,0.744820304135211,0.5732725920474552
A_vs_B,shuffle_null_mean,,30.0,0.5919572418259789,0.7589801973449981,0.591957241825979
A_vs_B,shuffle_null_mean,,31.0,0.5830660619006294,0.7513202413875811,0.5830660619006294
A_vs_B,shuffle_null_mean,,32.0,0.5854990679980873,0.7534230328167488,0.5854990679980873
A_vs_B,shuffle_null_mean,,33.0,0.5892779844962062,0.7573131900917648,0.5892779844962062
A_vs_B,shuffle_null_mean,,34.0,0.5969419696512615,0.7633894917423312,0.5969419696512615
A_vs_B,shuffle_null_mean,,35.0,0.5831027904851968,0.7528879428940269,0.5831027904851968
A_vs_B,shuffle_null_mean,,36.0,0.5881134678563128,0.7571569858440925,0.5881134678563128
A_vs_B,shuffle_null_mean,,37.0,0.5813010608944975,0.7516001247662336,0.5813010608944975
A_vs_B,shuffle_null_mean,,38.0,0.5855029691183893,0.7535735726111882,0.5855029691183893
A_vs_B,shuffle_null_mean,,39.0,0.6019074150236593,0.7659568602310103,0.6019074150236592
A_vs_B,shuffle_null_mean,,40.0,0.5895731489490161,0.7561176695871598,0.5895731489490161
A_vs_B,shuffle_null_mean,,41.0,0.5702625630321805,0.7435011606558722,0.5702625630321805
A_vs_B,shuffle_null_mean,,42.0,0.5705141698739092,0.7435703581048256,0.5705141698739092
A_vs_B,shuffle_null_mean,,43.0,0.5804625748205057,0.750648410481982,0.5804625748205057
A_vs_B,shuffle_null_mean,,44.0,0.5682480249942488,0.7412480004252389,0.5682480249942486
A_vs_B,shuffle_null_mean,,45.0,0.5918826411423109,0.7586630105749061,0.5918826411423109
A_vs_B,shuffle_null_mean,,46.0,0.5602404990734998,0.7352724801371723,0.5602404990734999
A_vs_B,shuffle_null_mean,,47.0,0.5808258079494387,0.7501376435620639,0.5808258079494387
A_vs_B,shuffle_null_mean,,48.0,0.5823101679391518,0.7520111496655427,0.5823101679391518
A_vs_B,shuffle_null_mean,,49.0,0.606730595062847,0.7697887619564379,0.606730595062847
A_vs_B,shuffle_null_mean,,50.0,0.5817564016751724,0.7513699057224723,0.5817564016751724
A_vs_B,shuffle_null_mean,,51.0,0.587108124439339,0.7544601857490232,0.587108124439339
A_vs_B,shuffle_null_mean,,52.0,0.5806063902149655,0.751087548718678,0.5806063902149655
A_vs_B,shuffle_null_mean,,53.0,0.5876902336174309,0.7548431117031503,0.5876902336174309
A_vs_B,shuffle_null_mean,,54.0,0.5895601648207194,0.7568274044864279,0.5895601648207194
A_vs_B,shuffle_null_mean,,55.0,0.5762000644211251,0.747373850230511,0.5762000644211251
A_vs_B,shuffle_null_mean,,56.0,0.5813939369415937,0.7517376406781627,0.5813939369415937
A_vs_B,shuffle_null_mean,,57.0,0.5712461250869739,0.7439495953673438,0.5712461250869738
A_vs_B,shuffle_null_mean,,58.0,0.573189298612659,0.7454008673170465,0.573189298612659
A_vs_B,shuffle_null_mean,,59.0,0.5790721991413517,0.7509173936726655,0.5790721991413517
A_vs_B,shuffle_null_mean,,60.0,0.5898098676796749,0.758276890248484,0.5898098676796748
A_vs_B,shuffle_null_mean,,61.0,0.578935699799629,0.7488340659665501,0.578935699799629
A_vs_B,shuffle_null_mean,,62.0,0.5777687263857268,0.7493610487365902,0.5777687263857268
A_vs_B,shuffle_null_mean,,63.0,0.5889242570816252,0.7574172807699343,0.5889242570816252
A_vs_B,shuffle_null_mean,,64.0,0.5990527204772713,0.7635809291465491,0.5990527204772713
A_vs_B,shuffle_null_mean,,65.0,0.5895996505888852,0.7572737154797995,0.5895996505888852
A_vs_B,shuffle_null_mean,,66.0,0.5999483630201793,0.7650630252618033,0.5999483630201792
A_vs_B,shuffle_null_mean,,67.0,0.575823324053254,0.7479015182488247,0.575823324053254
A_vs_B,shuffle_null_mean,,68.0,0.5745863937322004,0.7456692814495622,0.5745863937322004
A_vs_B,shuffle_null_mean,,69.0,0.5849283136322911,0.7533949076522103,0.5849283136322911
A_vs_B,shuffle_null_mean,,70.0,0.5830742425722517,0.7520388674569809,0.5830742425722517
A_vs_B,shuffle_null_mean,,71.0,0.5910054430643478,0.7574106877282161,0.5910054430643479
A_vs_B,shuffle_null_mean,,72.0,0.582021758140031,0.7528042968557018,0.582021758140031
A_vs_B,shuffle_null_mean,,73.0,0.5915037803662472,0.7590379886087713,0.5915037803662472
A_vs_B,shuffle_null_mean,,74.0,0.5695739413192196,0.7423433687779687,0.5695739413192196
A_vs_B,shuffle_null_mean,,75.0,0.5867599158273544,0.7547412853496993,0.5867599158273544
A_vs_B,shuffle_null_mean,,76.0,0.5769878555495993,0.7487881227027416,0.5769878555495992
A_vs_B,shuffle_null_mean,,77.0,0.5870628879746917,0.7552242481183935,0.5870628879746917
A_vs_B,shuffle_null_mean,,78.0,0.5760547590268456,0.7473783144420681,0.5760547590268456
A_vs_B,shuffle_null_mean,,79.0,0.587968375646733,0.7550353804691946,0.587968375646733
A_vs_B,shuffle_null_mean,,80.0,0.5874439053386457,0.7557773220555215,0.5874439053386457
A_vs_B,shuffle_null_mean,,81.0,0.5773446252965558,0.7483163550436748,0.5773446252965558
A_vs_B,shuffle_null_mean,,82.0,0.5767295389715088,0.7483300113779076,0.5767295389715088
A_vs_B,shuffle_null_mean,,83.0,0.5711718216411351,0.7446150384363083,0.5711718216411351
A_vs_B,shuffle_null_mean,,84.0,0.5844763395199788,0.7534209998680631,0.5844763395199787
A_vs_B,shuffle_null_mean,,85.0,0.5891818037379936,0.7558663233512639,0.5891818037379936
A_vs_B,shuffle_null_mean,,86.0,0.5872943820115459,0.7561192841061487,0.5872943820115459
A_vs_B,shuffle_null_mean,,87.0,0.5769406263015265,0.7478737830991781,0.5769406263015265
A_vs_B,shuffle_null_mean,,88.0,0.5844681628331616,0.7547206988045176,0.5844681628331616
A_vs_B,shuffle_null_mean,,89.0,0.5850834748995309,0.7543472510573265,0.5850834748995309
A_vs_B,shuffle_null_mean,,90.0,0.5700553616337266,0.7422651601339307,0.5700553616337266
A_vs_B,shuffle_null_mean,,91.0,0.5705710770747257,0.7433179773655281,0.5705710770747257
A_vs_B,shuffle_null_mean,,92.0,0.5646993768320928,0.7402874063384532,0.5646993768320928
A_vs_B,shuffle_null_mean,,93.0,0.5893119045230064,0.7572856753787913,0.5893119045230064
A_vs_B,shuffle_null_mean,,94.0,0.5908900088910229,0.7582128939448187,0.5908900088910229
A_vs_B,shuffle_null_mean,,95.0,0.575786590793423,0.7467178499808428,0.575786590793423
A_vs_B,shuffle_null_mean,,96.0,0.5792091104414692,0.750072251270031,0.5792091104414692
A_vs_B,shuffle_null_mean,,97.0,0.5913371007310613,0.7578014706861707,0.5913371007310613
A_vs_B,shuffle_null_mean,,98.0,0.5827727332937587,0.7532708570812008,0.5827727332937586
A_vs_B,shuffle_null_mean,,99.0,0.5808308320488986,0.7518141543827609,0.5808308320488986
A_vs_B,shuffle_null_mean,,100.0,0.5850909659466736,0.7542977868716816,0.5850909659466736
A_vs_B,shuffle_null_mean,,101.0,0.5695966415911411,0.7411888704521226,0.5695966415911411
A_vs_B,shuffle_null_mean,,102.0,0.5876681636260157,0.7558848645176629,0.5876681636260157
A_vs_B,shuffle_null_mean,,103.0,0.5994869354323702,0.7655699081714615,0.5994869354323702
A_vs_B,shuffle_null_mean,,104.0,0.5864854590934474,0.7539170488219415,0.5864854590934474
A_vs_B,shuffle_null_mean,,105.0,0.5787237923270887,0.7484164879847441,0.5787237923270887
A_vs_B,shuffle_null_mean,,106.0,0.5870257883387336,0.7564513306267049,0.5870257883387336
A_vs_B,shuffle_null_mean,,107.0,0.5773558537134951,0.7486402403623746,0.5773558537134952
A_vs_B,shuffle_null_mean,,108.0,0.5945391175971692,0.7599327395980683,0.594539117597169
A_vs_B,shuffle_null_mean,,109.0,0.5857804861666274,0.7546601148064164,0.5857804861666274
A_vs_B,shuffle_null_mean,,110.0,0.5935158758584651,0.7608275551402632,0.5935158758584651
A_vs_B,shuffle_null_mean,,111.0,0.5761675680242587,0.748690476026604,0.5761675680242586
A_vs_B,shuffle_null_mean,,112.0,0.5791108022764345,0.7504901469777209,0.5791108022764345
A_vs_B,shuffle_null_mean,,113.0,0.593731276186338,0.7597409818864714,0.593731276186338
A_vs_B,shuffle_null_mean,,114.0,0.5693747789267657,0.743511612133448,0.5693747789267657
A_vs_B,shuffle_null_mean,,115.0,0.5881352950479587,0.7562265869899616,0.5881352950479587
A_vs_B,shuffle_null_mean,,116.0,0.5835696278967502,0.7536719154589898,0.5835696278967502
A_vs_B,shuffle_null_mean,,117.0,0.5904793719087698,0.758768800250219,0.5904793719087698
A_vs_B,shuffle_null_mean,,118.0,0.5708461953560716,0.7453127891525244,0.5708461953560716
A_vs_B,shuffle_null_mean,,119.0,0.5740306014651821,0.7453211202958387,0.5740306014651821
A_vs_B,shuffle_null_mean,,120.0,0.5650634789807529,0.738692978345345,0.5650634789807529
A_vs_B,shuffle_null_mean,,121.0,0.5858278773722582,0.7525850164409933,0.5858278773722582
A_vs_B,shuffle_null_mean,,122.0,0.5887259405588516,0.756744430586505,0.5887259405588516
A_vs_B,shuffle_null_mean,,123.0,0.5770040893751981,0.7491376881751983,0.5770040893751979
A_vs_B,shuffle_null_mean,,124.0,0.5762257277022627,0.7477029959014384,0.5762257277022629
A_vs_B,shuffle_null_mean,,125.0,0.5744588376405225,0.7476649684323762,0.5744588376405225
A_vs_B,shuffle_null_mean,,126.0,0.5865732575820929,0.7552470638189956,0.586573257582093
A_vs_B,shuffle_null_mean,,127.0,0.5978363379017096,0.7618805880728086,0.5978363379017095
A_vs_B,shuffle_null_mean,,128.0,0.5829762943358893,0.7513044674688505,0.5829762943358893
A_vs_B,shuffle_null_mean,,129.0,0.591261032141113,0.7593488190864636,0.591261032141113
A_vs_B,shuffle_null_mean,,130.0,0.5866095806054685,0.7547079774521037,0.5866095806054685
A_vs_B,shuffle_null_mean,,131.0,0.5813196906828438,0.7514952906905286,0.5813196906828437
A_vs_B,shuffle_null_mean,,132.0,0.5947937112564972,0.7599614803455774,0.5947937112564972
A_vs_B,shuffle_null_mean,,133.0,0.5899303426560808,0.7583273011342025,0.5899303426560808
A_vs_B,shuffle_null_mean,,134.0,0.5879324305199013,0.7559555470021637,0.5879324305199013
A_vs_B,shuffle_null_mean,,135.0,0.6033206625471074,0.7672964277169869,0.6033206625471074
A_vs_B,shuffle_null_mean,,136.0,0.5950030437863112,0.761270972231811,0.5950030437863113
A_vs_B,shuffle_null_mean,,137.0,0.5858187787834173,0.7538985225060837,0.5858187787834173
A_vs_B,shuffle_null_mean,,138.0,0.5845203510942423,0.7535008493790359,0.5845203510942423
A_vs_B,shuffle_null_mean,,139.0,0.5814745140061675,0.7522051315608912,0.5814745140061675
A_vs_B,shuffle_null_mean,,140.0,0.5825502641542337,0.751570371029965,0.5825502641542337
A_vs_B,shuffle_null_mean,,141.0,0.586513560853227,0.754395981811437,0.586513560853227
A_vs_B,shuffle_null_mean,,142.0,0.5760588424677157,0.7471566196735432,0.5760588424677155
A_vs_B,shuffle_null_mean,,143.0,0.5769288918758704,0.7465939966223292,0.5769288918758704
A_vs_B,shuffle_null_mean,,144.0,0.5880069972783419,0.7559882982658093,0.5880069972783419
A_vs_B,shuffle_null_mean,,145.0,0.5893717705793765,0.7569136793495134,0.5893717705793765
A_vs_B,shuffle_null_mean,,146.0,0.5854258994749408,0.7551181149871431,0.5854258994749408
A_vs_B,shuffle_null_mean,,147.0,0.5705914528118027,0.7425298240991476,0.5705914528118027
A_vs_B,shuffle_null_mean,,148.0,0.5785648232170706,0.7489318107154753,0.5785648232170706
A_vs_B,shuffle_null_mean,,149.0,0.5711801133172509,0.7439247484439505,0.571180113317251
A_vs_B,shuffle_null_mean,,150.0,0.5771976538367383,0.7473757867905977,0.5771976538367383
A_vs_B,shuffle_null_mean,,151.0,0.5914186703367222,0.7577508793005905,0.5914186703367224
A_vs_B,shuffle_null_mean,,152.0,0.5664370610300045,0.740095590487406,0.5664370610300045
A_vs_B,shuffle_null_mean,,153.0,0.5739166856200077,0.7470676641042353,0.5739166856200077
A_vs_B,shuffle_null_mean,,154.0,0.5943368635185509,0.7603341802087515,0.5943368635185508
A_vs_B,shuffle_null_mean,,155.0,0.6064631927234656,0.7697696890678765,0.6064631927234656
A_vs_B,shuffle_null_mean,,156.0,0.5839875627095081,0.75322738060336,0.5839875627095081
A_vs_B,shuffle_null_mean,,157.0,0.5736916030062371,0.7453355827595611,0.5736916030062372
A_vs_B,shuffle_null_mean,,158.0,0.5829008889687702,0.7510881086618234,0.5829008889687702
A_vs_B,shuffle_null_mean,,159.0,0.558460984833878,0.7346387028290314,0.558460984833878
A_vs_B,shuffle_null_mean,,160.0,0.581412102712148,0.7518821409757346,0.581412102712148
A_vs_B,shuffle_null_mean,,161.0,0.5847097878363716,0.7528248712469849,0.5847097878363717
A_vs_B,shuffle_null_mean,,162.0,0.5886956281702499,0.757024970401657,0.5886956281702499
A_vs_B,shuffle_null_mean,,163.0,0.579250154283513,0.7487163149985936,0.579250154283513
A_vs_B,shuffle_null_mean,,164.0,0.5902625331604087,0.757183003918479,0.5902625331604088
A_vs_B,shuffle_null_mean,,165.0,0.5989152313606443,0.7638637194285302,0.5989152313606443
A_vs_B,shuffle_null_mean,,166.0,0.5962067032980964,0.761379380023995,0.5962067032980964
A_vs_B,shuffle_null_mean,,167.0,0.5731760225641738,0.746384134202944,0.5731760225641738
A_vs_B,shuffle_null_mean,,168.0,0.5905820538990579,0.7571250566035986,0.5905820538990579
A_vs_B,shuffle_null_mean,,169.0,0.5758601912734901,0.7464837403555815,0.5758601912734901
A_vs_B,shuffle_null_mean,,170.0,0.6062412448694917,0.7680376576813681,0.6062412448694917
A_vs_B,shuffle_null_mean,,171.0,0.5772407089598193,0.746850726091713,0.5772407089598193
A_vs_B,shuffle_null_mean,,172.0,0.6020861661928565,0.7667592467161255,0.6020861661928565
A_vs_B,shuffle_null_mean,,173.0,0.6025084350370392,0.765606735408094,0.6025084350370392
A_vs_B,shuffle_null_mean,,174.0,0.5721469508212745,0.7454433383409069,0.5721469508212746
A_vs_B,shuffle_null_mean,,175.0,0.5932055564784103,0.7605438225793366,0.5932055564784103
A_vs_B,shuffle_null_mean,,176.0,0.571639026377108,0.7447024414348571,0.571639026377108
A_vs_B,shuffle_null_mean,,177.0,0.5945201009724602,0.761185155613643,0.5945201009724602
A_vs_B,shuffle_null_mean,,178.0,0.576610624581884,0.7470974814769392,0.5766106245818838
A_vs_B,shuffle_null_mean,,179.0,0.5722391461110439,0.7441478161902854,0.5722391461110439
A_vs_B,shuffle_null_mean,,180.0,0.5789009973235492,0.7505580627593205,0.5789009973235492
A_vs_B,shuffle_null_mean,,181.0,0.5697696062913753,0.7431212366855238,0.5697696062913755
A_vs_B,shuffle_null_mean,,182.0,0.583376053714532,0.7517916888821475,0.583376053714532
A_vs_B,shuffle_null_mean,,183.0,0.571698281817675,0.7454690460645296,0.571698281817675
A_vs_B,shuffle_null_mean,,184.0,0.5939459692662992,0.7606999383160324,0.5939459692662992
A_vs_B,shuffle_null_mean,,185.0,0.5875258905216076,0.75560854766723,0.5875258905216078
A_vs_B,shuffle_null_mean,,186.0,0.5730354735766298,0.7441068231772594,0.5730354735766298
A_vs_B,shuffle_null_mean,,187.0,0.5936095334875369,0.7576688877500166,0.5936095334875369
A_vs_B,shuffle_null_mean,,188.0,0.5784535993465861,0.7484464186001957,0.5784535993465861
A_vs_B,shuffle_null_mean,,189.0,0.5912984815153648,0.7581808058457578,0.5912984815153648
A_vs_B,shuffle_null_mean,,190.0,0.578994879388041,0.7492470306287459,0.578994879388041
A_vs_B,shuffle_null_mean,,191.0,0.5684720227866832,0.7410618440694842,0.5684720227866832
A_vs_B,shuffle_null_mean,,192.0,0.5700152139512611,0.7434850631482622,0.5700152139512611
A_vs_B,shuffle_null_mean,,193.0,0.5799098613326733,0.7500188876445655,0.5799098613326733
A_vs_B,shuffle_null_mean,,194.0,0.585049261580782,0.754859400240137,0.585049261580782
A_vs_B,shuffle_null_mean,,195.0,0.5742222635705069,0.7453756040000903,0.5742222635705069
A_vs_B,shuffle_null_mean,,196.0,0.5907098119355565,0.7586894941376637,0.5907098119355565
A_vs_B,shuffle_null_mean,,197.0,0.5869705550022825,0.7556612783615082,0.5869705550022825
A_vs_B,shuffle_null_mean,,198.0,0.5823050698331237,0.7527647458123103,0.5823050698331237
A_vs_B,shuffle_null_mean,,199.0,0.5987019510389933,0.7643897335090138,0.5987019510389933
A_vs_B,shuffle_null_mean,,200.0,0.5913306613662147,0.7589879984213602,0.5913306613662147
A_vs_B,shuffle_null_mean,,201.0,0.6017827556059594,0.7663239318330665,0.6017827556059594
A_vs_B,shuffle_null_mean,,202.0,0.580147056774751,0.7491924236050332,0.580147056774751
A_vs_B,shuffle_null_mean,,203.0,0.5875239462020081,0.7557451114536692,0.5875239462020081
A_vs_B,shuffle_null_mean,,204.0,0.5784283177792154,0.7490388877438107,0.5784283177792154
A_vs_B,shuffle_null_mean,,205.0,0.579773835068694,0.7506003667237462,0.579773835068694
A_vs_B,shuffle_null_mean,,206.0,0.5936798261242763,0.7598511580887048,0.5936798261242762
A_vs_B,shuffle_null_mean,,207.0,0.5826455559242458,0.7511495320947936,0.5826455559242458
A_vs_B,shuffle_null_mean,,208.0,0.5737420271284337,0.7464336233022515,0.5737420271284337
A_vs_B,shuffle_null_mean,,209.0,0.5932034562295907,0.7591758894880225,0.5932034562295907
A_vs_B,shuffle_null_mean,,210.0,0.5808941853818647,0.7519229698649571,0.5808941853818647
A_vs_B,shuffle_null_mean,,211.0,0.5770504918934684,0.7478727045513838,0.5770504918934685
A_vs_B,shuffle_null_mean,,212.0,0.5768459357610871,0.7486916608351891,0.5768459357610871
A_vs_B,shuffle_null_mean,,213.0,0.5773826015347787,0.7488268838304654,0.5773826015347787
A_vs_B,shuffle_null_mean,,214.0,0.5784323383106507,0.7494939481397385,0.5784323383106507
A_vs_B,shuffle_null_mean,,215.0,0.6023047904088241,0.7650635790067815,0.6023047904088241
A_vs_B,shuffle_null_mean,,216.0,0.5706757264395413,0.7445928977834592,0.5706757264395413
A_vs_B,shuffle_null_mean,,217.0,0.5854931942387709,0.7529126988497344,0.5854931942387709
A_vs_B,shuffle_null_mean,,218.0,0.5798210687872147,0.7490463540609087,0.5798210687872147
A_vs_B,shuffle_null_mean,,219.0,0.5754578791910911,0.7462692079005435,0.5754578791910911
A_vs_B,shuffle_null_mean,,220.0,0.5757402181899225,0.7475977943286427,0.5757402181899225
A_vs_B,shuffle_null_mean,,221.0,0.5791844178963297,0.7490839751030921,0.5791844178963297
A_vs_B,shuffle_null_mean,,222.0,0.5707217131211847,0.743357152387261,0.5707217131211847
A_vs_B,shuffle_null_mean,,223.0,0.5852613831299431,0.7544257311692972,0.5852613831299431
A_vs_B,shuffle_null_mean,,224.0,0.58985493435829,0.7551732341724569,0.58985493435829
A_vs_B,shuffle_null_mean,,225.0,0.5845157937413472,0.7539173366240984,0.5845157937413472
A_vs_B,shuffle_null_mean,,226.0,0.5824228898383588,0.7513302443111692,0.5824228898383588
A_vs_B,shuffle_null_mean,,227.0,0.5711488034814965,0.7440482840979717,0.5711488034814967
A_vs_B,shuffle_null_mean,,228.0,0.5794023831499598,0.7488561820963654,0.57940238314996
A_vs_B,shuffle_null_mean,,229.0,0.5824098470471789,0.7511118452808574,0.5824098470471789
A_vs_B,shuffle_null_mean,,230.0,0.5898907124344444,0.7567265580752605,0.5898907124344444
A_vs_B,shuffle_null_mean,,231.0,0.5800930845210494,0.750416319401819,0.5800930845210492
A_vs_B,shuffle_null_mean,,232.0,0.5866173762396223,0.7550559371593317,0.5866173762396223
A_vs_B,shuffle_null_mean,,233.0,0.5867198997816273,0.7558235403691566,0.5867198997816273
A_vs_B,shuffle_null_mean,,234.0,0.5824838308945763,0.75193561560074,0.5824838308945763
A_vs_B,shuffle_null_mean,,235.0,0.5748088012452328,0.7470136167364284,0.5748088012452328
A_vs_B,shuffle_null_mean,,236.0,0.5822931609095165,0.7515508877704323,0.5822931609095164
A_vs_B,shuffle_null_mean,,237.0,0.5979097900373039,0.763320672551666,0.5979097900373039
A_vs_B,shuffle_null_mean,,238.0,0.5833619504261115,0.7537552652715112,0.5833619504261116
A_vs_B,shuffle_null_mean,,239.0,0.5909936303978875,0.7580955370200655,0.5909936303978875
A_vs_B,shuffle_null_mean,,240.0,0.5781856742065192,0.7480958115824076,0.5781856742065192
A_vs_B,shuffle_null_mean,,241.0,0.5748293023928451,0.746569840741474,0.5748293023928451
A_vs_B,shuffle_null_mean,,242.0,0.5966104853638927,0.761104904788678,0.5966104853638927
A_vs_B,shuffle_null_mean,,243.0,0.597986350150782,0.7631002913044904,0.597986350150782
A_vs_B,shuffle_null_mean,,244.0,0.5795369001417882,0.749731991736018,0.5795369001417882
A_vs_B,shuffle_null_mean,,245.0,0.5807122952245367,0.7511065070259411,0.5807122952245367
A_vs_B,shuffle_null_mean,,246.0,0.5828260343019439,0.7513317163868665,0.5828260343019438
A_vs_B,shuffle_null_mean,,247.0,0.5749893518484541,0.7473660978961455,0.5749893518484541
A_vs_B,shuffle_null_mean,,248.0,0.5716064817747566,0.7455812582288717,0.5716064817747565
A_vs_B,shuffle_null_mean,,249.0,0.5845122311655004,0.754814561697263,0.5845122311655004
A_vs_B,shuffle_null_mean,,250.0,0.5936705210819382,0.7593497236394622,0.5936705210819382
A_vs_B,shuffle_null_mean,,251.0,0.5723341284581615,0.7443056439096422,0.5723341284581615
A_vs_B,shuffle_null_mean,,252.0,0.5809665892691396,0.751823079042419,0.5809665892691396
A_vs_B,shuffle_null_mean,,253.0,0.5818252005853235,0.752876959151168,0.5818252005853235
A_vs_B,shuffle_null_mean,,254.0,0.5772494905146683,0.7484958434554911,0.5772494905146683
A_vs_B,shuffle_null_mean,,255.0,0.5877910057004738,0.7555272899427076,0.5877910057004738
A_vs_B,shuffle_null_mean,,256.0,0.5856578078764233,0.7540778844562696,0.5856578078764233
A_vs_B,shuffle_null_mean,,257.0,0.5822020854639006,0.7517376427889421,0.5822020854639006
A_vs_B,shuffle_null_mean,,258.0,0.5755230903429928,0.7464385465413043,0.5755230903429928
A_vs_B,shuffle_null_mean,,259.0,0.5791823250594778,0.7501943625582467,0.5791823250594778
A_vs_B,shuffle_null_mean,,260.0,0.5788099119023445,0.7499184277817621,0.5788099119023445
A_vs_B,shuffle_null_mean,,261.0,0.5841217489957817,0.753962168232564,0.5841217489957817
A_vs_B,shuffle_null_mean,,262.0,0.5694654995389508,0.7424542289336686,0.5694654995389508
A_vs_B,shuffle_null_mean,,263.0,0.5818742676516394,0.7514230630123512,0.5818742676516394
A_vs_B,shuffle_null_mean,,264.0,0.5833944611689813,0.7522284975840707,0.5833944611689813
A_vs_B,shuffle_null_mean,,265.0,0.5839945606857122,0.7541082116450889,0.5839945606857122
A_vs_B,shuffle_null_mean,,266.0,0.5805114345841758,0.7507266713967108,0.5805114345841758
A_vs_B,shuffle_null_mean,,267.0,0.5776083586113251,0.7496452790653294,0.5776083586113251
A_vs_B,shuffle_null_mean,,268.0,0.5812838503593342,0.7514343793852882,0.5812838503593342
A_vs_B,shuffle_null_mean,,269.0,0.579478884807419,0.7497064265492288,0.579478884807419
A_vs_B,shuffle_null_mean,,270.0,0.5767898898624668,0.7486206747368589,0.5767898898624668
A_vs_B,shuffle_null_mean,,271.0,0.5844226863672082,0.752532188140011,0.5844226863672082
A_vs_B,shuffle_null_mean,,272.0,0.5849447841382382,0.7531741668575311,0.5849447841382382
A_vs_B,shuffle_null_mean,,273.0,0.5884043213759389,0.7575782371682188,0.5884043213759389
A_vs_B,shuffle_null_mean,,274.0,0.5787282894067441,0.7502527650267188,0.5787282894067441
A_vs_B,shuffle_null_mean,,275.0,0.572023849595743,0.744749132540084,0.572023849595743
A_vs_B,shuffle_null_mean,,276.0,0.5833737437934309,0.753073362028064,0.5833737437934309
A_vs_B,shuffle_null_mean,,277.0,0.5759705104390239,0.7469142779197281,0.5759705104390239
A_vs_B,shuffle_null_mean,,278.0,0.6048739842617102,0.7680443292493504,0.6048739842617101
A_vs_B,shuffle_null_mean,,279.0,0.5776638106575848,0.7476040680584906,0.5776638106575848
A_vs_B,shuffle_null_mean,,280.0,0.5818971552290779,0.7515714226408339,0.5818971552290778
A_vs_B,shuffle_null_mean,,281.0,0.5811029447813258,0.7502255865943774,0.5811029447813258
A_vs_B,shuffle_null_mean,,282.0,0.5804712416321923,0.7502989384841693,0.5804712416321923
A_vs_B,shuffle_null_mean,,283.0,0.5783930846227608,0.7500296814494544,0.5783930846227608
A_vs_B,shuffle_null_mean,,284.0,0.5780986666460037,0.7473554041074948,0.578098666646004
A_vs_B,shuffle_null_mean,,285.0,0.5870866773844885,0.755162977313,0.5870866773844884
A_vs_B,shuffle_null_mean,,286.0,0.5725263998702268,0.744482927085498,0.5725263998702268
A_vs_B,shuffle_null_mean,,287.0,0.5751053002032231,0.7477669563205263,0.575105300203223
A_vs_B,shuffle_null_mean,,288.0,0.5682595387291183,0.7422441776693558,0.5682595387291183
A_vs_B,shuffle_null_mean,,289.0,0.576977028561629,0.7492321816115278,0.5769770285616291
A_vs_B,shuffle_null_mean,,290.0,0.5722870151368499,0.7449402694983459,0.5722870151368499
A_vs_B,shuffle_null_mean,,291.0,0.5817581504968476,0.751234653613231,0.5817581504968475
A_vs_B,shuffle_null_mean,,292.0,0.5773263124571049,0.749301251951681,0.577326312457105
A_vs_B,shuffle_null_mean,,293.0,0.6082911582031502,0.7688870369250643,0.6082911582031503
A_vs_B,shuffle_null_mean,,294.0,0.5827256187481646,0.7526964080827777,0.5827256187481646
A_vs_B,shuffle_null_mean,,295.0,0.5796823941953063,0.7503347130712859,0.5796823941953064
A_vs_B,shuffle_null_mean,,296.0,0.5858061480857888,0.7536466878968442,0.5858061480857887
A_vs_B,shuffle_null_mean,,297.0,0.5630009439249569,0.7387335560466438,0.5630009439249569
A_vs_B,shuffle_null_mean,,298.0,0.5814032961434997,0.7506457081801392,0.5814032961434997
A_vs_B,shuffle_null_mean,,299.0,0.5689550383179549,0.7427852122590395,0.5689550383179549
A_vs_B,shuffle_null_mean,,300.0,0.5720407356877453,0.7444353410556396,0.5720407356877453
A_vs_B,shuffle_null_mean,,301.0,0.5883402000815807,0.7573015519770699,0.5883402000815807
A_vs_B,shuffle_null_mean,,302.0,0.5813072317194096,0.7519039738109292,0.5813072317194096
A_vs_B,shuffle_null_mean,,303.0,0.5791820438269998,0.7504182922260625,0.5791820438269999
A_vs_B,shuffle_null_mean,,304.0,0.566157336907499,0.7413004057296372,0.566157336907499
A_vs_B,shuffle_null_mean,,305.0,0.5801309861505464,0.7497990567922316,0.5801309861505464
A_vs_B,shuffle_null_mean,,306.0,0.5737745717757781,0.7443731424673429,0.5737745717757782
A_vs_B,shuffle_null_mean,,307.0,0.5851692312802522,0.7548198109110162,0.5851692312802522
A_vs_B,shuffle_null_mean,,308.0,0.5766882557065858,0.7473857069757238,0.5766882557065857
A_vs_B,shuffle_null_mean,,309.0,0.5916954367521061,0.7576063786206888,0.5916954367521061
A_vs_B,shuffle_null_mean,,310.0,0.5690641201586631,0.7437162096308645,0.5690641201586633
A_vs_B,shuffle_null_mean,,311.0,0.5676921594182013,0.7404102594794788,0.5676921594182013
A_vs_B,shuffle_null_mean,,312.0,0.5901415937881264,0.7570106311972984,0.5901415937881264
A_vs_B,shuffle_null_mean,,313.0,0.5948859082584504,0.7613006434134648,0.5948859082584504
A_vs_B,shuffle_null_mean,,314.0,0.5866364369411337,0.755331030292209,0.5866364369411337
A_vs_B,shuffle_null_mean,,315.0,0.577274875029923,0.7477016462704293,0.577274875029923
A_vs_B,shuffle_null_mean,,316.0,0.5586487962488345,0.7371311161553156,0.5586487962488345
A_vs_B,shuffle_null_mean,,317.0,0.5928907378021233,0.7602948783768428,0.5928907378021233
A_vs_B,shuffle_null_mean,,318.0,0.5914313566124838,0.7586296066048563,0.5914313566124838
A_vs_B,shuffle_null_mean,,319.0,0.5953142241893817,0.7599022337693124,0.5953142241893818
A_vs_B,shuffle_null_mean,,320.0,0.5760048657121833,0.7496035481637255,0.5760048657121833
A_vs_B,shuffle_null_mean,,321.0,0.5905289023652096,0.7568174899838309,0.5905289023652096
A_vs_B,shuffle_null_mean,,322.0,0.5865919630003498,0.7555809381275276,0.5865919630003498
A_vs_B,shuffle_null_mean,,323.0,0.5863456083542524,0.7517778987049353,0.5863456083542524
A_vs_B,shuffle_null_mean,,324.0,0.5838538588356188,0.752216517210262,0.5838538588356188
A_vs_B,shuffle_null_mean,,325.0,0.5827907621029149,0.7516371817989695,0.5827907621029149
A_vs_B,shuffle_null_mean,,326.0,0.5993965550147202,0.7642421460138372,0.5993965550147202
A_vs_B,shuffle_null_mean,,327.0,0.5888495329555262,0.7566552168226155,0.5888495329555263
A_vs_B,shuffle_null_mean,,328.0,0.5937170461852346,0.7605668987169815,0.5937170461852346
A_vs_B,shuffle_null_mean,,329.0,0.5740900434916247,0.7454069416518753,0.5740900434916247
A_vs_B,shuffle_null_mean,,330.0,0.588006603698031,0.7560876289034602,0.588006603698031
A_vs_B,shuffle_null_mean,,331.0,0.5765428311621426,0.748041370815786,0.5765428311621426
A_vs_B,shuffle_null_mean,,332.0,0.5971546536297817,0.7628943323861013,0.5971546536297818
A_vs_B,shuffle_null_mean,,333.0,0.5687541850952837,0.7409191782708308,0.5687541850952837
A_vs_B,shuffle_null_mean,,334.0,0.576824156901577,0.7486768164717276,0.5768241569015771
A_vs_B,shuffle_null_mean,,335.0,0.5828420714316103,0.7525698009943862,0.5828420714316103
A_vs_B,shuffle_null_mean,,336.0,0.5955450855266727,0.7609069540459774,0.5955450855266727
A_vs_B,shuffle_null_mean,,337.0,0.5863511549861917,0.7558880551389711,0.5863511549861917
A_vs_B,shuffle_null_mean,,338.0,0.5684558756803073,0.740830780005423,0.5684558756803073
A_vs_B,shuffle_null_mean,,339.0,0.5957327579358752,0.760807380599043,0.5957327579358752
A_vs_B,shuffle_null_mean,,340.0,0.587271633054754,0.7552312072559316,0.587271633054754
A_vs_B,shuffle_null_mean,,341.0,0.572404326023334,0.7436091136841974,0.5724043260233341
A_vs_B,shuffle_null_mean,,342.0,0.5628030405054647,0.7387723339691266,0.5628030405054647
A_vs_B,shuffle_null_mean,,343.0,0.5805953251309258,0.7511798492484999,0.5805953251309258
A_vs_B,shuffle_null_mean,,344.0,0.5763874104901535,0.7482049063077463,0.5763874104901535
A_vs_B,shuffle_null_mean,,345.0,0.5742755445225355,0.7473538077874594,0.5742755445225355
A_vs_B,shuffle_null_mean,,346.0,0.5873044239977416,0.75704225515441,0.5873044239977416
A_vs_B,shuffle_null_mean,,347.0,0.5888581956051644,0.7548056542322137,0.5888581956051644
A_vs_B,shuffle_null_mean,,348.0,0.5851663735737048,0.7545794209103747,0.5851663735737048
A_vs_B,shuffle_null_mean,,349.0,0.5675515129936608,0.741156407669975,0.5675515129936608
A_vs_B,shuffle_null_mean,,350.0,0.5875313686923512,0.7564005615092021,0.5875313686923512
A_vs_B,shuffle_null_mean,,351.0,0.5611208133489223,0.7383573807013398,0.5611208133489223
A_vs_B,shuffle_null_mean,,352.0,0.5802095075883594,0.7510726650471902,0.5802095075883594
A_vs_B,shuffle_null_mean,,353.0,0.5811230667439033,0.7507199474009861,0.5811230667439032
A_vs_B,shuffle_null_mean,,354.0,0.5689087354904669,0.7422086927841034,0.5689087354904669
A_vs_B,shuffle_null_mean,,355.0,0.5821333851936326,0.752146645101894,0.5821333851936326
A_vs_B,shuffle_null_mean,,356.0,0.5775197950999539,0.7492180481014509,0.577519795099954
A_vs_B,shuffle_null_mean,,357.0,0.5806562955182507,0.7510724757674246,0.5806562955182507
A_vs_B,shuffle_null_mean,,358.0,0.5912600740568197,0.7568130836682057,0.5912600740568197
A_vs_B,shuffle_null_mean,,359.0,0.5853410703621628,0.7543703857223527,0.5853410703621627
A_vs_B,shuffle_null_mean,,360.0,0.569086165401339,0.7443236180834502,0.569086165401339
A_vs_B,shuffle_null_mean,,361.0,0.5754739118266066,0.7455743283625511,0.5754739118266066
A_vs_B,shuffle_null_mean,,362.0,0.5783674626890523,0.7490962764947768,0.5783674626890523
A_vs_B,shuffle_null_mean,,363.0,0.5904047741217104,0.7565829121305485,0.5904047741217104
A_vs_B,shuffle_null_mean,,364.0,0.5750180075515,0.7447553365272654,0.5750180075515
A_vs_B,shuffle_null_mean,,365.0,0.5918311394036194,0.7582471462150255,0.5918311394036194
A_vs_B,shuffle_null_mean,,366.0,0.5725700982505427,0.7455749715836288,0.5725700982505427
A_vs_B,shuffle_null_mean,,367.0,0.5623559281711452,0.7392775366276483,0.5623559281711452
A_vs_B,shuffle_null_mean,,368.0,0.5900625937900832,0.7575394823329348,0.5900625937900832
A_vs_B,shuffle_null_mean,,369.0,0.6001307169226441,0.7663523495865354,0.600130716922644
A_vs_B,shuffle_null_mean,,370.0,0.5746939015461717,0.7461132276713124,0.5746939015461717
A_vs_B,shuffle_null_mean,,371.0,0.5615893840996555,0.7364434908579984,0.5615893840996555
A_vs_B,shuffle_null_mean,,372.0,0.5907274819526261,0.7585302536032662,0.5907274819526263
A_vs_B,shuffle_null_mean,,373.0,0.5812657410068297,0.7512882880996733,0.5812657410068297
A_vs_B,shuffle_null_mean,,374.0,0.5747961263692836,0.7457934126587892,0.5747961263692836
A_vs_B,shuffle_null_mean,,375.0,0.5832978173939065,0.7545110433605133,0.5832978173939065
A_vs_B,shuffle_null_mean,,376.0,0.5712949706530825,0.7439571680039913,0.5712949706530825
A_vs_B,shuffle_null_mean,,377.0,0.5915747160573318,0.7583601723136352,0.5915747160573318
A_vs_B,shuffle_null_mean,,378.0,0.579981320957683,0.7498520386099905,0.579981320957683
A_vs_B,shuffle_null_mean,,379.0,0.5907016208139912,0.7576598242581801,0.5907016208139912
A_vs_B,shuffle_null_mean,,380.0,0.5770018323180014,0.7494688219760682,0.5770018323180014
A_vs_B,shuffle_null_mean,,381.0,0.5764239452424055,0.7480651162053521,0.5764239452424056
A_vs_B,shuffle_null_mean,,382.0,0.5751904087199365,0.7474371650634968,0.5751904087199364
A_vs_B,shuffle_null_mean,,383.0,0.5707775128844162,0.7424464702975626,0.5707775128844162
A_vs_B,shuffle_null_mean,,384.0,0.5825247967423747,0.7524308395940397,0.5825247967423746
A_vs_B,shuffle_null_mean,,385.0,0.5878476587065433,0.7572045080843675,0.5878476587065433
A_vs_B,shuffle_null_mean,,386.0,0.5887032802524182,0.7562322198103287,0.5887032802524181
A_vs_B,shuffle_null_mean,,387.0,0.5935355619636767,0.7603478533956636,0.5935355619636767
A_vs_B,shuffle_null_mean,,388.0,0.5790280301553291,0.7514101064159059,0.5790280301553291
A_vs_B,shuffle_null_mean,,389.0,0.5841081508352185,0.7528614550956436,0.5841081508352184
A_vs_B,shuffle_null_mean,,390.0,0.5886077994234209,0.7570580064536557,0.5886077994234209
A_vs_B,shuffle_null_mean,,391.0,0.5991037450578605,0.7627506617830758,0.5991037450578603
A_vs_B,shuffle_null_mean,,392.0,0.5862754203534887,0.7551805253268093,0.5862754203534888
A_vs_B,shuffle_null_mean,,393.0,0.5708845612247855,0.7421922627968348,0.5708845612247855
A_vs_B,shuffle_null_mean,,394.0,0.582002477351486,0.752191715819497,0.5820024773514861
A_vs_B,shuffle_null_mean,,395.0,0.5831804179799903,0.7532247230317999,0.5831804179799903
A_vs_B,shuffle_null_mean,,396.0,0.5898978579268832,0.757743456460178,0.5898978579268832
A_vs_B,shuffle_null_mean,,397.0,0.568041380374939,0.7420602007985191,0.568041380374939
A_vs_B,shuffle_null_mean,,398.0,0.5711111349999192,0.7432190869441616,0.5711111349999192
A_vs_B,shuffle_null_mean,,399.0,0.58675205331845,0.7552647623057434,0.5867520533184502
A_vs_B,shuffle_null_mean,,400.0,0.5804203061221606,0.7501263618658183,0.5804203061221606
A_vs_B,shuffle_null_mean,,401.0,0.5680757564650737,0.7400449897520291,0.5680757564650737
A_vs_B,shuffle_null_mean,,402.0,0.590881482668634,0.7583379000324036,0.590881482668634
A_vs_B,shuffle_null_mean,,403.0,0.5927938306737446,0.758911291156176,0.5927938306737446
A_vs_B,shuffle_null_mean,,404.0,0.5811827349777381,0.7507496999610341,0.5811827349777381
A_vs_B,shuffle_null_mean,,405.0,0.5797043727610852,0.748958177579337,0.5797043727610852
A_vs_B,shuffle_null_mean,,406.0,0.5948116050007621,0.7610322904998624,0.5948116050007622
A_vs_B,shuffle_null_mean,,407.0,0.5798060307932309,0.7507185355955491,0.5798060307932309
A_vs_B,shuffle_null_mean,,408.0,0.5858252490377693,0.7540620157330242,0.5858252490377693
A_vs_B,shuffle_null_mean,,409.0,0.5848542838831194,0.7535354159403602,0.5848542838831196
A_vs_B,shuffle_null_mean,,410.0,0.5811972754185182,0.7513428283334292,0.5811972754185182
A_vs_B,shuffle_null_mean,,411.0,0.587903416652436,0.7570626606534289,0.587903416652436
A_vs_B,shuffle_null_mean,,412.0,0.5766089885997681,0.7492268172644093,0.5766089885997681
A_vs_B,shuffle_null_mean,,413.0,0.5739577220696225,0.7461572995829321,0.5739577220696226
A_vs_B,shuffle_null_mean,,414.0,0.592227242372541,0.7594378409773604,0.592227242372541
A_vs_B,shuffle_null_mean,,415.0,0.5782067437210296,0.7491616758662961,0.5782067437210296
A_vs_B,shuffle_null_mean,,416.0,0.5867755969109559,0.7556186563063181,0.5867755969109559
A_vs_B,shuffle_null_mean,,417.0,0.5911119389670133,0.7582034493314883,0.5911119389670132
A_vs_B,shuffle_null_mean,,418.0,0.57337721256094,0.7456602240979553,0.5733772125609401
A_vs_B,shuffle_null_mean,,419.0,0.587589061484173,0.7565674783660594,0.587589061484173
A_vs_B,shuffle_null_mean,,420.0,0.5777661764563913,0.7497894610958519,0.5777661764563913
A_vs_B,shuffle_null_mean,,421.0,0.5787785153056343,0.7492692534963639,0.5787785153056343
A_vs_B,shuffle_null_mean,,422.0,0.5871649239059381,0.754480251313134,0.5871649239059381
A_vs_B,shuffle_null_mean,,423.0,0.5879777109587361,0.7562425178317593,0.5879777109587361
A_vs_B,shuffle_null_mean,,424.0,0.5841250406066707,0.7537847908346954,0.5841250406066707
A_vs_B,shuffle_null_mean,,425.0,0.5890011259235955,0.7547495054028615,0.5890011259235955
A_vs_B,shuffle_null_mean,,426.0,0.5845058563248704,0.7538790216480206,0.5845058563248704
A_vs_B,shuffle_null_mean,,427.0,0.5864024059706241,0.7539168954480395,0.5864024059706241
A_vs_B,shuffle_null_mean,,428.0,0.5740267386298793,0.7464128058425964,0.5740267386298792
A_vs_B,shuffle_null_mean,,429.0,0.5849380090756233,0.7529059489468325,0.5849380090756233
A_vs_B,shuffle_null_mean,,430.0,0.57323144282772,0.7457705659741812,0.57323144282772
A_vs_B,shuffle_null_mean,,431.0,0.5855305680729883,0.7543257480014383,0.5855305680729883
A_vs_B,shuffle_null_mean,,432.0,0.5948996700503565,0.7601411472485025,0.5948996700503565
A_vs_B,shuffle_null_mean,,433.0,0.5888718097320573,0.7573338851502405,0.5888718097320573
A_vs_B,shuffle_null_mean,,434.0,0.5735002968282996,0.7447424256964972,0.5735002968282996
A_vs_B,shuffle_null_mean,,435.0,0.5857376498391684,0.7531363711097356,0.5857376498391684
A_vs_B,shuffle_null_mean,,436.0,0.5875999039597843,0.7561721364290526,0.5875999039597843
A_vs_B,shuffle_null_mean,,437.0,0.5789596080400023,0.7474709121518249,0.5789596080400023
A_vs_B,shuffle_null_mean,,438.0,0.579292939398738,0.749694469460293,0.579292939398738
A_vs_B,shuffle_null_mean,,439.0,0.5797174815183923,0.7515058717536591,0.5797174815183923
A_vs_B,shuffle_null_mean,,440.0,0.5804133666023455,0.751733128236589,0.5804133666023455
A_vs_B,shuffle_null_mean,,441.0,0.5776556444283989,0.7476132021017362,0.5776556444283988
A_vs_B,shuffle_null_mean,,442.0,0.5764790441893187,0.7473230603598501,0.5764790441893187
A_vs_B,shuffle_null_mean,,443.0,0.6016838886622172,0.7659896587909796,0.6016838886622172
A_vs_B,shuffle_null_mean,,444.0,0.5891369470311785,0.7555772399684871,0.5891369470311784
A_vs_B,shuffle_null_mean,,445.0,0.5679120148192162,0.742351099130252,0.5679120148192162
A_vs_B,shuffle_null_mean,,446.0,0.5836478051546229,0.7532634225925535,0.5836478051546229
A_vs_B,shuffle_null_mean,,447.0,0.5863305536595282,0.7554548049842431,0.5863305536595282
A_vs_B,shuffle_null_mean,,448.0,0.5937102308214305,0.7601925163999643,0.5937102308214305
A_vs_B,shuffle_null_mean,,449.0,0.5894641261770194,0.7572064949816617,0.5894641261770195
A_vs_B,shuffle_null_mean,,450.0,0.5734681763824736,0.7444540749880224,0.5734681763824736
A_vs_B,shuffle_null_mean,,451.0,0.5914261375747019,0.758068166200817,0.5914261375747019
A_vs_B,shuffle_null_mean,,452.0,0.5764714510706684,0.748074255065176,0.5764714510706684
A_vs_B,shuffle_null_mean,,453.0,0.5866763949889741,0.7547643465686021,0.5866763949889741
A_vs_B,shuffle_null_mean,,454.0,0.587046201454235,0.7565517220546123,0.587046201454235
A_vs_B,shuffle_null_mean,,455.0,0.5798839644089189,0.7491164457358219,0.5798839644089189
A_vs_B,shuffle_null_mean,,456.0,0.584890795150822,0.7530590370495407,0.584890795150822
A_vs_B,shuffle_null_mean,,457.0,0.5762256880417284,0.7489675745431902,0.5762256880417284
A_vs_B,shuffle_null_mean,,458.0,0.5976787995026641,0.7624199060259375,0.5976787995026643
A_vs_B,shuffle_null_mean,,459.0,0.5895782420580054,0.7566322316664862,0.5895782420580054
A_vs_B,shuffle_null_mean,,460.0,0.5820110103610726,0.751140521231339,0.5820110103610726
A_vs_B,shuffle_null_mean,,461.0,0.5799471442070578,0.7499116075920944,0.5799471442070578
A_vs_B,shuffle_null_mean,,462.0,0.5935283557217678,0.7601762371578401,0.5935283557217678
A_vs_B,shuffle_null_mean,,463.0,0.5775243264304659,0.7485120181656926,0.5775243264304659
A_vs_B,shuffle_null_mean,,464.0,0.5760045524299618,0.7469689324929472,0.576004552429962
A_vs_B,shuffle_null_mean,,465.0,0.5843963119905207,0.7531011724475248,0.5843963119905207
A_vs_B,shuffle_null_mean,,466.0,0.5611155625914871,0.7364401663992556,0.5611155625914871
A_vs_B,shuffle_null_mean,,467.0,0.5742037743389145,0.7457735706830225,0.5742037743389143
A_vs_B,shuffle_null_mean,,468.0,0.5793940572817722,0.7484850157143474,0.5793940572817721
A_vs_B,shuffle_null_mean,,469.0,0.5843191684706428,0.7524161018447884,0.5843191684706428
A_vs_B,shuffle_null_mean,,470.0,0.5874580985569284,0.7561729691789518,0.5874580985569284
A_vs_B,shuffle_null_mean,,471.0,0.5756551762130119,0.746895732839397,0.5756551762130118
A_vs_B,shuffle_null_mean,,472.0,0.5856370432156595,0.7542869386521031,0.5856370432156595
A_vs_B,shuffle_null_mean,,473.0,0.5832433623041859,0.7533279596361607,0.5832433623041859
A_vs_B,shuffle_null_mean,,474.0,0.578726557179916,0.7507689128541719,0.578726557179916
A_vs_B,shuffle_null_mean,,475.0,0.5885950628744582,0.7574338204531187,0.5885950628744583
A_vs_B,shuffle_null_mean,,476.0,0.5843243957851791,0.7525960751258916,0.5843243957851791
A_vs_B,shuffle_null_mean,,477.0,0.5897387301649302,0.757511330485704,0.5897387301649302
A_vs_B,shuffle_null_mean,,478.0,0.5669831003396211,0.7411275028433046,0.5669831003396211
A_vs_B,shuffle_null_mean,,479.0,0.598752662825099,0.7648192607055371,0.598752662825099
A_vs_B,shuffle_null_mean,,480.0,0.5787936064982905,0.7483762555646891,0.5787936064982905
A_vs_B,shuffle_null_mean,,481.0,0.5670056614994687,0.7407441664944814,0.5670056614994687
A_vs_B,shuffle_null_mean,,482.0,0.5914813493974502,0.7585123019710891,0.5914813493974502
A_vs_B,shuffle_null_mean,,483.0,0.5843223488570853,0.7533932239405547,0.5843223488570852
A_vs_B,shuffle_null_mean,,484.0,0.5767430597444287,0.7488718604935392,0.5767430597444287
A_vs_B,shuffle_null_mean,,485.0,0.578046369837343,0.7486900494144255,0.578046369837343
A_vs_B,shuffle_null_mean,,486.0,0.5818869996098224,0.7525417263491325,0.5818869996098224
A_vs_B,shuffle_null_mean,,487.0,0.5863230540220125,0.7536137822479406,0.5863230540220126
A_vs_B,shuffle_null_mean,,488.0,0.5800289796458702,0.7493582434064116,0.5800289796458703
A_vs_B,shuffle_null_mean,,489.0,0.5805811671242673,0.7514225790764544,0.5805811671242674
A_vs_B,shuffle_null_mean,,490.0,0.5818323501101621,0.7525074960422513,0.5818323501101621
A_vs_B,shuffle_null_mean,,491.0,0.5610657894483584,0.7369672475469451,0.5610657894483585
A_vs_B,shuffle_null_mean,,492.0,0.5858561620408558,0.753433591196228,0.5858561620408558
A_vs_B,shuffle_null_mean,,493.0,0.5835702039816344,0.752953329068957,0.5835702039816345
A_vs_B,shuffle_null_mean,,494.0,0.5789756047283902,0.7502347722568043,0.5789756047283902
A_vs_B,shuffle_null_mean,,495.0,0.5780603751369114,0.7492604204556647,0.5780603751369114
A_vs_B,shuffle_null_mean,,496.0,0.5834638102310606,0.7536462705452082,0.5834638102310608
A_vs_B,shuffle_null_mean,,497.0,0.5823597806356305,0.7521879942604772,0.5823597806356307
A_vs_B,shuffle_null_mean,,498.0,0.5981311603254326,0.7633027589302558,0.5981311603254326
A_vs_B,shuffle_null_mean,,499.0,0.5729303707832681,0.7460353267846204,0.5729303707832681
B_vs_B,shuffle_null_mean,,0.0,0.5873391331273903,0.757037968035493,0.5873391331273903
B_vs_B,shuffle_null_mean,,1.0,0.5687513706634069,0.7420921414258829,0.5687513706634069
B_vs_B,shuffle_null_mean,,2.0,0.5723020392053237,0.743737450412419,0.5723020392053237
B_vs_B,shuffle_null_mean,,3.0,0.5732408833660948,0.7451938026415685,0.5732408833660948
B_vs_B,shuffle_null_mean,,4.0,0.5828374498198405,0.7530180143333646,0.5828374498198405
B_vs_B,shuffle_null_mean,,5.0,0.5843496247172226,0.7536210903168106,0.5843496247172226
B_vs_B,shuffle_null_mean,,6.0,0.5693915528140008,0.7440202058554873,0.5693915528140009
B_vs_B,shuffle_null_mean,,7.0,0.5859473505441728,0.7547425996439123,0.5859473505441727
B_vs_B,shuffle_null_mean,,8.0,0.5755325130691917,0.7453593250434174,0.5755325130691917
B_vs_B,shuffle_null_mean,,9.0,0.5796018117175417,0.749428891869426,0.5796018117175417
B_vs_B,shuffle_null_mean,,10.0,0.567766815388513,0.743694438600248,0.5677668153885131
B_vs_B,shuffle_null_mean,,11.0,0.5712279528127813,0.7448120330046277,0.5712279528127813
B_vs_B,shuffle_null_mean,,12.0,0.5827692948195583,0.7532614210287285,0.5827692948195583
B_vs_B,shuffle_null_mean,,13.0,0.5652409738808921,0.7367157935807384,0.5652409738808921
B_vs_B,shuffle_null_mean,,14.0,0.5529072693026433,0.7324036077126345,0.5529072693026433
B_vs_B,shuffle_null_mean,,15.0,0.5551454938245663,0.733817256556615,0.5551454938245662
B_vs_B,shuffle_null_mean,,16.0,0.5786729153265402,0.7495537500811055,0.5786729153265403
B_vs_B,shuffle_null_mean,,17.0,0.5713882443938245,0.7434072762254026,0.5713882443938246
B_vs_B,shuffle_null_mean,,18.0,0.566771318520814,0.7420646388939113,0.5667713185208141
B_vs_B,shuffle_null_mean,,19.0,0.5909381492823109,0.7595209112350894,0.5909381492823109
B_vs_B,shuffle_null_mean,,20.0,0.5720907809551866,0.7458862890216782,0.5720907809551866
B_vs_B,shuffle_null_mean,,21.0,0.5830336516294949,0.7501911328368768,0.5830336516294949
B_vs_B,shuffle_null_mean,,22.0,0.570631324339653,0.7438502921901204,0.570631324339653
B_vs_B,shuffle_null_mean,,23.0,0.5717507641029722,0.7452348370424118,0.5717507641029722
B_vs_B,shuffle_null_mean,,24.0,0.5683659481559743,0.7431371110864315,0.5683659481559743
B_vs_B,shuffle_null_mean,,25.0,0.5729002249795767,0.7441814569734089,0.5729002249795767
B_vs_B,shuffle_null_mean,,26.0,0.5953023235483342,0.760498318386034,0.5953023235483341
B_vs_B,shuffle_null_mean,,27.0,0.5838136423217135,0.7533198715190262,0.5838136423217136
B_vs_B,shuffle_null_mean,,28.0,0.5897133248764204,0.7567632016792191,0.5897133248764204
B_vs_B,shuffle_null_mean,,29.0,0.5641406471397663,0.7386443271783926,0.5641406471397663
B_vs_B,shuffle_null_mean,,30.0,0.5763414183130801,0.7477497337758475,0.5763414183130801
B_vs_B,shuffle_null_mean,,31.0,0.5848970778307329,0.7536696820296706,0.5848970778307327
B_vs_B,shuffle_null_mean,,32.0,0.5775658049763235,0.7482137815020233,0.5775658049763235
B_vs_B,shuffle_null_mean,,33.0,0.5712707523964404,0.7444816438729972,0.5712707523964404
B_vs_B,shuffle_null_mean,,34.0,0.5736157363613348,0.7435068508286092,0.5736157363613348
B_vs_B,shuffle_null_mean,,35.0,0.5638899647330973,0.7410681222866247,0.5638899647330973
B_vs_B,shuffle_null_mean,,36.0,0.5853948666217926,0.7543369598536265,0.5853948666217926
B_vs_B,shuffle_null_mean,,37.0,0.5739053660395635,0.7465279286032968,0.5739053660395635
B_vs_B,shuffle_null_mean,,38.0,0.5833007428677901,0.7532325608210422,0.5833007428677901
B_vs_B,shuffle_null_mean,,39.0,0.5676085641532069,0.7422918144854982,0.5676085641532068
B_vs_B,shuffle_null_mean,,40.0,0.568616425955448,0.7433805358084505,0.568616425955448
B_vs_B,shuffle_null_mean,,41.0,0.5873426559078738,0.7559735553900555,0.5873426559078738
B_vs_B,shuffle_null_mean,,42.0,0.5953675346507261,0.7614778814629976,0.5953675346507261
B_vs_B,shuffle_null_mean,,43.0,0.5822166080791036,0.7505802361301113,0.5822166080791035
B_vs_B,shuffle_null_mean,,44.0,0.5799474683723916,0.7530126884465582,0.5799474683723916
B_vs_B,shuffle_null_mean,,45.0,0.5822062608511894,0.7535792881413265,0.5822062608511894
B_vs_B,shuffle_null_mean,,46.0,0.5762909775206804,0.7458437673339893,0.5762909775206804
B_vs_B,shuffle_null_mean,,47.0,0.5674721872832555,0.7415798041900976,0.5674721872832555
B_vs_B,shuffle_null_mean,,48.0,0.6148430136416454,0.7727444449959329,0.6148430136416454
B_vs_B,shuffle_null_mean,,49.0,0.5973520262463207,0.762944282933138,0.5973520262463207
B_vs_B,shuffle_null_mean,,50.0,0.5718941702893803,0.7452949650908913,0.5718941702893803
B_vs_B,shuffle_null_mean,,51.0,0.5964700751632703,0.761296590832997,0.5964700751632702
B_vs_B,shuffle_null_mean,,52.0,0.5792974747913082,0.7513392430295177,0.5792974747913082
B_vs_B,shuffle_null_mean,,53.0,0.5924074114003204,0.758705908330643,0.5924074114003204
B_vs_B,shuffle_null_mean,,54.0,0.5741823339506498,0.7455182451025498,0.5741823339506499
B_vs_B,shuffle_null_mean,,55.0,0.5827683414024831,0.7530611259837363,0.5827683414024831
B_vs_B,shuffle_null_mean,,56.0,0.5825738607514448,0.7521655432037097,0.5825738607514449
B_vs_B,shuffle_null_mean,,57.0,0.5635680103784961,0.7378469406919086,0.5635680103784961
B_vs_B,shuffle_null_mean,,58.0,0.5758956295807176,0.7487630024556117,0.5758956295807177
B_vs_B,shuffle_null_mean,,59.0,0.5574938850623038,0.7339219290545119,0.5574938850623038
B_vs_B,shuffle_null_mean,,60.0,0.5838303658349688,0.7522244288598074,0.5838303658349688
B_vs_B,shuffle_null_mean,,61.0,0.5722194521598731,0.7453147029076278,0.5722194521598731
B_vs_B,shuffle_null_mean,,62.0,0.5638362913003272,0.7378453846068054,0.5638362913003272
B_vs_B,shuffle_null_mean,,63.0,0.5664472809156538,0.7415979327145881,0.5664472809156538
B_vs_B,shuffle_null_mean,,64.0,0.5820370437974867,0.7516079965375153,0.5820370437974868
B_vs_B,shuffle_null_mean,,65.0,0.5562839307960237,0.7341597187746638,0.5562839307960236
B_vs_B,shuffle_null_mean,,66.0,0.5835420838787565,0.7520535514251323,0.5835420838787565
B_vs_B,shuffle_null_mean,,67.0,0.586279904166025,0.7540923554821605,0.586279904166025
B_vs_B,shuffle_null_mean,,68.0,0.5762618921794298,0.7483877349624786,0.5762618921794298
B_vs_B,shuffle_null_mean,,69.0,0.5827667975683937,0.7535965761026344,0.5827667975683937
B_vs_B,shuffle_null_mean,,70.0,0.5886235441192567,0.7541399998539318,0.5886235441192567
B_vs_B,shuffle_null_mean,,71.0,0.5715621146811688,0.7432036074209162,0.5715621146811688
B_vs_B,shuffle_null_mean,,72.0,0.5863494944901501,0.7551105222191655,0.5863494944901501
B_vs_B,shuffle_null_mean,,73.0,0.5642990803675177,0.7386162127735615,0.5642990803675177
B_vs_B,shuffle_null_mean,,74.0,0.5625770837740661,0.736019123115824,0.562577083774066
B_vs_B,shuffle_null_mean,,75.0,0.5995358083702901,0.7655609533365128,0.59953580837029
B_vs_B,shuffle_null_mean,,76.0,0.5704259970642994,0.7430827820806825,0.5704259970642994
B_vs_B,shuffle_null_mean,,77.0,0.585665015680551,0.7554011739490634,0.585665015680551
B_vs_B,shuffle_null_mean,,78.0,0.5654283129586919,0.7406300382798319,0.5654283129586919
B_vs_B,shuffle_null_mean,,79.0,0.5770514487792052,0.7487612340002101,0.5770514487792052
B_vs_B,shuffle_null_mean,,80.0,0.5830918968957671,0.7535346807371932,0.5830918968957671
B_vs_B,shuffle_null_mean,,81.0,0.5965280270061454,0.7606820755206959,0.5965280270061454
B_vs_B,shuffle_null_mean,,82.0,0.5695682063099399,0.7452138333245829,0.5695682063099399
B_vs_B,shuffle_null_mean,,83.0,0.5746693151482544,0.7468132687869571,0.5746693151482544
B_vs_B,shuffle_null_mean,,84.0,0.5896490377631503,0.7590635667325228,0.5896490377631503
B_vs_B,shuffle_null_mean,,85.0,0.5785110780943684,0.750274412464596,0.5785110780943684
B_vs_B,shuffle_null_mean,,86.0,0.5844542765240126,0.754288065405536,0.5844542765240125
B_vs_B,shuffle_null_mean,,87.0,0.5694670399620527,0.7420864322785325,0.5694670399620527
B_vs_B,shuffle_null_mean,,88.0,0.5730906091814324,0.7456039333447063,0.5730906091814324
B_vs_B,shuffle_null_mean,,89.0,0.57504923661485,0.7459704020015789,0.57504923661485
B_vs_B,shuffle_null_mean,,90.0,0.6007268062333007,0.7655433420165239,0.6007268062333007
B_vs_B,shuffle_null_mean,,91.0,0.5749251164293158,0.7479965212260608,0.5749251164293159
B_vs_B,shuffle_null_mean,,92.0,0.5956940663714512,0.7605253011997805,0.5956940663714512
B_vs_B,shuffle_null_mean,,93.0,0.5876255024135425,0.7566469713412547,0.5876255024135425
B_vs_B,shuffle_null_mean,,94.0,0.5993902976428622,0.7651697263839068,0.5993902976428621
B_vs_B,shuffle_null_mean,,95.0,0.5913930191524708,0.7597374802739331,0.5913930191524708
B_vs_B,shuffle_null_mean,,96.0,0.5958368215045636,0.7617905834645274,0.5958368215045636
B_vs_B,shuffle_null_mean,,97.0,0.5727104613961979,0.7477061565969596,0.572710461396198
B_vs_B,shuffle_null_mean,,98.0,0.5811550304286202,0.7505772452861699,0.5811550304286202
B_vs_B,shuffle_null_mean,,99.0,0.5715190996584684,0.7446186925357521,0.5715190996584684
B_vs_B,shuffle_null_mean,,100.0,0.5917927826050119,0.759390204920339,0.5917927826050119
B_vs_B,shuffle_null_mean,,101.0,0.5790733977341403,0.7497354732008514,0.5790733977341403
B_vs_B,shuffle_null_mean,,102.0,0.5865330788756953,0.7554590374877896,0.5865330788756952
B_vs_B,shuffle_null_mean,,103.0,0.5552443846598539,0.7335556223754234,0.5552443846598539
B_vs_B,shuffle_null_mean,,104.0,0.563298466834559,0.7390996999373836,0.5632984668345591
B_vs_B,shuffle_null_mean,,105.0,0.5923535263359871,0.7597292329729426,0.5923535263359873
B_vs_B,shuffle_null_mean,,106.0,0.5861113897329031,0.755480384857248,0.5861113897329031
B_vs_B,shuffle_null_mean,,107.0,0.5691984357762024,0.7419526571857289,0.5691984357762024
B_vs_B,shuffle_null_mean,,108.0,0.5661419245625237,0.7417249696247186,0.5661419245625237
B_vs_B,shuffle_null_mean,,109.0,0.5896663951569731,0.7562190001178394,0.5896663951569731
B_vs_B,shuffle_null_mean,,110.0,0.5658488923150335,0.7418301546978106,0.5658488923150335
B_vs_B,shuffle_null_mean,,111.0,0.6137902438427281,0.7754244597965569,0.6137902438427281
B_vs_B,shuffle_null_mean,,112.0,0.5647972537846786,0.7369834513256729,0.5647972537846787
B_vs_B,shuffle_null_mean,,113.0,0.5700161062376707,0.7450462550440088,0.5700161062376707
B_vs_B,shuffle_null_mean,,114.0,0.5817021714397392,0.7514668748675578,0.5817021714397392
B_vs_B,shuffle_null_mean,,115.0,0.5919765444087217,0.7604996479691022,0.5919765444087218
B_vs_B,shuffle_null_mean,,116.0,0.5651455266258443,0.7382316534883356,0.5651455266258443
B_vs_B,shuffle_null_mean,,117.0,0.5949970422631011,0.7627064765978622,0.5949970422631012
B_vs_B,shuffle_null_mean,,118.0,0.5763778928000443,0.7477179679434556,0.5763778928000441
B_vs_B,shuffle_null_mean,,119.0,0.5735202482712101,0.7452727608169831,0.5735202482712101
B_vs_B,shuffle_null_mean,,120.0,0.5754232783026317,0.749132524407753,0.5754232783026316
B_vs_B,shuffle_null_mean,,121.0,0.5789180646882196,0.7504522870950565,0.5789180646882196
B_vs_B,shuffle_null_mean,,122.0,0.5637340617640739,0.7390438727462338,0.5637340617640739
B_vs_B,shuffle_null_mean,,123.0,0.6091537428413625,0.7721580791057184,0.6091537428413625
B_vs_B,shuffle_null_mean,,124.0,0.5770499755217083,0.7495835005521311,0.5770499755217083
B_vs_B,shuffle_null_mean,,125.0,0.5756918569846347,0.7483806836522964,0.5756918569846347
B_vs_B,shuffle_null_mean,,126.0,0.5761832811151097,0.7476015696551753,0.5761832811151099
B_vs_B,shuffle_null_mean,,127.0,0.5760153842284874,0.7472937381272019,0.5760153842284874
B_vs_B,shuffle_null_mean,,128.0,0.557045172622818,0.7334090280088102,0.5570451726228182
B_vs_B,shuffle_null_mean,,129.0,0.5745765986921876,0.7457879740910571,0.5745765986921876
B_vs_B,shuffle_null_mean,,130.0,0.5779711970317597,0.7511595390998252,0.5779711970317597
B_vs_B,shuffle_null_mean,,131.0,0.5819136594531008,0.7528362776989883,0.5819136594531008
B_vs_B,shuffle_null_mean,,132.0,0.5584170543549027,0.734688273623224,0.5584170543549029
B_vs_B,shuffle_null_mean,,133.0,0.5713757386831251,0.7448230160759695,0.5713757386831251
B_vs_B,shuffle_null_mean,,134.0,0.574095130917877,0.7454311118061284,0.574095130917877
B_vs_B,shuffle_null_mean,,135.0,0.5822225582714657,0.7496873945191072,0.5822225582714657
B_vs_B,shuffle_null_mean,,136.0,0.5871928871951283,0.7556944198736779,0.5871928871951283
B_vs_B,shuffle_null_mean,,137.0,0.5720822333184824,0.7443676982973628,0.5720822333184824
B_vs_B,shuffle_null_mean,,138.0,0.5798757577884561,0.7512151132478475,0.5798757577884561
B_vs_B,shuffle_null_mean,,139.0,0.5880718667941193,0.7566202430984402,0.5880718667941193
B_vs_B,shuffle_null_mean,,140.0,0.5832812193412107,0.7516272966225346,0.5832812193412107
B_vs_B,shuffle_null_mean,,141.0,0.5708718228730452,0.7437189844029084,0.5708718228730452
B_vs_B,shuffle_null_mean,,142.0,0.5764718837639322,0.7489781623499414,0.5764718837639321
B_vs_B,shuffle_null_mean,,143.0,0.5982412462894487,0.7621151322349958,0.5982412462894487
B_vs_B,shuffle_null_mean,,144.0,0.580419035438033,0.7479640836853474,0.5804190354380327
B_vs_B,shuffle_null_mean,,145.0,0.5986079430581726,0.764439547377673,0.5986079430581726
B_vs_B,shuffle_null_mean,,146.0,0.5713149190031076,0.7452724561857152,0.5713149190031076
B_vs_B,shuffle_null_mean,,147.0,0.5915628835514853,0.7595395965333386,0.5915628835514852
B_vs_B,shuffle_null_mean,,148.0,0.5826530819386163,0.7527770124815616,0.5826530819386162
B_vs_B,shuffle_null_mean,,149.0,0.589762495499874,0.757703370113941,0.5897624954998741
B_vs_B,shuffle_null_mean,,150.0,0.5746110726272607,0.7472851964351435,0.5746110726272607
B_vs_B,shuffle_null_mean,,151.0,0.5574104017999046,0.7340263961184401,0.5574104017999046
B_vs_B,shuffle_null_mean,,152.0,0.5685013997234212,0.7428523634542428,0.5685013997234212
B_vs_B,shuffle_null_mean,,153.0,0.5860650166958152,0.755959598737738,0.5860650166958153
B_vs_B,shuffle_null_mean,,154.0,0.6011132678703858,0.7643688941398392,0.6011132678703858
B_vs_B,shuffle_null_mean,,155.0,0.5895474975261553,0.7586584957788746,0.5895474975261553
B_vs_B,shuffle_null_mean,,156.0,0.5662850048939929,0.743557814489628,0.566285004893993
B_vs_B,shuffle_null_mean,,157.0,0.5735275421522074,0.7436315184904326,0.5735275421522074
B_vs_B,shuffle_null_mean,,158.0,0.5937723635026343,0.7607145587342278,0.5937723635026343
B_vs_B,shuffle_null_mean,,159.0,0.5649365083543281,0.7408302962349315,0.5649365083543283
B_vs_B,shuffle_null_mean,,160.0,0.5765605384485616,0.7478948982822842,0.5765605384485615
B_vs_B,shuffle_null_mean,,161.0,0.5668315022011586,0.7402290222921523,0.5668315022011585
B_vs_B,shuffle_null_mean,,162.0,0.5645595995493176,0.7396910615068667,0.5645595995493178
B_vs_B,shuffle_null_mean,,163.0,0.588437998487659,0.7555450330894585,0.588437998487659
B_vs_B,shuffle_null_mean,,164.0,0.5785166782180731,0.749140639313361,0.5785166782180731
B_vs_B,shuffle_null_mean,,165.0,0.5821046756669555,0.7529720912385275,0.5821046756669555
B_vs_B,shuffle_null_mean,,166.0,0.582327468268745,0.7522738839981189,0.582327468268745
B_vs_B,shuffle_null_mean,,167.0,0.5762084380159008,0.7506001500259903,0.5762084380159008
B_vs_B,shuffle_null_mean,,168.0,0.5915216453854562,0.7584085111828592,0.5915216453854562
B_vs_B,shuffle_null_mean,,169.0,0.5778064469472917,0.7491859721206058,0.5778064469472917
B_vs_B,shuffle_null_mean,,170.0,0.596965703288304,0.7609489739475357,0.596965703288304
B_vs_B,shuffle_null_mean,,171.0,0.6028996902083439,0.7675477164584077,0.6028996902083439
B_vs_B,shuffle_null_mean,,172.0,0.5941044016367372,0.7598878393170245,0.5941044016367372
B_vs_B,shuffle_null_mean,,173.0,0.5698648038325788,0.7445670609432752,0.5698648038325786
B_vs_B,shuffle_null_mean,,174.0,0.5854333927610232,0.753780050358455,0.5854333927610232
B_vs_B,shuffle_null_mean,,175.0,0.5937199686290437,0.7606752884375921,0.5937199686290437
B_vs_B,shuffle_null_mean,,176.0,0.5689244707185637,0.7437766603337788,0.5689244707185637
B_vs_B,shuffle_null_mean,,177.0,0.5748461068797963,0.7491574265288732,0.5748461068797964
B_vs_B,shuffle_null_mean,,178.0,0.6025771764900358,0.7672095221401999,0.6025771764900357
B_vs_B,shuffle_null_mean,,179.0,0.5728368568784818,0.7442446279836985,0.5728368568784818
B_vs_B,shuffle_null_mean,,180.0,0.6045527984313058,0.7693921756590701,0.6045527984313058
B_vs_B,shuffle_null_mean,,181.0,0.5678543270897961,0.7425812508895848,0.5678543270897961
B_vs_B,shuffle_null_mean,,182.0,0.5838797104744957,0.7540187463928281,0.5838797104744957
B_vs_B,shuffle_null_mean,,183.0,0.584190087218474,0.7528716635763161,0.584190087218474
B_vs_B,shuffle_null_mean,,184.0,0.5640692970089576,0.7398131909618344,0.5640692970089576
B_vs_B,shuffle_null_mean,,185.0,0.5792319960120575,0.7511471878997632,0.5792319960120575
B_vs_B,shuffle_null_mean,,186.0,0.591034007124747,0.7587126900229771,0.591034007124747
B_vs_B,shuffle_null_mean,,187.0,0.5890084671228998,0.7594336083852021,0.5890084671228999
B_vs_B,shuffle_null_mean,,188.0,0.5711139623480564,0.7419597909055968,0.5711139623480564
B_vs_B,shuffle_null_mean,,189.0,0.5697681976811423,0.7416075500992334,0.5697681976811424
B_vs_B,shuffle_null_mean,,190.0,0.5742736203082036,0.747899609082576,0.5742736203082036
B_vs_B,shuffle_null_mean,,191.0,0.5760285976930563,0.7457641394840717,0.5760285976930563
B_vs_B,shuffle_null_mean,,192.0,0.583970602978806,0.7552344304364071,0.5839706029788058
B_vs_B,shuffle_null_mean,,193.0,0.5718958470860064,0.7448946945857925,0.5718958470860065
B_vs_B,shuffle_null_mean,,194.0,0.57783386396446,0.7502731611664795,0.57783386396446
B_vs_B,shuffle_null_mean,,195.0,0.5833529072056154,0.7528749161882486,0.5833529072056154
B_vs_B,shuffle_null_mean,,196.0,0.5935078807278408,0.7586273673728872,0.5935078807278407
B_vs_B,shuffle_null_mean,,197.0,0.5545121331776921,0.7332319111012336,0.5545121331776921
B_vs_B,shuffle_null_mean,,198.0,0.5978235460440993,0.7641183301738967,0.5978235460440994
B_vs_B,shuffle_null_mean,,199.0,0.5860019000345273,0.7557382572357194,0.5860019000345273
B_vs_B,shuffle_null_mean,,200.0,0.5865354058622946,0.7544219279232237,0.5865354058622947
B_vs_B,shuffle_null_mean,,201.0,0.5722657785907119,0.7450049994592349,0.5722657785907119
B_vs_B,shuffle_null_mean,,202.0,0.5806724372353433,0.7524137910697607,0.5806724372353432
B_vs_B,shuffle_null_mean,,203.0,0.5695036899432376,0.7449953460932763,0.5695036899432376
B_vs_B,shuffle_null_mean,,204.0,0.5637607444191644,0.7388259455158885,0.5637607444191644
B_vs_B,shuffle_null_mean,,205.0,0.5789179436052639,0.7502654002474938,0.5789179436052639
B_vs_B,shuffle_null_mean,,206.0,0.5911822666005595,0.7573848893282156,0.5911822666005595
B_vs_B,shuffle_null_mean,,207.0,0.5644332457922402,0.7407393654323775,0.5644332457922403
B_vs_B,shuffle_null_mean,,208.0,0.5768778169002046,0.7484541166611935,0.5768778169002046
B_vs_B,shuffle_null_mean,,209.0,0.5847513974844498,0.7531169036534987,0.5847513974844499
B_vs_B,shuffle_null_mean,,210.0,0.6026963044771895,0.7656791243694656,0.6026963044771895
B_vs_B,shuffle_null_mean,,211.0,0.5788226020008868,0.7511232093688642,0.5788226020008868
B_vs_B,shuffle_null_mean,,212.0,0.5583543984503667,0.733976296927769,0.5583543984503667
B_vs_B,shuffle_null_mean,,213.0,0.5760066866166721,0.7466758863153616,0.5760066866166721
B_vs_B,shuffle_null_mean,,214.0,0.6014993958556277,0.7658336596321745,0.6014993958556277
B_vs_B,shuffle_null_mean,,215.0,0.5702312679282822,0.7433396555416318,0.5702312679282822
B_vs_B,shuffle_null_mean,,216.0,0.5730243396144716,0.7479976116639201,0.5730243396144716
B_vs_B,shuffle_null_mean,,217.0,0.5815394360777606,0.7540889886716315,0.5815394360777606
B_vs_B,shuffle_null_mean,,218.0,0.5934571556902062,0.759451484632095,0.5934571556902062
B_vs_B,shuffle_null_mean,,219.0,0.5860839638339373,0.7553402339352357,0.5860839638339373
B_vs_B,shuffle_null_mean,,220.0,0.5541771881298976,0.7320880519019216,0.5541771881298976
B_vs_B,shuffle_null_mean,,221.0,0.5781380950281064,0.7495320147622865,0.5781380950281065
B_vs_B,shuffle_null_mean,,222.0,0.5735543170784922,0.7473877657164683,0.5735543170784922
B_vs_B,shuffle_null_mean,,223.0,0.5780407507140566,0.750062134530107,0.5780407507140567
B_vs_B,shuffle_null_mean,,224.0,0.6014159035191009,0.7670732581496909,0.6014159035191009
B_vs_B,shuffle_null_mean,,225.0,0.5874366943337431,0.7544926686182097,0.5874366943337431
B_vs_B,shuffle_null_mean,,226.0,0.5702992088616704,0.7433611878203761,0.5702992088616704
B_vs_B,shuffle_null_mean,,227.0,0.5638274177382739,0.7383450327930489,0.5638274177382739
B_vs_B,shuffle_null_mean,,228.0,0.5762375462236358,0.7502570077405801,0.5762375462236358
B_vs_B,shuffle_null_mean,,229.0,0.5826441180393293,0.7530897862269342,0.5826441180393293
B_vs_B,shuffle_null_mean,,230.0,0.5873970406305478,0.7551398247870986,0.5873970406305478
B_vs_B,shuffle_null_mean,,231.0,0.5797860897396935,0.7517636750984853,0.5797860897396935
B_vs_B,shuffle_null_mean,,232.0,0.5865333046960094,0.7540199691541345,0.5865333046960094
B_vs_B,shuffle_null_mean,,233.0,0.5807848145758497,0.7515970227950387,0.5807848145758497
B_vs_B,shuffle_null_mean,,234.0,0.5875996246023626,0.7561748709952134,0.5875996246023626
B_vs_B,shuffle_null_mean,,235.0,0.558401087469476,0.7358852556543445,0.558401087469476
B_vs_B,shuffle_null_mean,,236.0,0.5566479140180042,0.7347097439209652,0.5566479140180042
B_vs_B,shuffle_null_mean,,237.0,0.5875010404228849,0.7560520767289189,0.5875010404228849
B_vs_B,shuffle_null_mean,,238.0,0.5590169289579261,0.7341173562267251,0.5590169289579262
B_vs_B,shuffle_null_mean,,239.0,0.5857194601212665,0.7537429129491531,0.5857194601212665
B_vs_B,shuffle_null_mean,,240.0,0.5913822797048272,0.7589431128711757,0.5913822797048273
B_vs_B,shuffle_null_mean,,241.0,0.5567756587394099,0.732408648880791,0.5567756587394099
B_vs_B,shuffle_null_mean,,242.0,0.579613446140402,0.7523362685542708,0.579613446140402
B_vs_B,shuffle_null_mean,,243.0,0.5752367680737871,0.7445840775219444,0.5752367680737873
B_vs_B,shuffle_null_mean,,244.0,0.5724474983225077,0.7450139955087611,0.5724474983225077
B_vs_B,shuffle_null_mean,,245.0,0.5876963522011879,0.7571624919677544,0.5876963522011879
B_vs_B,shuffle_null_mean,,246.0,0.5872899992198597,0.7577397776244258,0.5872899992198597
B_vs_B,shuffle_null_mean,,247.0,0.5945882698579732,0.7622547798746802,0.5945882698579732
B_vs_B,shuffle_null_mean,,248.0,0.5780409686565819,0.7469923293437069,0.578040968656582
B_vs_B,shuffle_null_mean,,249.0,0.5731781721305638,0.744121028393528,0.5731781721305638
B_vs_B,shuffle_null_mean,,250.0,0.583361015002381,0.7522559358643433,0.583361015002381
B_vs_B,shuffle_null_mean,,251.0,0.5695356893989205,0.7430836532948436,0.5695356893989205
B_vs_B,shuffle_null_mean,,252.0,0.5673864965262573,0.7419069318324091,0.5673864965262573
B_vs_B,shuffle_null_mean,,253.0,0.5867387909994696,0.755903381605015,0.5867387909994696
B_vs_B,shuffle_null_mean,,254.0,0.5757011666418506,0.7482192716478244,0.5757011666418506
B_vs_B,shuffle_null_mean,,255.0,0.5827075175725449,0.75186838981602,0.5827075175725448
B_vs_B,shuffle_null_mean,,256.0,0.5905257818804114,0.7555048769863935,0.5905257818804114
B_vs_B,shuffle_null_mean,,257.0,0.5825580746479485,0.7516603425813225,0.5825580746479485
B_vs_B,shuffle_null_mean,,258.0,0.5686867910174909,0.7425746484474637,0.5686867910174908
B_vs_B,shuffle_null_mean,,259.0,0.5667168663465831,0.7429202790541181,0.5667168663465831
B_vs_B,shuffle_null_mean,,260.0,0.5676568770775147,0.7407400808384863,0.5676568770775147
B_vs_B,shuffle_null_mean,,261.0,0.5599097875648708,0.7355277773090079,0.559909787564871
B_vs_B,shuffle_null_mean,,262.0,0.5605442026067085,0.7381310859604472,0.5605442026067085
B_vs_B,shuffle_null_mean,,263.0,0.5822773182368151,0.753300528810341,0.5822773182368151
B_vs_B,shuffle_null_mean,,264.0,0.5866278381766556,0.7565777955660824,0.5866278381766556
B_vs_B,shuffle_null_mean,,265.0,0.5783442692283294,0.7480715645585958,0.5783442692283294
B_vs_B,shuffle_null_mean,,266.0,0.5891469016323433,0.7565661939843553,0.5891469016323433
B_vs_B,shuffle_null_mean,,267.0,0.5832726380909566,0.7542087534348625,0.5832726380909568
B_vs_B,shuffle_null_mean,,268.0,0.5608269628536269,0.7383451845098749,0.5608269628536269
B_vs_B,shuffle_null_mean,,269.0,0.5808327600712537,0.7491825422806354,0.5808327600712537
B_vs_B,shuffle_null_mean,,270.0,0.5839197048629485,0.7552519165310658,0.5839197048629485
B_vs_B,shuffle_null_mean,,271.0,0.57570304128949,0.749559689864233,0.57570304128949
B_vs_B,shuffle_null_mean,,272.0,0.5849720845449307,0.7540397322886074,0.5849720845449307
B_vs_B,shuffle_null_mean,,273.0,0.5791672322033775,0.7493112934777141,0.5791672322033776
B_vs_B,shuffle_null_mean,,274.0,0.5627852032869312,0.7393663294424939,0.5627852032869312
B_vs_B,shuffle_null_mean,,275.0,0.564534111446203,0.7387533942923723,0.564534111446203
B_vs_B,shuffle_null_mean,,276.0,0.5595558077380044,0.7373480341416241,0.5595558077380044
B_vs_B,shuffle_null_mean,,277.0,0.5914659917235038,0.7581734492910298,0.5914659917235037
B_vs_B,shuffle_null_mean,,278.0,0.5687206747711894,0.7454456781536253,0.5687206747711894
B_vs_B,shuffle_null_mean,,279.0,0.5704656329583585,0.744858233106435,0.5704656329583585
B_vs_B,shuffle_null_mean,,280.0,0.5746032755686585,0.7467533659839047,0.5746032755686584
B_vs_B,shuffle_null_mean,,281.0,0.5799661545103104,0.7516085564615893,0.5799661545103105
B_vs_B,shuffle_null_mean,,282.0,0.5812302845193538,0.7511409712328126,0.5812302845193539
B_vs_B,shuffle_null_mean,,283.0,0.6116466714190474,0.7723912724162826,0.6116466714190475
B_vs_B,shuffle_null_mean,,284.0,0.57377588642308,0.7463720818476123,0.5737758864230799
B_vs_B,shuffle_null_mean,,285.0,0.5799274739380145,0.7477435320511618,0.5799274739380145
B_vs_B,shuffle_null_mean,,286.0,0.5571905036215312,0.7328290977907785,0.5571905036215311
B_vs_B,shuffle_null_mean,,287.0,0.5900333653966205,0.7560381415913343,0.5900333653966205
B_vs_B,shuffle_null_mean,,288.0,0.5782107410581868,0.7496363259859979,0.5782107410581868
B_vs_B,shuffle_null_mean,,289.0,0.5709814904678503,0.7440607427529835,0.5709814904678503
B_vs_B,shuffle_null_mean,,290.0,0.5698338503042351,0.7453705263049699,0.5698338503042351
B_vs_B,shuffle_null_mean,,291.0,0.5848609452360003,0.7541074950897299,0.5848609452360003
B_vs_B,shuffle_null_mean,,292.0,0.5874509391861549,0.7553213050292945,0.5874509391861549
B_vs_B,shuffle_null_mean,,293.0,0.5925315320247979,0.7605881999156002,0.5925315320247979
B_vs_B,shuffle_null_mean,,294.0,0.5741127286702583,0.7481987421516184,0.5741127286702583
B_vs_B,shuffle_null_mean,,295.0,0.577581211147441,0.7483084986653583,0.5775812111474412
B_vs_B,shuffle_null_mean,,296.0,0.5571643752923456,0.7312721417246095,0.5571643752923456
B_vs_B,shuffle_null_mean,,297.0,0.581895233046114,0.7514070986950118,0.5818952330461141
B_vs_B,shuffle_null_mean,,298.0,0.5614495422855772,0.7381220377080264,0.5614495422855771
B_vs_B,shuffle_null_mean,,299.0,0.58010353951907,0.7503941588614232,0.58010353951907
B_vs_B,shuffle_null_mean,,300.0,0.567302938310871,0.7410151543336749,0.5673029383108709
B_vs_B,shuffle_null_mean,,301.0,0.5828377385078385,0.7498370720590987,0.5828377385078385
B_vs_B,shuffle_null_mean,,302.0,0.5685421797899318,0.7428028456012115,0.5685421797899317
B_vs_B,shuffle_null_mean,,303.0,0.5629537829986481,0.7397059891174866,0.5629537829986481
B_vs_B,shuffle_null_mean,,304.0,0.5750202284032423,0.7461484170126306,0.5750202284032423
B_vs_B,shuffle_null_mean,,305.0,0.5744975922623848,0.7464218559357666,0.5744975922623848
B_vs_B,shuffle_null_mean,,306.0,0.5878901449065703,0.7559941975209005,0.5878901449065703
B_vs_B,shuffle_null_mean,,307.0,0.5895823438855015,0.7563861198909454,0.5895823438855015
B_vs_B,shuffle_null_mean,,308.0,0.5644456607226773,0.7377076755961907,0.5644456607226773
B_vs_B,shuffle_null_mean,,309.0,0.5842942617950934,0.7536153317765462,0.5842942617950933
B_vs_B,shuffle_null_mean,,310.0,0.5766454109982319,0.7490279583824735,0.5766454109982319
B_vs_B,shuffle_null_mean,,311.0,0.5801690902353327,0.750076394193434,0.5801690902353327
B_vs_B,shuffle_null_mean,,312.0,0.5753762966523441,0.746293418614191,0.5753762966523441
B_vs_B,shuffle_null_mean,,313.0,0.5729886620213847,0.7441578990028903,0.5729886620213847
B_vs_B,shuffle_null_mean,,314.0,0.5721321412208216,0.7447863150287458,0.5721321412208215
B_vs_B,shuffle_null_mean,,315.0,0.5957282978861065,0.7616332823899399,0.5957282978861065
B_vs_B,shuffle_null_mean,,316.0,0.5621385675953612,0.7383713604027481,0.5621385675953612
B_vs_B,shuffle_null_mean,,317.0,0.5877136508323,0.7550699665731017,0.5877136508323
B_vs_B,shuffle_null_mean,,318.0,0.5816126112531926,0.7529960074735105,0.5816126112531926
B_vs_B,shuffle_null_mean,,319.0,0.5831602647765171,0.7516055081970634,0.5831602647765173
B_vs_B,shuffle_null_mean,,320.0,0.5858219156241607,0.7563856681751763,0.5858219156241606
B_vs_B,shuffle_null_mean,,321.0,0.5941809927630645,0.7612197782253178,0.5941809927630645
B_vs_B,shuffle_null_mean,,322.0,0.5890386691768608,0.7583062497277819,0.5890386691768608
B_vs_B,shuffle_null_mean,,323.0,0.5999322165133907,0.7632487391080611,0.5999322165133907
B_vs_B,shuffle_null_mean,,324.0,0.5663030500414532,0.7411390412286519,0.5663030500414532
B_vs_B,shuffle_null_mean,,325.0,0.5671325578432864,0.7430678818728312,0.5671325578432864
B_vs_B,shuffle_null_mean,,326.0,0.5828629198610081,0.7540358842232691,0.5828629198610082
B_vs_B,shuffle_null_mean,,327.0,0.5702013501273917,0.7449313703489049,0.5702013501273917
B_vs_B,shuffle_null_mean,,328.0,0.5642761055260055,0.7384906802808768,0.5642761055260055
B_vs_B,shuffle_null_mean,,329.0,0.5976075944932492,0.7630155150662852,0.5976075944932492
B_vs_B,shuffle_null_mean,,330.0,0.5885521344181907,0.7566023273195247,0.5885521344181907
B_vs_B,shuffle_null_mean,,331.0,0.57093486071811,0.7446964460226185,0.57093486071811
B_vs_B,shuffle_null_mean,,332.0,0.5871845776069283,0.7569029198572299,0.5871845776069283
B_vs_B,shuffle_null_mean,,333.0,0.5941267921406899,0.7594119175550577,0.5941267921406899
B_vs_B,shuffle_null_mean,,334.0,0.5517915610230542,0.7297688328055589,0.5517915610230542
B_vs_B,shuffle_null_mean,,335.0,0.5776307512409316,0.750052912290639,0.5776307512409316
B_vs_B,shuffle_null_mean,,336.0,0.5746850871034096,0.7472480008763712,0.5746850871034095
B_vs_B,shuffle_null_mean,,337.0,0.572306782012556,0.7447357520043681,0.5723067820125559
B_vs_B,shuffle_null_mean,,338.0,0.5917173017664819,0.7584565479916405,0.5917173017664819
B_vs_B,shuffle_null_mean,,339.0,0.5645753403667093,0.7419973879830518,0.5645753403667093
B_vs_B,shuffle_null_mean,,340.0,0.5944993020982068,0.7613674738198709,0.5944993020982068
B_vs_B,shuffle_null_mean,,341.0,0.5809570594983866,0.7511611434751924,0.5809570594983866
B_vs_B,shuffle_null_mean,,342.0,0.5847428872844175,0.7545433166146165,0.5847428872844175
B_vs_B,shuffle_null_mean,,343.0,0.5873088686232099,0.7559895350437662,0.5873088686232099
B_vs_B,shuffle_null_mean,,344.0,0.5839327093255348,0.751208596297018,0.5839327093255348
B_vs_B,shuffle_null_mean,,345.0,0.5689468109805669,0.7433543175021278,0.5689468109805669
B_vs_B,shuffle_null_mean,,346.0,0.5997227601118348,0.7666809606175068,0.5997227601118348
B_vs_B,shuffle_null_mean,,347.0,0.598369509372386,0.7649691946727467,0.598369509372386
B_vs_B,shuffle_null_mean,,348.0,0.5603243796422734,0.7361599819426031,0.5603243796422734
B_vs_B,shuffle_null_mean,,349.0,0.5922447029123583,0.7574855642448364,0.5922447029123583
B_vs_B,shuffle_null_mean,,350.0,0.5881776501496588,0.7557177125289372,0.5881776501496588
B_vs_B,shuffle_null_mean,,351.0,0.5800443537603919,0.7500619112933139,0.5800443537603919
B_vs_B,shuffle_null_mean,,352.0,0.5749351675464424,0.7456384883708866,0.5749351675464424
B_vs_B,shuffle_null_mean,,353.0,0.5772459608143172,0.7490463570318923,0.5772459608143172
B_vs_B,shuffle_null_mean,,354.0,0.5880878905564682,0.756609399919965,0.5880878905564682
B_vs_B,shuffle_null_mean,,355.0,0.5807510301038686,0.7493847469864677,0.5807510301038684
B_vs_B,shuffle_null_mean,,356.0,0.5689093536302389,0.7445282713878132,0.5689093536302389
B_vs_B,shuffle_null_mean,,357.0,0.5920143589561995,0.7569764325038824,0.5920143589561995
B_vs_B,shuffle_null_mean,,358.0,0.584974591989748,0.7549686818789522,0.584974591989748
B_vs_B,shuffle_null_mean,,359.0,0.6028407228778413,0.7661012876688774,0.6028407228778413
B_vs_B,shuffle_null_mean,,360.0,0.567157884111557,0.7413292103086778,0.567157884111557
B_vs_B,shuffle_null_mean,,361.0,0.5797343403970403,0.7509040934049256,0.5797343403970403
B_vs_B,shuffle_null_mean,,362.0,0.5750369472924243,0.7456849598205998,0.5750369472924242
B_vs_B,shuffle_null_mean,,363.0,0.5621017699597133,0.7363853112744227,0.5621017699597133
B_vs_B,shuffle_null_mean,,364.0,0.573025774831407,0.7466464198236238,0.5730257748314069
B_vs_B,shuffle_null_mean,,365.0,0.5927114268345217,0.7600526633067989,0.5927114268345217
B_vs_B,shuffle_null_mean,,366.0,0.5555817069822602,0.7348282105919648,0.5555817069822602
B_vs_B,shuffle_null_mean,,367.0,0.5803950518399522,0.7497511529842049,0.5803950518399523
B_vs_B,shuffle_null_mean,,368.0,0.5992954613535659,0.7632148578593511,0.5992954613535657
B_vs_B,shuffle_null_mean,,369.0,0.5889962618603813,0.758302414948698,0.5889962618603815
B_vs_B,shuffle_null_mean,,370.0,0.5646276379235788,0.7387946122671181,0.5646276379235788
B_vs_B,shuffle_null_mean,,371.0,0.5895436473986617,0.759387318519605,0.5895436473986617
B_vs_B,shuffle_null_mean,,372.0,0.5810240744134761,0.7504193815591365,0.5810240744134763
B_vs_B,shuffle_null_mean,,373.0,0.5764605731978507,0.7491233810379686,0.5764605731978507
B_vs_B,shuffle_null_mean,,374.0,0.5662945665512797,0.7410189998227299,0.5662945665512796
B_vs_B,shuffle_null_mean,,375.0,0.5735930294740405,0.7458460641229288,0.5735930294740406
B_vs_B,shuffle_null_mean,,376.0,0.5694503433539606,0.7437738473571419,0.5694503433539605
B_vs_B,shuffle_null_mean,,377.0,0.5690456280329881,0.742483107734908,0.5690456280329881
B_vs_B,shuffle_null_mean,,378.0,0.5739616695579685,0.7442777790088141,0.5739616695579685
B_vs_B,shuffle_null_mean,,379.0,0.5673544121484826,0.741880358609035,0.5673544121484827
B_vs_B,shuffle_null_mean,,380.0,0.5711447269829112,0.7457336889349391,0.5711447269829112
B_vs_B,shuffle_null_mean,,381.0,0.5867201241338452,0.7560906018648148,0.5867201241338453
B_vs_B,shuffle_null_mean,,382.0,0.5782092210807374,0.7486497865993652,0.5782092210807374
B_vs_B,shuffle_null_mean,,383.0,0.5539155338105393,0.7325431955183845,0.5539155338105393
B_vs_B,shuffle_null_mean,,384.0,0.5737764188029093,0.7459565004642827,0.5737764188029092
B_vs_B,shuffle_null_mean,,385.0,0.5549009231259511,0.7329938092964061,0.5549009231259511
B_vs_B,shuffle_null_mean,,386.0,0.5641156338529724,0.7400595625594577,0.5641156338529723
B_vs_B,shuffle_null_mean,,387.0,0.544365474050968,0.7246087146742415,0.544365474050968
B_vs_B,shuffle_null_mean,,388.0,0.5934943151525169,0.7610070529685607,0.5934943151525169
B_vs_B,shuffle_null_mean,,389.0,0.5565681499803737,0.7358914366902639,0.5565681499803736
B_vs_B,shuffle_null_mean,,390.0,0.5610258664046075,0.7377884135291508,0.5610258664046075
B_vs_B,shuffle_null_mean,,391.0,0.5725758467734305,0.7462145485748044,0.5725758467734305
B_vs_B,shuffle_null_mean,,392.0,0.5854606265244197,0.7553619928563491,0.5854606265244195
B_vs_B,shuffle_null_mean,,393.0,0.5846612655412978,0.7527743732244959,0.5846612655412978
B_vs_B,shuffle_null_mean,,394.0,0.5822714130428578,0.7535365017135532,0.5822714130428578
B_vs_B,shuffle_null_mean,,395.0,0.5849988074754451,0.7542142083304327,0.5849988074754452
B_vs_B,shuffle_null_mean,,396.0,0.5907049695946048,0.7580461087622006,0.5907049695946048
B_vs_B,shuffle_null_mean,,397.0,0.5802723757890808,0.7497938750678028,0.5802723757890808
B_vs_B,shuffle_null_mean,,398.0,0.5719029852404967,0.7459686244228216,0.5719029852404967
B_vs_B,shuffle_null_mean,,399.0,0.5854906069019562,0.752659456732934,0.5854906069019562
B_vs_B,shuffle_null_mean,,400.0,0.5670169877732418,0.7404908973472774,0.5670169877732418
B_vs_B,shuffle_null_mean,,401.0,0.5924192541391381,0.7603879796045742,0.5924192541391382
B_vs_B,shuffle_null_mean,,402.0,0.5714473949647711,0.7458869696985712,0.5714473949647711
B_vs_B,shuffle_null_mean,,403.0,0.561890663372058,0.7381277980681975,0.561890663372058
B_vs_B,shuffle_null_mean,,404.0,0.5720749623108998,0.743860619319336,0.5720749623108998
B_vs_B,shuffle_null_mean,,405.0,0.5780132190312551,0.749445168044077,0.5780132190312551
B_vs_B,shuffle_null_mean,,406.0,0.5986800030544294,0.7640849151137965,0.5986800030544294
B_vs_B,shuffle_null_mean,,407.0,0.5565071392038263,0.7353193431173876,0.5565071392038263
B_vs_B,shuffle_null_mean,,408.0,0.5783725089181355,0.7480735165011172,0.5783725089181354
B_vs_B,shuffle_null_mean,,409.0,0.5645697364112708,0.7393752980035161,0.5645697364112708
B_vs_B,shuffle_null_mean,,410.0,0.5610754920726903,0.7376998743386507,0.5610754920726901
B_vs_B,shuffle_null_mean,,411.0,0.5831772578682303,0.7520419764595194,0.5831772578682302
B_vs_B,shuffle_null_mean,,412.0,0.5912546052252908,0.7588186941960956,0.5912546052252908
B_vs_B,shuffle_null_mean,,413.0,0.5651814706227637,0.7403185667282276,0.5651814706227637
B_vs_B,shuffle_null_mean,,414.0,0.5820117473417763,0.7518964702618816,0.5820117473417763
B_vs_B,shuffle_null_mean,,415.0,0.5955946513768752,0.7618702510512484,0.5955946513768751
B_vs_B,shuffle_null_mean,,416.0,0.5747172825255843,0.7479767254754079,0.5747172825255843
B_vs_B,shuffle_null_mean,,417.0,0.5716835680925387,0.7441558032283683,0.5716835680925387
B_vs_B,shuffle_null_mean,,418.0,0.5926182257398829,0.7582813797053538,0.5926182257398829
B_vs_B,shuffle_null_mean,,419.0,0.5682426496038323,0.742714062675663,0.5682426496038323
B_vs_B,shuffle_null_mean,,420.0,0.5944822906098364,0.7621775387099721,0.5944822906098364
B_vs_B,shuffle_null_mean,,421.0,0.5838737789867803,0.7542473846863469,0.5838737789867803
B_vs_B,shuffle_null_mean,,422.0,0.570421982946476,0.7458525648250908,0.570421982946476
B_vs_B,shuffle_null_mean,,423.0,0.5612013375610286,0.7375424880311403,0.5612013375610286
B_vs_B,shuffle_null_mean,,424.0,0.5719882404560432,0.7467130440621326,0.5719882404560432
B_vs_B,shuffle_null_mean,,425.0,0.5731262066331764,0.7453547604714049,0.5731262066331764
B_vs_B,shuffle_null_mean,,426.0,0.5430025174349067,0.7228564740598938,0.5430025174349066
B_vs_B,shuffle_null_mean,,427.0,0.5888996901684465,0.7546423044619768,0.5888996901684465
B_vs_B,shuffle_null_mean,,428.0,0.582069534773552,0.7518069985175655,0.582069534773552
B_vs_B,shuffle_null_mean,,429.0,0.5825040491730384,0.7514352763220911,0.5825040491730384
B_vs_B,shuffle_null_mean,,430.0,0.547320068068074,0.7288147031831516,0.547320068068074
B_vs_B,shuffle_null_mean,,431.0,0.5814318469954212,0.7526602356956209,0.581431846995421
B_vs_B,shuffle_null_mean,,432.0,0.5724782600590154,0.7432176468616885,0.5724782600590154
B_vs_B,shuffle_null_mean,,433.0,0.6010785691123919,0.7669020372479062,0.6010785691123919
B_vs_B,shuffle_null_mean,,434.0,0.5610806496900926,0.7374195083697097,0.5610806496900926
B_vs_B,shuffle_null_mean,,435.0,0.5832662710435861,0.7530875623377629,0.5832662710435861
B_vs_B,shuffle_null_mean,,436.0,0.5649872797158813,0.7382494967726142,0.5649872797158813
B_vs_B,shuffle_null_mean,,437.0,0.565874492818288,0.7421656987922315,0.5658744928182882
B_vs_B,shuffle_null_mean,,438.0,0.5755530851702005,0.7476276647064161,0.5755530851702005
B_vs_B,shuffle_null_mean,,439.0,0.570284495213125,0.7455177127342062,0.570284495213125
B_vs_B,shuffle_null_mean,,440.0,0.5743343332629431,0.7468011913608448,0.574334333262943
B_vs_B,shuffle_null_mean,,441.0,0.5722947332101849,0.7450959609675549,0.5722947332101849
B_vs_B,shuffle_null_mean,,442.0,0.577664522681639,0.7501875893500088,0.577664522681639
B_vs_B,shuffle_null_mean,,443.0,0.5936500647267215,0.7594469554743651,0.5936500647267215
B_vs_B,shuffle_null_mean,,444.0,0.5877937045940127,0.7568018474773959,0.5877937045940127
B_vs_B,shuffle_null_mean,,445.0,0.5628446451500746,0.7369158285595441,0.5628446451500745
B_vs_B,shuffle_null_mean,,446.0,0.556299618688283,0.731370346048978,0.556299618688283
B_vs_B,shuffle_null_mean,,447.0,0.6029194776845522,0.7640179918235396,0.6029194776845521
B_vs_B,shuffle_null_mean,,448.0,0.5970822919846249,0.7640268351987138,0.5970822919846249
B_vs_B,shuffle_null_mean,,449.0,0.560714720435408,0.7354910315290237,0.560714720435408
B_vs_B,shuffle_null_mean,,450.0,0.5734533764987185,0.7473900773291924,0.5734533764987186
B_vs_B,shuffle_null_mean,,451.0,0.5637994395139717,0.7407990771230659,0.5637994395139717
B_vs_B,shuffle_null_mean,,452.0,0.5799394893856767,0.7496164192226319,0.5799394893856767
B_vs_B,shuffle_null_mean,,453.0,0.5726090749131579,0.7452722997122598,0.5726090749131579
B_vs_B,shuffle_null_mean,,454.0,0.5752341960561899,0.746243228494958,0.5752341960561899
B_vs_B,shuffle_null_mean,,455.0,0.572697059925799,0.745140054295109,0.5726970599257991
B_vs_B,shuffle_null_mean,,456.0,0.5757526453615489,0.7487498941341585,0.5757526453615488
B_vs_B,shuffle_null_mean,,457.0,0.5806380609196139,0.751110268376429,0.5806380609196139
B_vs_B,shuffle_null_mean,,458.0,0.571565717589942,0.7444811053867856,0.571565717589942
B_vs_B,shuffle_null_mean,,459.0,0.5640961465262151,0.740670146750801,0.5640961465262151
B_vs_B,shuffle_null_mean,,460.0,0.588816883945354,0.7566160428978087,0.5888168839453539
B_vs_B,shuffle_null_mean,,461.0,0.5730194574973427,0.7436828006968073,0.5730194574973426
B_vs_B,shuffle_null_mean,,462.0,0.5898749849432259,0.7585745615524968,0.589874984943226
B_vs_B,shuffle_null_mean,,463.0,0.5866455827715422,0.7552841784220446,0.5866455827715423
B_vs_B,shuffle_null_mean,,464.0,0.5743009377191984,0.7463418268299667,0.5743009377191984
B_vs_B,shuffle_null_mean,,465.0,0.5847424167122817,0.7539162688793486,0.5847424167122817
B_vs_B,shuffle_null_mean,,466.0,0.583346492172632,0.7545986545797686,0.583346492172632
B_vs_B,shuffle_null_mean,,467.0,0.6026314205533023,0.7678010516369791,0.6026314205533023
B_vs_B,shuffle_null_mean,,468.0,0.5755975923469492,0.7489374514802236,0.5755975923469492
B_vs_B,shuffle_null_mean,,469.0,0.6121818733416176,0.7727091405388202,0.6121818733416177
B_vs_B,shuffle_null_mean,,470.0,0.5912581245295453,0.7603091204045944,0.5912581245295453
B_vs_B,shuffle_null_mean,,471.0,0.5973975864053445,0.7648212463113159,0.5973975864053445
B_vs_B,shuffle_null_mean,,472.0,0.5493233253423724,0.7283330920009765,0.5493233253423724
B_vs_B,shuffle_null_mean,,473.0,0.5712244360073342,0.7459060595156324,0.5712244360073342
B_vs_B,shuffle_null_mean,,474.0,0.5879363493447112,0.7547698591834854,0.5879363493447113
B_vs_B,shuffle_null_mean,,475.0,0.5553637914817502,0.7349646931799911,0.5553637914817502
B_vs_B,shuffle_null_mean,,476.0,0.5850883169976185,0.7533763506186688,0.5850883169976185
B_vs_B,shuffle_null_mean,,477.0,0.599166854482941,0.7647272138221192,0.599166854482941
B_vs_B,shuffle_null_mean,,478.0,0.5973575268163074,0.7628402224560802,0.5973575268163074
B_vs_B,shuffle_null_mean,,479.0,0.5845224496723375,0.7548977785996619,0.5845224496723375
B_vs_B,shuffle_null_mean,,480.0,0.5884432021011935,0.7559279813770224,0.5884432021011935
B_vs_B,shuffle_null_mean,,481.0,0.577157994581319,0.7497114602389321,0.5771579945813191
B_vs_B,shuffle_null_mean,,482.0,0.5740935890171347,0.7465261761867972,0.5740935890171347
B_vs_B,shuffle_null_mean,,483.0,0.5712952730286897,0.745931478197896,0.5712952730286895
B_vs_B,shuffle_null_mean,,484.0,0.5749982831432575,0.7459324090060722,0.5749982831432575
B_vs_B,shuffle_null_mean,,485.0,0.5577195917443875,0.736517800439017,0.5577195917443875
B_vs_B,shuffle_null_mean,,486.0,0.5870797010395858,0.7547195870731443,0.5870797010395861
B_vs_B,shuffle_null_mean,,487.0,0.564053951073103,0.7411700796608216,0.564053951073103
B_vs_B,shuffle_null_mean,,488.0,0.5673123392625137,0.743666349618041,0.5673123392625137
B_vs_B,shuffle_null_mean,,489.0,0.5782224134873883,0.7490069844372241,0.5782224134873883
B_vs_B,shuffle_null_mean,,490.0,0.5720812386154734,0.7455924185181854,0.5720812386154734
B_vs_B,shuffle_null_mean,,491.0,0.5701362528439533,0.7442088745898361,0.5701362528439533
B_vs_B,shuffle_null_mean,,492.0,0.5915638812348999,0.7605541787765091,0.5915638812348998
B_vs_B,shuffle_null_mean,,493.0,0.5671351202469506,0.74085599898328,0.5671351202469506
B_vs_B,shuffle_null_mean,,494.0,0.5612608507596819,0.7366144068255134,0.5612608507596819
B_vs_B,shuffle_null_mean,,495.0,0.566060979558454,0.7417388585860109,0.566060979558454
B_vs_B,shuffle_null_mean,,496.0,0.5878626583916746,0.7581834510481644,0.5878626583916747
B_vs_B,shuffle_null_mean,,497.0,0.5886333792782177,0.756880832338281,0.5886333792782176
B_vs_B,shuffle_null_mean,,498.0,0.5683471246917675,0.7431578684289657,0.5683471246917675
B_vs_B,shuffle_null_mean,,499.0,0.5976983664234339,0.7630135574467961,0.5976983664234339
