rat,score_type,model_run,null_sample,source_npz,procrustes_disparity,aligned_rmse,aligned_sse_over_target_ss
rat0222,real_run,0.0,,/Users/Hannah/Programming/data_eyeblink/geometry_preservation_outputs/geometry_preservation_rat0222_set0222_dim3_bins5_2026-04-29_08-40-29.npz,0.13673058960444195,0.3697709961644395,0.13673058960444193
rat0222,real_run,1.0,,/Users/Hannah/Programming/data_eyeblink/geometry_preservation_outputs/geometry_preservation_rat0222_set0222_dim3_bins5_2026-04-29_08-40-29.npz,0.14507201531903338,0.38088320430157246,0.1450720153190334
rat0222,real_run,2.0,,/Users/Hannah/Programming/data_eyeblink/geometry_preservation_outputs/geometry_preservation_rat0222_set0222_dim3_bins5_2026-04-29_08-40-29.npz,0.14330898755964694,0.3785617354668152,0.14330898755964697
rat0222,real_run,3.0,,/Users/Hannah/Programming/data_eyeblink/geometry_preservation_outputs/geometry_preservation_rat0222_set0222_dim3_bins5_2026-04-29_08-40-29.npz,0.36604310627477843,0.6050149636784025,0.36604310627477876
rat0222,real_run,4.0,,/Users/Hannah/Programming/data_eyeblink/geometry_preservation_outputs/geometry_preservation_rat0222_set0222_dim3_bins5_2026-04-29_08-40-29.npz,0.09573676029493325,0.3094135748394584,0.09573676029493314
rat0222,real_run,5.0,,/Users/Hannah/Programming/data_eyeblink/geometry_preservation_outputs/geometry_preservation_rat0222_set0222_dim3_bins5_2026-04-29_08-40-29.npz,0.4870167909324557,0.6978658831985237,0.4870167909324555
rat0222,real_run,6.0,,/Users/Hannah/Programming/data_eyeblink/geometry_preservation_outputs/geometry_preservation_rat0222_set0222_dim3_bins5_2026-04-29_08-40-29.npz,0.16589583557175783,0.4073031249226526,0.1658958355717579
rat0222,real_run,7.0,,/Users/Hannah/Programming/data_eyeblink/geometry_preservation_outputs/geometry_preservation_rat0222_set0222_dim3_bins5_2026-04-29_08-40-29.npz,0.08778176574056565,0.2962798773804352,0.08778176574056572
rat0222,real_run,8.0,,/Users/Hannah/Programming/data_eyeblink/geometry_preservation_outputs/geometry_preservation_rat0222_set0222_dim3_bins5_2026-04-29_08-40-29.npz,0.25720473992309273,0.5071535664107004,0.25720473992309273
rat0222,real_run,9.0,,/Users/Hannah/Programming/data_eyeblink/geometry_preservation_outputs/geometry_preservation_rat0222_set0222_dim3_bins5_2026-04-29_08-40-29.npz,0.09594829345781294,0.3097552153843628,0.09594829345781299
rat0222,real_run,10.0,,/Users/Hannah/Programming/data_eyeblink/geometry_preservation_outputs/geometry_preservation_rat0222_set0222_dim3_bins5_2026-04-29_08-40-29.npz,0.1113964497437859,0.33376106684840556,0.11139644974378586
rat0222,real_run,11.0,,/Users/Hannah/Programming/data_eyeblink/geometry_preservation_outputs/geometry_preservation_rat0222_set0222_dim3_bins5_2026-04-29_08-40-29.npz,0.6329102152148538,0.7955565443228118,0.6329102152148539
rat0222,real_run,12.0,,/Users/Hannah/Programming/data_eyeblink/geometry_preservation_outputs/geometry_preservation_rat0222_set0222_dim3_bins5_2026-04-29_08-40-29.npz,0.15211627370188238,0.3900208631623216,0.1521162737018824
rat0222,real_run,13.0,,/Users/Hannah/Programming/data_eyeblink/geometry_preservation_outputs/geometry_preservation_rat0222_set0222_dim3_bins5_2026-04-29_08-40-29.npz,0.2149339961486038,0.4636097455280722,0.2149339961486038
rat0222,real_run,14.0,,/Users/Hannah/Programming/data_eyeblink/geometry_preservation_outputs/geometry_preservation_rat0222_set0222_dim3_bins5_2026-04-29_08-40-29.npz,0.36322209478238565,0.6026790976816647,0.36322209478238554
rat0222,real_run,15.0,,/Users/Hannah/Programming/data_eyeblink/geometry_preservation_outputs/geometry_preservation_rat0222_set0222_dim3_bins5_2026-04-29_08-40-29.npz,0.4035026903109996,0.6352186161558867,0.4035026903109998
rat0222,real_run,16.0,,/Users/Hannah/Programming/data_eyeblink/geometry_preservation_outputs/geometry_preservation_rat0222_set0222_dim3_bins5_2026-04-29_08-40-29.npz,0.14685863154126497,0.38322138711359127,0.14685863154126494
rat0222,real_run,17.0,,/Users/Hannah/Programming/data_eyeblink/geometry_preservation_outputs/geometry_preservation_rat0222_set0222_dim3_bins5_2026-04-29_08-40-29.npz,0.3157935608510016,0.5619551235205543,0.3157935608510015
rat0222,real_run,18.0,,/Users/Hannah/Programming/data_eyeblink/geometry_preservation_outputs/geometry_preservation_rat0222_set0222_dim3_bins5_2026-04-29_08-40-29.npz,0.14393549971467712,0.3793883231132414,0.14393549971467723
rat0222,real_run,19.0,,/Users/Hannah/Programming/data_eyeblink/geometry_preservation_outputs/geometry_preservation_rat0222_set0222_dim3_bins5_2026-04-29_08-40-29.npz,0.33922646781395216,0.5824315134107633,0.33922646781395216
rat0222,shuffle_null_mean,,0.0,/Users/Hannah/Programming/data_eyeblink/geometry_preservation_outputs/geometry_preservation_rat0222_set0222_dim3_bins5_2026-04-29_08-40-29.npz,0.5134990989623087,0.7043030025824758,0.5134990989623087
rat0222,shuffle_null_mean,,1.0,/Users/Hannah/Programming/data_eyeblink/geometry_preservation_outputs/geometry_preservation_rat0222_set0222_dim3_bins5_2026-04-29_08-40-29.npz,0.5714548033849516,0.7456135382907683,0.5714548033849516
rat0222,shuffle_null_mean,,2.0,/Users/Hannah/Programming/data_eyeblink/geometry_preservation_outputs/geometry_preservation_rat0222_set0222_dim3_bins5_2026-04-29_08-40-29.npz,0.5489739543571007,0.7345854807329324,0.5489739543571007
rat0222,shuffle_null_mean,,3.0,/Users/Hannah/Programming/data_eyeblink/geometry_preservation_outputs/geometry_preservation_rat0222_set0222_dim3_bins5_2026-04-29_08-40-29.npz,0.5238251095951003,0.7176722238388864,0.5238251095951003
rat0222,shuffle_null_mean,,4.0,/Users/Hannah/Programming/data_eyeblink/geometry_preservation_outputs/geometry_preservation_rat0222_set0222_dim3_bins5_2026-04-29_08-40-29.npz,0.5514518797083021,0.7370863105621112,0.551451879708302
rat0222,shuffle_null_mean,,5.0,/Users/Hannah/Programming/data_eyeblink/geometry_preservation_outputs/geometry_preservation_rat0222_set0222_dim3_bins5_2026-04-29_08-40-29.npz,0.5622891697255914,0.7447181945893835,0.5622891697255914
rat0222,shuffle_null_mean,,6.0,/Users/Hannah/Programming/data_eyeblink/geometry_preservation_outputs/geometry_preservation_rat0222_set0222_dim3_bins5_2026-04-29_08-40-29.npz,0.5525409549402756,0.7377331288053149,0.5525409549402754
rat0222,shuffle_null_mean,,7.0,/Users/Hannah/Programming/data_eyeblink/geometry_preservation_outputs/geometry_preservation_rat0222_set0222_dim3_bins5_2026-04-29_08-40-29.npz,0.5229634232615523,0.7111917824004106,0.5229634232615523
rat0222,shuffle_null_mean,,8.0,/Users/Hannah/Programming/data_eyeblink/geometry_preservation_outputs/geometry_preservation_rat0222_set0222_dim3_bins5_2026-04-29_08-40-29.npz,0.5250726189538657,0.7175430098587905,0.5250726189538657
rat0222,shuffle_null_mean,,9.0,/Users/Hannah/Programming/data_eyeblink/geometry_preservation_outputs/geometry_preservation_rat0222_set0222_dim3_bins5_2026-04-29_08-40-29.npz,0.46911743096475994,0.6766370972190183,0.46911743096476
rat0222,shuffle_null_mean,,10.0,/Users/Hannah/Programming/data_eyeblink/geometry_preservation_outputs/geometry_preservation_rat0222_set0222_dim3_bins5_2026-04-29_08-40-29.npz,0.5382069090800659,0.7295404615958885,0.5382069090800661
rat0222,shuffle_null_mean,,11.0,/Users/Hannah/Programming/data_eyeblink/geometry_preservation_outputs/geometry_preservation_rat0222_set0222_dim3_bins5_2026-04-29_08-40-29.npz,0.47166824611250224,0.6783822375942896,0.47166824611250224
rat0222,shuffle_null_mean,,12.0,/Users/Hannah/Programming/data_eyeblink/geometry_preservation_outputs/geometry_preservation_rat0222_set0222_dim3_bins5_2026-04-29_08-40-29.npz,0.5852601789724059,0.7554588361265783,0.5852601789724061
rat0222,shuffle_null_mean,,13.0,/Users/Hannah/Programming/data_eyeblink/geometry_preservation_outputs/geometry_preservation_rat0222_set0222_dim3_bins5_2026-04-29_08-40-29.npz,0.5042071678849616,0.7051600011872845,0.5042071678849614
rat0222,shuffle_null_mean,,14.0,/Users/Hannah/Programming/data_eyeblink/geometry_preservation_outputs/geometry_preservation_rat0222_set0222_dim3_bins5_2026-04-29_08-40-29.npz,0.558159430831367,0.7433274360203763,0.558159430831367
rat0222,shuffle_null_mean,,15.0,/Users/Hannah/Programming/data_eyeblink/geometry_preservation_outputs/geometry_preservation_rat0222_set0222_dim3_bins5_2026-04-29_08-40-29.npz,0.5452338298026873,0.7237278083063121,0.5452338298026872
rat0222,shuffle_null_mean,,16.0,/Users/Hannah/Programming/data_eyeblink/geometry_preservation_outputs/geometry_preservation_rat0222_set0222_dim3_bins5_2026-04-29_08-40-29.npz,0.5644591964965959,0.7423527283095465,0.5644591964965959
rat0222,shuffle_null_mean,,17.0,/Users/Hannah/Programming/data_eyeblink/geometry_preservation_outputs/geometry_preservation_rat0222_set0222_dim3_bins5_2026-04-29_08-40-29.npz,0.548378101584891,0.7345729346816985,0.5483781015848909
rat0222,shuffle_null_mean,,18.0,/Users/Hannah/Programming/data_eyeblink/geometry_preservation_outputs/geometry_preservation_rat0222_set0222_dim3_bins5_2026-04-29_08-40-29.npz,0.5163778727360195,0.7068249008961025,0.5163778727360195
rat0222,shuffle_null_mean,,19.0,/Users/Hannah/Programming/data_eyeblink/geometry_preservation_outputs/geometry_preservation_rat0222_set0222_dim3_bins5_2026-04-29_08-40-29.npz,0.471135870403718,0.6785953202246927,0.47113587040371796
rat0222,shuffle_null_mean,,20.0,/Users/Hannah/Programming/data_eyeblink/geometry_preservation_outputs/geometry_preservation_rat0222_set0222_dim3_bins5_2026-04-29_08-40-29.npz,0.5052438413385809,0.705451846355506,0.5052438413385808
rat0222,shuffle_null_mean,,21.0,/Users/Hannah/Programming/data_eyeblink/geometry_preservation_outputs/geometry_preservation_rat0222_set0222_dim3_bins5_2026-04-29_08-40-29.npz,0.5388391708517343,0.7261657909770787,0.5388391708517343
rat0222,shuffle_null_mean,,22.0,/Users/Hannah/Programming/data_eyeblink/geometry_preservation_outputs/geometry_preservation_rat0222_set0222_dim3_bins5_2026-04-29_08-40-29.npz,0.5399115831848721,0.7269868049465211,0.5399115831848721
rat0222,shuffle_null_mean,,23.0,/Users/Hannah/Programming/data_eyeblink/geometry_preservation_outputs/geometry_preservation_rat0222_set0222_dim3_bins5_2026-04-29_08-40-29.npz,0.45146067653255795,0.6560295757046563,0.45146067653255795
rat0222,shuffle_null_mean,,24.0,/Users/Hannah/Programming/data_eyeblink/geometry_preservation_outputs/geometry_preservation_rat0222_set0222_dim3_bins5_2026-04-29_08-40-29.npz,0.6032374446978771,0.7629627391823915,0.6032374446978771
rat0222,shuffle_null_mean,,25.0,/Users/Hannah/Programming/data_eyeblink/geometry_preservation_outputs/geometry_preservation_rat0222_set0222_dim3_bins5_2026-04-29_08-40-29.npz,0.5478694493382845,0.7344191570576906,0.5478694493382845
rat0222,shuffle_null_mean,,26.0,/Users/Hannah/Programming/data_eyeblink/geometry_preservation_outputs/geometry_preservation_rat0222_set0222_dim3_bins5_2026-04-29_08-40-29.npz,0.5182816956344929,0.7047826211869208,0.5182816956344929
rat0222,shuffle_null_mean,,27.0,/Users/Hannah/Programming/data_eyeblink/geometry_preservation_outputs/geometry_preservation_rat0222_set0222_dim3_bins5_2026-04-29_08-40-29.npz,0.5587328495622254,0.7408217796698578,0.5587328495622256
rat0222,shuffle_null_mean,,28.0,/Users/Hannah/Programming/data_eyeblink/geometry_preservation_outputs/geometry_preservation_rat0222_set0222_dim3_bins5_2026-04-29_08-40-29.npz,0.4924255389601416,0.6952994633347551,0.49242553896014163
rat0222,shuffle_null_mean,,29.0,/Users/Hannah/Programming/data_eyeblink/geometry_preservation_outputs/geometry_preservation_rat0222_set0222_dim3_bins5_2026-04-29_08-40-29.npz,0.5512292173440427,0.7307054771490813,0.5512292173440427
rat0222,shuffle_null_mean,,30.0,/Users/Hannah/Programming/data_eyeblink/geometry_preservation_outputs/geometry_preservation_rat0222_set0222_dim3_bins5_2026-04-29_08-40-29.npz,0.6054975804214899,0.7691772163432739,0.6054975804214899
rat0222,shuffle_null_mean,,31.0,/Users/Hannah/Programming/data_eyeblink/geometry_preservation_outputs/geometry_preservation_rat0222_set0222_dim3_bins5_2026-04-29_08-40-29.npz,0.5134592437305455,0.7129403171850132,0.5134592437305454
rat0222,shuffle_null_mean,,32.0,/Users/Hannah/Programming/data_eyeblink/geometry_preservation_outputs/geometry_preservation_rat0222_set0222_dim3_bins5_2026-04-29_08-40-29.npz,0.5142544787023974,0.7100549530398356,0.5142544787023973
rat0222,shuffle_null_mean,,33.0,/Users/Hannah/Programming/data_eyeblink/geometry_preservation_outputs/geometry_preservation_rat0222_set0222_dim3_bins5_2026-04-29_08-40-29.npz,0.572795456121924,0.745872403644977,0.5727954561219238
rat0222,shuffle_null_mean,,34.0,/Users/Hannah/Programming/data_eyeblink/geometry_preservation_outputs/geometry_preservation_rat0222_set0222_dim3_bins5_2026-04-29_08-40-29.npz,0.5424586497842426,0.7292416223038578,0.5424586497842426
rat0222,shuffle_null_mean,,35.0,/Users/Hannah/Programming/data_eyeblink/geometry_preservation_outputs/geometry_preservation_rat0222_set0222_dim3_bins5_2026-04-29_08-40-29.npz,0.5625099606745924,0.7413644620705169,0.5625099606745922
rat0222,shuffle_null_mean,,36.0,/Users/Hannah/Programming/data_eyeblink/geometry_preservation_outputs/geometry_preservation_rat0222_set0222_dim3_bins5_2026-04-29_08-40-29.npz,0.5938053240388856,0.7643239071895482,0.5938053240388856
rat0222,shuffle_null_mean,,37.0,/Users/Hannah/Programming/data_eyeblink/geometry_preservation_outputs/geometry_preservation_rat0222_set0222_dim3_bins5_2026-04-29_08-40-29.npz,0.5394265948787803,0.7261101671786169,0.5394265948787804
rat0222,shuffle_null_mean,,38.0,/Users/Hannah/Programming/data_eyeblink/geometry_preservation_outputs/geometry_preservation_rat0222_set0222_dim3_bins5_2026-04-29_08-40-29.npz,0.5621304136399015,0.7398833005407163,0.5621304136399015
rat0222,shuffle_null_mean,,39.0,/Users/Hannah/Programming/data_eyeblink/geometry_preservation_outputs/geometry_preservation_rat0222_set0222_dim3_bins5_2026-04-29_08-40-29.npz,0.6225397709228558,0.7816050609121993,0.6225397709228557
rat0222,shuffle_null_mean,,40.0,/Users/Hannah/Programming/data_eyeblink/geometry_preservation_outputs/geometry_preservation_rat0222_set0222_dim3_bins5_2026-04-29_08-40-29.npz,0.5280809737706255,0.7173577471079963,0.5280809737706255
rat0222,shuffle_null_mean,,41.0,/Users/Hannah/Programming/data_eyeblink/geometry_preservation_outputs/geometry_preservation_rat0222_set0222_dim3_bins5_2026-04-29_08-40-29.npz,0.5588919291242541,0.7363307463256206,0.5588919291242541
rat0222,shuffle_null_mean,,42.0,/Users/Hannah/Programming/data_eyeblink/geometry_preservation_outputs/geometry_preservation_rat0222_set0222_dim3_bins5_2026-04-29_08-40-29.npz,0.4729513016495292,0.6781060364026951,0.4729513016495292
rat0222,shuffle_null_mean,,43.0,/Users/Hannah/Programming/data_eyeblink/geometry_preservation_outputs/geometry_preservation_rat0222_set0222_dim3_bins5_2026-04-29_08-40-29.npz,0.5550527279026223,0.7331709739171668,0.5550527279026223
rat0222,shuffle_null_mean,,44.0,/Users/Hannah/Programming/data_eyeblink/geometry_preservation_outputs/geometry_preservation_rat0222_set0222_dim3_bins5_2026-04-29_08-40-29.npz,0.5497315537912976,0.7254659383401199,0.5497315537912976
rat0222,shuffle_null_mean,,45.0,/Users/Hannah/Programming/data_eyeblink/geometry_preservation_outputs/geometry_preservation_rat0222_set0222_dim3_bins5_2026-04-29_08-40-29.npz,0.5655817525081769,0.7426622952600439,0.5655817525081769
rat0222,shuffle_null_mean,,46.0,/Users/Hannah/Programming/data_eyeblink/geometry_preservation_outputs/geometry_preservation_rat0222_set0222_dim3_bins5_2026-04-29_08-40-29.npz,0.5526488759724265,0.7315539532879503,0.5526488759724265
rat0222,shuffle_null_mean,,47.0,/Users/Hannah/Programming/data_eyeblink/geometry_preservation_outputs/geometry_preservation_rat0222_set0222_dim3_bins5_2026-04-29_08-40-29.npz,0.5763623132649971,0.7551634549513961,0.5763623132649969
rat0222,shuffle_null_mean,,48.0,/Users/Hannah/Programming/data_eyeblink/geometry_preservation_outputs/geometry_preservation_rat0222_set0222_dim3_bins5_2026-04-29_08-40-29.npz,0.5181843805582128,0.7100579768826656,0.5181843805582127
rat0222,shuffle_null_mean,,49.0,/Users/Hannah/Programming/data_eyeblink/geometry_preservation_outputs/geometry_preservation_rat0222_set0222_dim3_bins5_2026-04-29_08-40-29.npz,0.535993650812039,0.7258277115689109,0.535993650812039
rat0222,shuffle_null_mean,,50.0,/Users/Hannah/Programming/data_eyeblink/geometry_preservation_outputs/geometry_preservation_rat0222_set0222_dim3_bins5_2026-04-29_08-40-29.npz,0.554704883375777,0.7372976430910336,0.5547048833757768
rat0222,shuffle_null_mean,,51.0,/Users/Hannah/Programming/data_eyeblink/geometry_preservation_outputs/geometry_preservation_rat0222_set0222_dim3_bins5_2026-04-29_08-40-29.npz,0.5066235821055318,0.6957423455924706,0.5066235821055318
rat0222,shuffle_null_mean,,52.0,/Users/Hannah/Programming/data_eyeblink/geometry_preservation_outputs/geometry_preservation_rat0222_set0222_dim3_bins5_2026-04-29_08-40-29.npz,0.5288599098244345,0.7215412526358369,0.5288599098244344
rat0222,shuffle_null_mean,,53.0,/Users/Hannah/Programming/data_eyeblink/geometry_preservation_outputs/geometry_preservation_rat0222_set0222_dim3_bins5_2026-04-29_08-40-29.npz,0.4947664143080054,0.6918835399216606,0.4947664143080054
rat0222,shuffle_null_mean,,54.0,/Users/Hannah/Programming/data_eyeblink/geometry_preservation_outputs/geometry_preservation_rat0222_set0222_dim3_bins5_2026-04-29_08-40-29.npz,0.5280665165639249,0.7164288015616836,0.5280665165639249
rat0222,shuffle_null_mean,,55.0,/Users/Hannah/Programming/data_eyeblink/geometry_preservation_outputs/geometry_preservation_rat0222_set0222_dim3_bins5_2026-04-29_08-40-29.npz,0.5573505477721027,0.738636063649335,0.5573505477721026
rat0222,shuffle_null_mean,,56.0,/Users/Hannah/Programming/data_eyeblink/geometry_preservation_outputs/geometry_preservation_rat0222_set0222_dim3_bins5_2026-04-29_08-40-29.npz,0.4988363539587767,0.6928117946740693,0.4988363539587768
rat0222,shuffle_null_mean,,57.0,/Users/Hannah/Programming/data_eyeblink/geometry_preservation_outputs/geometry_preservation_rat0222_set0222_dim3_bins5_2026-04-29_08-40-29.npz,0.5406520603863285,0.7301415148353508,0.5406520603863285
rat0222,shuffle_null_mean,,58.0,/Users/Hannah/Programming/data_eyeblink/geometry_preservation_outputs/geometry_preservation_rat0222_set0222_dim3_bins5_2026-04-29_08-40-29.npz,0.47818109035451545,0.6833241501594585,0.47818109035451545
rat0222,shuffle_null_mean,,59.0,/Users/Hannah/Programming/data_eyeblink/geometry_preservation_outputs/geometry_preservation_rat0222_set0222_dim3_bins5_2026-04-29_08-40-29.npz,0.5753343485451984,0.747942974236604,0.5753343485451983
rat0222,shuffle_null_mean,,60.0,/Users/Hannah/Programming/data_eyeblink/geometry_preservation_outputs/geometry_preservation_rat0222_set0222_dim3_bins5_2026-04-29_08-40-29.npz,0.5552848357654976,0.7350268422579727,0.5552848357654976
rat0222,shuffle_null_mean,,61.0,/Users/Hannah/Programming/data_eyeblink/geometry_preservation_outputs/geometry_preservation_rat0222_set0222_dim3_bins5_2026-04-29_08-40-29.npz,0.5222783649458048,0.716756847938802,0.5222783649458048
rat0222,shuffle_null_mean,,62.0,/Users/Hannah/Programming/data_eyeblink/geometry_preservation_outputs/geometry_preservation_rat0222_set0222_dim3_bins5_2026-04-29_08-40-29.npz,0.5847651775374133,0.753079928789021,0.5847651775374133
rat0222,shuffle_null_mean,,63.0,/Users/Hannah/Programming/data_eyeblink/geometry_preservation_outputs/geometry_preservation_rat0222_set0222_dim3_bins5_2026-04-29_08-40-29.npz,0.48833692910056997,0.6866350685920951,0.48833692910057
rat0222,shuffle_null_mean,,64.0,/Users/Hannah/Programming/data_eyeblink/geometry_preservation_outputs/geometry_preservation_rat0222_set0222_dim3_bins5_2026-04-29_08-40-29.npz,0.5261393175877929,0.7176306866292075,0.526139317587793
rat0222,shuffle_null_mean,,65.0,/Users/Hannah/Programming/data_eyeblink/geometry_preservation_outputs/geometry_preservation_rat0222_set0222_dim3_bins5_2026-04-29_08-40-29.npz,0.5622704947254279,0.7391166996372704,0.5622704947254279
rat0222,shuffle_null_mean,,66.0,/Users/Hannah/Programming/data_eyeblink/geometry_preservation_outputs/geometry_preservation_rat0222_set0222_dim3_bins5_2026-04-29_08-40-29.npz,0.45804508919227177,0.6681960451766831,0.45804508919227177
rat0222,shuffle_null_mean,,67.0,/Users/Hannah/Programming/data_eyeblink/geometry_preservation_outputs/geometry_preservation_rat0222_set0222_dim3_bins5_2026-04-29_08-40-29.npz,0.5036343532832545,0.7021681079858041,0.5036343532832545
rat0222,shuffle_null_mean,,68.0,/Users/Hannah/Programming/data_eyeblink/geometry_preservation_outputs/geometry_preservation_rat0222_set0222_dim3_bins5_2026-04-29_08-40-29.npz,0.565347502324077,0.7437476860170313,0.565347502324077
rat0222,shuffle_null_mean,,69.0,/Users/Hannah/Programming/data_eyeblink/geometry_preservation_outputs/geometry_preservation_rat0222_set0222_dim3_bins5_2026-04-29_08-40-29.npz,0.5055185708718788,0.7030613596053966,0.5055185708718788
rat0222,shuffle_null_mean,,70.0,/Users/Hannah/Programming/data_eyeblink/geometry_preservation_outputs/geometry_preservation_rat0222_set0222_dim3_bins5_2026-04-29_08-40-29.npz,0.5039339434121707,0.7005361289040672,0.5039339434121707
rat0222,shuffle_null_mean,,71.0,/Users/Hannah/Programming/data_eyeblink/geometry_preservation_outputs/geometry_preservation_rat0222_set0222_dim3_bins5_2026-04-29_08-40-29.npz,0.5203267962283584,0.7026487968194671,0.5203267962283584
rat0222,shuffle_null_mean,,72.0,/Users/Hannah/Programming/data_eyeblink/geometry_preservation_outputs/geometry_preservation_rat0222_set0222_dim3_bins5_2026-04-29_08-40-29.npz,0.5259699441793073,0.707037193007359,0.5259699441793074
rat0222,shuffle_null_mean,,73.0,/Users/Hannah/Programming/data_eyeblink/geometry_preservation_outputs/geometry_preservation_rat0222_set0222_dim3_bins5_2026-04-29_08-40-29.npz,0.6089374182585053,0.7734841411835001,0.6089374182585053
rat0222,shuffle_null_mean,,74.0,/Users/Hannah/Programming/data_eyeblink/geometry_preservation_outputs/geometry_preservation_rat0222_set0222_dim3_bins5_2026-04-29_08-40-29.npz,0.5461825815899573,0.7310922601694412,0.5461825815899573
rat0222,shuffle_null_mean,,75.0,/Users/Hannah/Programming/data_eyeblink/geometry_preservation_outputs/geometry_preservation_rat0222_set0222_dim3_bins5_2026-04-29_08-40-29.npz,0.5262929138990421,0.7172831563211501,0.5262929138990421
rat0222,shuffle_null_mean,,76.0,/Users/Hannah/Programming/data_eyeblink/geometry_preservation_outputs/geometry_preservation_rat0222_set0222_dim3_bins5_2026-04-29_08-40-29.npz,0.48878071315853483,0.6880007344567585,0.48878071315853483
rat0222,shuffle_null_mean,,77.0,/Users/Hannah/Programming/data_eyeblink/geometry_preservation_outputs/geometry_preservation_rat0222_set0222_dim3_bins5_2026-04-29_08-40-29.npz,0.5147703610132391,0.7053334874406335,0.514770361013239
rat0222,shuffle_null_mean,,78.0,/Users/Hannah/Programming/data_eyeblink/geometry_preservation_outputs/geometry_preservation_rat0222_set0222_dim3_bins5_2026-04-29_08-40-29.npz,0.5376761145201564,0.72707051159904,0.5376761145201564
rat0222,shuffle_null_mean,,79.0,/Users/Hannah/Programming/data_eyeblink/geometry_preservation_outputs/geometry_preservation_rat0222_set0222_dim3_bins5_2026-04-29_08-40-29.npz,0.5303710603517722,0.7231531136477874,0.5303710603517722
rat0222,shuffle_null_mean,,80.0,/Users/Hannah/Programming/data_eyeblink/geometry_preservation_outputs/geometry_preservation_rat0222_set0222_dim3_bins5_2026-04-29_08-40-29.npz,0.49462269940033393,0.6913862992802197,0.4946226994003339
rat0222,shuffle_null_mean,,81.0,/Users/Hannah/Programming/data_eyeblink/geometry_preservation_outputs/geometry_preservation_rat0222_set0222_dim3_bins5_2026-04-29_08-40-29.npz,0.4546101469655165,0.6599368191355607,0.4546101469655164
rat0222,shuffle_null_mean,,82.0,/Users/Hannah/Programming/data_eyeblink/geometry_preservation_outputs/geometry_preservation_rat0222_set0222_dim3_bins5_2026-04-29_08-40-29.npz,0.5441289319888368,0.7297642661111803,0.5441289319888367
rat0222,shuffle_null_mean,,83.0,/Users/Hannah/Programming/data_eyeblink/geometry_preservation_outputs/geometry_preservation_rat0222_set0222_dim3_bins5_2026-04-29_08-40-29.npz,0.610721592874395,0.7720944325361365,0.610721592874395
rat0222,shuffle_null_mean,,84.0,/Users/Hannah/Programming/data_eyeblink/geometry_preservation_outputs/geometry_preservation_rat0222_set0222_dim3_bins5_2026-04-29_08-40-29.npz,0.5353949058214899,0.7271062167986463,0.5353949058214897
rat0222,shuffle_null_mean,,85.0,/Users/Hannah/Programming/data_eyeblink/geometry_preservation_outputs/geometry_preservation_rat0222_set0222_dim3_bins5_2026-04-29_08-40-29.npz,0.4896909579968306,0.681057748097736,0.4896909579968306
rat0222,shuffle_null_mean,,86.0,/Users/Hannah/Programming/data_eyeblink/geometry_preservation_outputs/geometry_preservation_rat0222_set0222_dim3_bins5_2026-04-29_08-40-29.npz,0.5290699136348491,0.7194239664553427,0.5290699136348489
rat0222,shuffle_null_mean,,87.0,/Users/Hannah/Programming/data_eyeblink/geometry_preservation_outputs/geometry_preservation_rat0222_set0222_dim3_bins5_2026-04-29_08-40-29.npz,0.5321747557057551,0.7229196341196252,0.5321747557057551
rat0222,shuffle_null_mean,,88.0,/Users/Hannah/Programming/data_eyeblink/geometry_preservation_outputs/geometry_preservation_rat0222_set0222_dim3_bins5_2026-04-29_08-40-29.npz,0.5295105067204899,0.7133654223921603,0.5295105067204899
rat0222,shuffle_null_mean,,89.0,/Users/Hannah/Programming/data_eyeblink/geometry_preservation_outputs/geometry_preservation_rat0222_set0222_dim3_bins5_2026-04-29_08-40-29.npz,0.5353823562888205,0.7194129285051747,0.5353823562888206
rat0222,shuffle_null_mean,,90.0,/Users/Hannah/Programming/data_eyeblink/geometry_preservation_outputs/geometry_preservation_rat0222_set0222_dim3_bins5_2026-04-29_08-40-29.npz,0.5162379238037085,0.7118502776280874,0.5162379238037085
rat0222,shuffle_null_mean,,91.0,/Users/Hannah/Programming/data_eyeblink/geometry_preservation_outputs/geometry_preservation_rat0222_set0222_dim3_bins5_2026-04-29_08-40-29.npz,0.49119264192468376,0.690589346277431,0.49119264192468376
rat0222,shuffle_null_mean,,92.0,/Users/Hannah/Programming/data_eyeblink/geometry_preservation_outputs/geometry_preservation_rat0222_set0222_dim3_bins5_2026-04-29_08-40-29.npz,0.5259198816626233,0.7182306330185916,0.5259198816626233
rat0222,shuffle_null_mean,,93.0,/Users/Hannah/Programming/data_eyeblink/geometry_preservation_outputs/geometry_preservation_rat0222_set0222_dim3_bins5_2026-04-29_08-40-29.npz,0.5116640665769966,0.7042257667298217,0.5116640665769966
rat0222,shuffle_null_mean,,94.0,/Users/Hannah/Programming/data_eyeblink/geometry_preservation_outputs/geometry_preservation_rat0222_set0222_dim3_bins5_2026-04-29_08-40-29.npz,0.538140545175701,0.7262856503931212,0.538140545175701
rat0222,shuffle_null_mean,,95.0,/Users/Hannah/Programming/data_eyeblink/geometry_preservation_outputs/geometry_preservation_rat0222_set0222_dim3_bins5_2026-04-29_08-40-29.npz,0.4780614473216839,0.6823907284248618,0.4780614473216839
rat0222,shuffle_null_mean,,96.0,/Users/Hannah/Programming/data_eyeblink/geometry_preservation_outputs/geometry_preservation_rat0222_set0222_dim3_bins5_2026-04-29_08-40-29.npz,0.5722380053991128,0.7434021332504217,0.5722380053991128
rat0222,shuffle_null_mean,,97.0,/Users/Hannah/Programming/data_eyeblink/geometry_preservation_outputs/geometry_preservation_rat0222_set0222_dim3_bins5_2026-04-29_08-40-29.npz,0.5512739213307803,0.7351769742699615,0.5512739213307803
rat0222,shuffle_null_mean,,98.0,/Users/Hannah/Programming/data_eyeblink/geometry_preservation_outputs/geometry_preservation_rat0222_set0222_dim3_bins5_2026-04-29_08-40-29.npz,0.5873175550579136,0.7602581539501955,0.5873175550579135
rat0222,shuffle_null_mean,,99.0,/Users/Hannah/Programming/data_eyeblink/geometry_preservation_outputs/geometry_preservation_rat0222_set0222_dim3_bins5_2026-04-29_08-40-29.npz,0.5069182112410164,0.7032265544832588,0.5069182112410162
rat0222,shuffle_null_mean,,100.0,/Users/Hannah/Programming/data_eyeblink/geometry_preservation_outputs/geometry_preservation_rat0222_set0222_dim3_bins5_2026-04-29_08-40-29.npz,0.5286253702737175,0.71867360018953,0.5286253702737176
rat0222,shuffle_null_mean,,101.0,/Users/Hannah/Programming/data_eyeblink/geometry_preservation_outputs/geometry_preservation_rat0222_set0222_dim3_bins5_2026-04-29_08-40-29.npz,0.49935529486034885,0.6971964898043187,0.49935529486034885
rat0222,shuffle_null_mean,,102.0,/Users/Hannah/Programming/data_eyeblink/geometry_preservation_outputs/geometry_preservation_rat0222_set0222_dim3_bins5_2026-04-29_08-40-29.npz,0.4813928910625053,0.6857485547148421,0.4813928910625053
rat0222,shuffle_null_mean,,103.0,/Users/Hannah/Programming/data_eyeblink/geometry_preservation_outputs/geometry_preservation_rat0222_set0222_dim3_bins5_2026-04-29_08-40-29.npz,0.5507226264147119,0.7346820533391629,0.5507226264147119
rat0222,shuffle_null_mean,,104.0,/Users/Hannah/Programming/data_eyeblink/geometry_preservation_outputs/geometry_preservation_rat0222_set0222_dim3_bins5_2026-04-29_08-40-29.npz,0.48129828346804404,0.6844295888262166,0.48129828346804404
rat0222,shuffle_null_mean,,105.0,/Users/Hannah/Programming/data_eyeblink/geometry_preservation_outputs/geometry_preservation_rat0222_set0222_dim3_bins5_2026-04-29_08-40-29.npz,0.5605469067185714,0.7433963974709864,0.5605469067185714
rat0222,shuffle_null_mean,,106.0,/Users/Hannah/Programming/data_eyeblink/geometry_preservation_outputs/geometry_preservation_rat0222_set0222_dim3_bins5_2026-04-29_08-40-29.npz,0.5673516532750652,0.7436638938969096,0.5673516532750652
rat0222,shuffle_null_mean,,107.0,/Users/Hannah/Programming/data_eyeblink/geometry_preservation_outputs/geometry_preservation_rat0222_set0222_dim3_bins5_2026-04-29_08-40-29.npz,0.5529576119740602,0.7343524656257487,0.5529576119740602
rat0222,shuffle_null_mean,,108.0,/Users/Hannah/Programming/data_eyeblink/geometry_preservation_outputs/geometry_preservation_rat0222_set0222_dim3_bins5_2026-04-29_08-40-29.npz,0.5434314872094568,0.7244557104413384,0.5434314872094567
rat0222,shuffle_null_mean,,109.0,/Users/Hannah/Programming/data_eyeblink/geometry_preservation_outputs/geometry_preservation_rat0222_set0222_dim3_bins5_2026-04-29_08-40-29.npz,0.49780794597106626,0.699517344004272,0.49780794597106615
rat0222,shuffle_null_mean,,110.0,/Users/Hannah/Programming/data_eyeblink/geometry_preservation_outputs/geometry_preservation_rat0222_set0222_dim3_bins5_2026-04-29_08-40-29.npz,0.5371458986936151,0.7229085573572467,0.5371458986936151
rat0222,shuffle_null_mean,,111.0,/Users/Hannah/Programming/data_eyeblink/geometry_preservation_outputs/geometry_preservation_rat0222_set0222_dim3_bins5_2026-04-29_08-40-29.npz,0.5301177488823176,0.7238220717939405,0.5301177488823174
rat0222,shuffle_null_mean,,112.0,/Users/Hannah/Programming/data_eyeblink/geometry_preservation_outputs/geometry_preservation_rat0222_set0222_dim3_bins5_2026-04-29_08-40-29.npz,0.5550742566588884,0.7383284112197157,0.5550742566588885
rat0222,shuffle_null_mean,,113.0,/Users/Hannah/Programming/data_eyeblink/geometry_preservation_outputs/geometry_preservation_rat0222_set0222_dim3_bins5_2026-04-29_08-40-29.npz,0.5826337463764742,0.7555767125955867,0.5826337463764742
rat0222,shuffle_null_mean,,114.0,/Users/Hannah/Programming/data_eyeblink/geometry_preservation_outputs/geometry_preservation_rat0222_set0222_dim3_bins5_2026-04-29_08-40-29.npz,0.6026534235029917,0.7603249108464287,0.6026534235029917
rat0222,shuffle_null_mean,,115.0,/Users/Hannah/Programming/data_eyeblink/geometry_preservation_outputs/geometry_preservation_rat0222_set0222_dim3_bins5_2026-04-29_08-40-29.npz,0.5280005925802937,0.715246138062876,0.5280005925802936
rat0222,shuffle_null_mean,,116.0,/Users/Hannah/Programming/data_eyeblink/geometry_preservation_outputs/geometry_preservation_rat0222_set0222_dim3_bins5_2026-04-29_08-40-29.npz,0.5459735933263167,0.7303615028457074,0.5459735933263163
rat0222,shuffle_null_mean,,117.0,/Users/Hannah/Programming/data_eyeblink/geometry_preservation_outputs/geometry_preservation_rat0222_set0222_dim3_bins5_2026-04-29_08-40-29.npz,0.5605200132989637,0.734015467015362,0.5605200132989637
rat0222,shuffle_null_mean,,118.0,/Users/Hannah/Programming/data_eyeblink/geometry_preservation_outputs/geometry_preservation_rat0222_set0222_dim3_bins5_2026-04-29_08-40-29.npz,0.554438741721323,0.730395573712511,0.5544387417213229
rat0222,shuffle_null_mean,,119.0,/Users/Hannah/Programming/data_eyeblink/geometry_preservation_outputs/geometry_preservation_rat0222_set0222_dim3_bins5_2026-04-29_08-40-29.npz,0.5851466820222962,0.7576961632732131,0.5851466820222964
rat0222,shuffle_null_mean,,120.0,/Users/Hannah/Programming/data_eyeblink/geometry_preservation_outputs/geometry_preservation_rat0222_set0222_dim3_bins5_2026-04-29_08-40-29.npz,0.5086169206633583,0.7014500958218048,0.5086169206633584
rat0222,shuffle_null_mean,,121.0,/Users/Hannah/Programming/data_eyeblink/geometry_preservation_outputs/geometry_preservation_rat0222_set0222_dim3_bins5_2026-04-29_08-40-29.npz,0.5135086412824486,0.7059331192718029,0.5135086412824486
rat0222,shuffle_null_mean,,122.0,/Users/Hannah/Programming/data_eyeblink/geometry_preservation_outputs/geometry_preservation_rat0222_set0222_dim3_bins5_2026-04-29_08-40-29.npz,0.5070646801487658,0.6998381190574594,0.5070646801487657
rat0222,shuffle_null_mean,,123.0,/Users/Hannah/Programming/data_eyeblink/geometry_preservation_outputs/geometry_preservation_rat0222_set0222_dim3_bins5_2026-04-29_08-40-29.npz,0.5959489284575155,0.7626773062224361,0.5959489284575155
rat0222,shuffle_null_mean,,124.0,/Users/Hannah/Programming/data_eyeblink/geometry_preservation_outputs/geometry_preservation_rat0222_set0222_dim3_bins5_2026-04-29_08-40-29.npz,0.5625109426281206,0.7437406127567827,0.5625109426281206
rat0222,shuffle_null_mean,,125.0,/Users/Hannah/Programming/data_eyeblink/geometry_preservation_outputs/geometry_preservation_rat0222_set0222_dim3_bins5_2026-04-29_08-40-29.npz,0.5691014317647481,0.745459820151208,0.569101431764748
rat0222,shuffle_null_mean,,126.0,/Users/Hannah/Programming/data_eyeblink/geometry_preservation_outputs/geometry_preservation_rat0222_set0222_dim3_bins5_2026-04-29_08-40-29.npz,0.571158950653674,0.746811589722991,0.571158950653674
rat0222,shuffle_null_mean,,127.0,/Users/Hannah/Programming/data_eyeblink/geometry_preservation_outputs/geometry_preservation_rat0222_set0222_dim3_bins5_2026-04-29_08-40-29.npz,0.5518937509604507,0.7367697304690864,0.5518937509604507
rat0222,shuffle_null_mean,,128.0,/Users/Hannah/Programming/data_eyeblink/geometry_preservation_outputs/geometry_preservation_rat0222_set0222_dim3_bins5_2026-04-29_08-40-29.npz,0.5263668945950442,0.7143843936593168,0.526366894595044
rat0222,shuffle_null_mean,,129.0,/Users/Hannah/Programming/data_eyeblink/geometry_preservation_outputs/geometry_preservation_rat0222_set0222_dim3_bins5_2026-04-29_08-40-29.npz,0.5335842909421914,0.7210899814184726,0.5335842909421913
rat0222,shuffle_null_mean,,130.0,/Users/Hannah/Programming/data_eyeblink/geometry_preservation_outputs/geometry_preservation_rat0222_set0222_dim3_bins5_2026-04-29_08-40-29.npz,0.5499038136252075,0.7352767253451462,0.5499038136252075
rat0222,shuffle_null_mean,,131.0,/Users/Hannah/Programming/data_eyeblink/geometry_preservation_outputs/geometry_preservation_rat0222_set0222_dim3_bins5_2026-04-29_08-40-29.npz,0.49332022362725636,0.6921320743524859,0.49332022362725636
rat0222,shuffle_null_mean,,132.0,/Users/Hannah/Programming/data_eyeblink/geometry_preservation_outputs/geometry_preservation_rat0222_set0222_dim3_bins5_2026-04-29_08-40-29.npz,0.5902842143064497,0.7636037277288044,0.5902842143064497
rat0222,shuffle_null_mean,,133.0,/Users/Hannah/Programming/data_eyeblink/geometry_preservation_outputs/geometry_preservation_rat0222_set0222_dim3_bins5_2026-04-29_08-40-29.npz,0.5149192930955717,0.7095310956707542,0.5149192930955717
rat0222,shuffle_null_mean,,134.0,/Users/Hannah/Programming/data_eyeblink/geometry_preservation_outputs/geometry_preservation_rat0222_set0222_dim3_bins5_2026-04-29_08-40-29.npz,0.5244661239146851,0.7153454601952023,0.5244661239146851
rat0222,shuffle_null_mean,,135.0,/Users/Hannah/Programming/data_eyeblink/geometry_preservation_outputs/geometry_preservation_rat0222_set0222_dim3_bins5_2026-04-29_08-40-29.npz,0.5682868428723359,0.7441949370401202,0.5682868428723359
rat0222,shuffle_null_mean,,136.0,/Users/Hannah/Programming/data_eyeblink/geometry_preservation_outputs/geometry_preservation_rat0222_set0222_dim3_bins5_2026-04-29_08-40-29.npz,0.5490222338524987,0.7295898709173563,0.5490222338524987
rat0222,shuffle_null_mean,,137.0,/Users/Hannah/Programming/data_eyeblink/geometry_preservation_outputs/geometry_preservation_rat0222_set0222_dim3_bins5_2026-04-29_08-40-29.npz,0.5168799656306349,0.7017113435488259,0.5168799656306349
rat0222,shuffle_null_mean,,138.0,/Users/Hannah/Programming/data_eyeblink/geometry_preservation_outputs/geometry_preservation_rat0222_set0222_dim3_bins5_2026-04-29_08-40-29.npz,0.5082677342678842,0.7060461163541768,0.5082677342678842
rat0222,shuffle_null_mean,,139.0,/Users/Hannah/Programming/data_eyeblink/geometry_preservation_outputs/geometry_preservation_rat0222_set0222_dim3_bins5_2026-04-29_08-40-29.npz,0.49815533288494873,0.693242609449819,0.49815533288494873
rat0222,shuffle_null_mean,,140.0,/Users/Hannah/Programming/data_eyeblink/geometry_preservation_outputs/geometry_preservation_rat0222_set0222_dim3_bins5_2026-04-29_08-40-29.npz,0.6035369868443599,0.7708322462917503,0.6035369868443597
rat0222,shuffle_null_mean,,141.0,/Users/Hannah/Programming/data_eyeblink/geometry_preservation_outputs/geometry_preservation_rat0222_set0222_dim3_bins5_2026-04-29_08-40-29.npz,0.5378065505009931,0.7248404963797163,0.5378065505009931
rat0222,shuffle_null_mean,,142.0,/Users/Hannah/Programming/data_eyeblink/geometry_preservation_outputs/geometry_preservation_rat0222_set0222_dim3_bins5_2026-04-29_08-40-29.npz,0.5365724535163097,0.7214976662913373,0.5365724535163097
rat0222,shuffle_null_mean,,143.0,/Users/Hannah/Programming/data_eyeblink/geometry_preservation_outputs/geometry_preservation_rat0222_set0222_dim3_bins5_2026-04-29_08-40-29.npz,0.590577804983299,0.7623230937946166,0.590577804983299
rat0222,shuffle_null_mean,,144.0,/Users/Hannah/Programming/data_eyeblink/geometry_preservation_outputs/geometry_preservation_rat0222_set0222_dim3_bins5_2026-04-29_08-40-29.npz,0.5235626419924968,0.7140871653985983,0.5235626419924968
rat0222,shuffle_null_mean,,145.0,/Users/Hannah/Programming/data_eyeblink/geometry_preservation_outputs/geometry_preservation_rat0222_set0222_dim3_bins5_2026-04-29_08-40-29.npz,0.4949877481577666,0.6896503848964028,0.49498774815776647
rat0222,shuffle_null_mean,,146.0,/Users/Hannah/Programming/data_eyeblink/geometry_preservation_outputs/geometry_preservation_rat0222_set0222_dim3_bins5_2026-04-29_08-40-29.npz,0.4555296597350161,0.6617840420896295,0.45552965973501613
rat0222,shuffle_null_mean,,147.0,/Users/Hannah/Programming/data_eyeblink/geometry_preservation_outputs/geometry_preservation_rat0222_set0222_dim3_bins5_2026-04-29_08-40-29.npz,0.5601284519060287,0.7436005740172466,0.5601284519060286
rat0222,shuffle_null_mean,,148.0,/Users/Hannah/Programming/data_eyeblink/geometry_preservation_outputs/geometry_preservation_rat0222_set0222_dim3_bins5_2026-04-29_08-40-29.npz,0.5818409515182952,0.7554465166326213,0.5818409515182952
rat0222,shuffle_null_mean,,149.0,/Users/Hannah/Programming/data_eyeblink/geometry_preservation_outputs/geometry_preservation_rat0222_set0222_dim3_bins5_2026-04-29_08-40-29.npz,0.603612248642344,0.7709465228673763,0.6036122486423439
rat0222,shuffle_null_mean,,150.0,/Users/Hannah/Programming/data_eyeblink/geometry_preservation_outputs/geometry_preservation_rat0222_set0222_dim3_bins5_2026-04-29_08-40-29.npz,0.5270669245050941,0.7200213591224829,0.5270669245050941
rat0222,shuffle_null_mean,,151.0,/Users/Hannah/Programming/data_eyeblink/geometry_preservation_outputs/geometry_preservation_rat0222_set0222_dim3_bins5_2026-04-29_08-40-29.npz,0.5430537087301068,0.729725350618211,0.5430537087301068
rat0222,shuffle_null_mean,,152.0,/Users/Hannah/Programming/data_eyeblink/geometry_preservation_outputs/geometry_preservation_rat0222_set0222_dim3_bins5_2026-04-29_08-40-29.npz,0.5736113449599951,0.7478002796720157,0.5736113449599951
rat0222,shuffle_null_mean,,153.0,/Users/Hannah/Programming/data_eyeblink/geometry_preservation_outputs/geometry_preservation_rat0222_set0222_dim3_bins5_2026-04-29_08-40-29.npz,0.4806809144340064,0.6832949404022769,0.4806809144340064
rat0222,shuffle_null_mean,,154.0,/Users/Hannah/Programming/data_eyeblink/geometry_preservation_outputs/geometry_preservation_rat0222_set0222_dim3_bins5_2026-04-29_08-40-29.npz,0.4829490136056462,0.6895046610129079,0.4829490136056462
rat0222,shuffle_null_mean,,155.0,/Users/Hannah/Programming/data_eyeblink/geometry_preservation_outputs/geometry_preservation_rat0222_set0222_dim3_bins5_2026-04-29_08-40-29.npz,0.5488802307649913,0.734491741876873,0.5488802307649913
rat0222,shuffle_null_mean,,156.0,/Users/Hannah/Programming/data_eyeblink/geometry_preservation_outputs/geometry_preservation_rat0222_set0222_dim3_bins5_2026-04-29_08-40-29.npz,0.5689781353843338,0.746766071720395,0.568978135384334
rat0222,shuffle_null_mean,,157.0,/Users/Hannah/Programming/data_eyeblink/geometry_preservation_outputs/geometry_preservation_rat0222_set0222_dim3_bins5_2026-04-29_08-40-29.npz,0.46816487407352214,0.6664249685828207,0.46816487407352214
rat0222,shuffle_null_mean,,158.0,/Users/Hannah/Programming/data_eyeblink/geometry_preservation_outputs/geometry_preservation_rat0222_set0222_dim3_bins5_2026-04-29_08-40-29.npz,0.5035180744295243,0.6995059560357217,0.5035180744295242
rat0222,shuffle_null_mean,,159.0,/Users/Hannah/Programming/data_eyeblink/geometry_preservation_outputs/geometry_preservation_rat0222_set0222_dim3_bins5_2026-04-29_08-40-29.npz,0.5102604117064,0.7059739810041725,0.5102604117064
rat0222,shuffle_null_mean,,160.0,/Users/Hannah/Programming/data_eyeblink/geometry_preservation_outputs/geometry_preservation_rat0222_set0222_dim3_bins5_2026-04-29_08-40-29.npz,0.5713531023858298,0.7458822901361908,0.5713531023858298
rat0222,shuffle_null_mean,,161.0,/Users/Hannah/Programming/data_eyeblink/geometry_preservation_outputs/geometry_preservation_rat0222_set0222_dim3_bins5_2026-04-29_08-40-29.npz,0.46479103719349063,0.6729594735897864,0.46479103719349063
rat0222,shuffle_null_mean,,162.0,/Users/Hannah/Programming/data_eyeblink/geometry_preservation_outputs/geometry_preservation_rat0222_set0222_dim3_bins5_2026-04-29_08-40-29.npz,0.49430505952463344,0.6914612918217441,0.49430505952463344
rat0222,shuffle_null_mean,,163.0,/Users/Hannah/Programming/data_eyeblink/geometry_preservation_outputs/geometry_preservation_rat0222_set0222_dim3_bins5_2026-04-29_08-40-29.npz,0.5155615803785165,0.7075368748032822,0.5155615803785164
rat0222,shuffle_null_mean,,164.0,/Users/Hannah/Programming/data_eyeblink/geometry_preservation_outputs/geometry_preservation_rat0222_set0222_dim3_bins5_2026-04-29_08-40-29.npz,0.570642747575928,0.7421104954526132,0.570642747575928
rat0222,shuffle_null_mean,,165.0,/Users/Hannah/Programming/data_eyeblink/geometry_preservation_outputs/geometry_preservation_rat0222_set0222_dim3_bins5_2026-04-29_08-40-29.npz,0.620827622374715,0.7799406582667935,0.620827622374715
rat0222,shuffle_null_mean,,166.0,/Users/Hannah/Programming/data_eyeblink/geometry_preservation_outputs/geometry_preservation_rat0222_set0222_dim3_bins5_2026-04-29_08-40-29.npz,0.5613384120078779,0.7400843965741507,0.5613384120078779
rat0222,shuffle_null_mean,,167.0,/Users/Hannah/Programming/data_eyeblink/geometry_preservation_outputs/geometry_preservation_rat0222_set0222_dim3_bins5_2026-04-29_08-40-29.npz,0.5213099724544714,0.7120856786880081,0.5213099724544714
rat0222,shuffle_null_mean,,168.0,/Users/Hannah/Programming/data_eyeblink/geometry_preservation_outputs/geometry_preservation_rat0222_set0222_dim3_bins5_2026-04-29_08-40-29.npz,0.5924681089721191,0.7628178789805243,0.5924681089721191
rat0222,shuffle_null_mean,,169.0,/Users/Hannah/Programming/data_eyeblink/geometry_preservation_outputs/geometry_preservation_rat0222_set0222_dim3_bins5_2026-04-29_08-40-29.npz,0.5794141604435035,0.7565221133826185,0.5794141604435035
rat0222,shuffle_null_mean,,170.0,/Users/Hannah/Programming/data_eyeblink/geometry_preservation_outputs/geometry_preservation_rat0222_set0222_dim3_bins5_2026-04-29_08-40-29.npz,0.5931365901618559,0.7599381747886542,0.5931365901618559
rat0222,shuffle_null_mean,,171.0,/Users/Hannah/Programming/data_eyeblink/geometry_preservation_outputs/geometry_preservation_rat0222_set0222_dim3_bins5_2026-04-29_08-40-29.npz,0.49762261846320943,0.698922178579114,0.4976226184632095
rat0222,shuffle_null_mean,,172.0,/Users/Hannah/Programming/data_eyeblink/geometry_preservation_outputs/geometry_preservation_rat0222_set0222_dim3_bins5_2026-04-29_08-40-29.npz,0.5520786463256989,0.7283815380597386,0.5520786463256988
rat0222,shuffle_null_mean,,173.0,/Users/Hannah/Programming/data_eyeblink/geometry_preservation_outputs/geometry_preservation_rat0222_set0222_dim3_bins5_2026-04-29_08-40-29.npz,0.5583172005793978,0.7417910647048658,0.5583172005793977
rat0222,shuffle_null_mean,,174.0,/Users/Hannah/Programming/data_eyeblink/geometry_preservation_outputs/geometry_preservation_rat0222_set0222_dim3_bins5_2026-04-29_08-40-29.npz,0.5452563201995517,0.7272493059889298,0.5452563201995517
rat0222,shuffle_null_mean,,175.0,/Users/Hannah/Programming/data_eyeblink/geometry_preservation_outputs/geometry_preservation_rat0222_set0222_dim3_bins5_2026-04-29_08-40-29.npz,0.5675617988200119,0.7466238074174276,0.5675617988200119
rat0222,shuffle_null_mean,,176.0,/Users/Hannah/Programming/data_eyeblink/geometry_preservation_outputs/geometry_preservation_rat0222_set0222_dim3_bins5_2026-04-29_08-40-29.npz,0.5368361104741857,0.7219853549424868,0.5368361104741857
rat0222,shuffle_null_mean,,177.0,/Users/Hannah/Programming/data_eyeblink/geometry_preservation_outputs/geometry_preservation_rat0222_set0222_dim3_bins5_2026-04-29_08-40-29.npz,0.5356279658840861,0.7225479079113499,0.5356279658840861
rat0222,shuffle_null_mean,,178.0,/Users/Hannah/Programming/data_eyeblink/geometry_preservation_outputs/geometry_preservation_rat0222_set0222_dim3_bins5_2026-04-29_08-40-29.npz,0.5297448865760208,0.7205043684171099,0.5297448865760208
rat0222,shuffle_null_mean,,179.0,/Users/Hannah/Programming/data_eyeblink/geometry_preservation_outputs/geometry_preservation_rat0222_set0222_dim3_bins5_2026-04-29_08-40-29.npz,0.5575394255000197,0.7383578337956894,0.5575394255000197
rat0222,shuffle_null_mean,,180.0,/Users/Hannah/Programming/data_eyeblink/geometry_preservation_outputs/geometry_preservation_rat0222_set0222_dim3_bins5_2026-04-29_08-40-29.npz,0.5884544852897214,0.7574005979272915,0.5884544852897214
rat0222,shuffle_null_mean,,181.0,/Users/Hannah/Programming/data_eyeblink/geometry_preservation_outputs/geometry_preservation_rat0222_set0222_dim3_bins5_2026-04-29_08-40-29.npz,0.5146823554949357,0.7050903699115922,0.5146823554949356
rat0222,shuffle_null_mean,,182.0,/Users/Hannah/Programming/data_eyeblink/geometry_preservation_outputs/geometry_preservation_rat0222_set0222_dim3_bins5_2026-04-29_08-40-29.npz,0.5308978251095863,0.7187859089597739,0.5308978251095863
rat0222,shuffle_null_mean,,183.0,/Users/Hannah/Programming/data_eyeblink/geometry_preservation_outputs/geometry_preservation_rat0222_set0222_dim3_bins5_2026-04-29_08-40-29.npz,0.5593838068419658,0.7382955716683238,0.5593838068419656
rat0222,shuffle_null_mean,,184.0,/Users/Hannah/Programming/data_eyeblink/geometry_preservation_outputs/geometry_preservation_rat0222_set0222_dim3_bins5_2026-04-29_08-40-29.npz,0.5620288686524597,0.739162506644002,0.5620288686524597
rat0222,shuffle_null_mean,,185.0,/Users/Hannah/Programming/data_eyeblink/geometry_preservation_outputs/geometry_preservation_rat0222_set0222_dim3_bins5_2026-04-29_08-40-29.npz,0.531737680691281,0.7214913604475414,0.5317376806912809
rat0222,shuffle_null_mean,,186.0,/Users/Hannah/Programming/data_eyeblink/geometry_preservation_outputs/geometry_preservation_rat0222_set0222_dim3_bins5_2026-04-29_08-40-29.npz,0.5620923411881177,0.7369362228750095,0.5620923411881177
rat0222,shuffle_null_mean,,187.0,/Users/Hannah/Programming/data_eyeblink/geometry_preservation_outputs/geometry_preservation_rat0222_set0222_dim3_bins5_2026-04-29_08-40-29.npz,0.5060428753410773,0.6974567138833442,0.5060428753410772
rat0222,shuffle_null_mean,,188.0,/Users/Hannah/Programming/data_eyeblink/geometry_preservation_outputs/geometry_preservation_rat0222_set0222_dim3_bins5_2026-04-29_08-40-29.npz,0.5013936729844249,0.7010941258923841,0.5013936729844249
rat0222,shuffle_null_mean,,189.0,/Users/Hannah/Programming/data_eyeblink/geometry_preservation_outputs/geometry_preservation_rat0222_set0222_dim3_bins5_2026-04-29_08-40-29.npz,0.46366902080057193,0.6702700458775241,0.463669020800572
rat0222,shuffle_null_mean,,190.0,/Users/Hannah/Programming/data_eyeblink/geometry_preservation_outputs/geometry_preservation_rat0222_set0222_dim3_bins5_2026-04-29_08-40-29.npz,0.5651115317192523,0.7476657280995151,0.5651115317192524
rat0222,shuffle_null_mean,,191.0,/Users/Hannah/Programming/data_eyeblink/geometry_preservation_outputs/geometry_preservation_rat0222_set0222_dim3_bins5_2026-04-29_08-40-29.npz,0.5016451891393107,0.6921163386827952,0.5016451891393107
rat0222,shuffle_null_mean,,192.0,/Users/Hannah/Programming/data_eyeblink/geometry_preservation_outputs/geometry_preservation_rat0222_set0222_dim3_bins5_2026-04-29_08-40-29.npz,0.6031367089121703,0.7704081250906698,0.6031367089121703
rat0222,shuffle_null_mean,,193.0,/Users/Hannah/Programming/data_eyeblink/geometry_preservation_outputs/geometry_preservation_rat0222_set0222_dim3_bins5_2026-04-29_08-40-29.npz,0.5172459074038714,0.7110687140941944,0.5172459074038714
rat0222,shuffle_null_mean,,194.0,/Users/Hannah/Programming/data_eyeblink/geometry_preservation_outputs/geometry_preservation_rat0222_set0222_dim3_bins5_2026-04-29_08-40-29.npz,0.5544608042762527,0.7354724574468043,0.5544608042762527
rat0222,shuffle_null_mean,,195.0,/Users/Hannah/Programming/data_eyeblink/geometry_preservation_outputs/geometry_preservation_rat0222_set0222_dim3_bins5_2026-04-29_08-40-29.npz,0.5789300851674338,0.7537568632528495,0.5789300851674339
rat0222,shuffle_null_mean,,196.0,/Users/Hannah/Programming/data_eyeblink/geometry_preservation_outputs/geometry_preservation_rat0222_set0222_dim3_bins5_2026-04-29_08-40-29.npz,0.5298743419714945,0.7235705827293047,0.5298743419714946
rat0222,shuffle_null_mean,,197.0,/Users/Hannah/Programming/data_eyeblink/geometry_preservation_outputs/geometry_preservation_rat0222_set0222_dim3_bins5_2026-04-29_08-40-29.npz,0.5767497037761529,0.7431210849718289,0.5767497037761528
rat0222,shuffle_null_mean,,198.0,/Users/Hannah/Programming/data_eyeblink/geometry_preservation_outputs/geometry_preservation_rat0222_set0222_dim3_bins5_2026-04-29_08-40-29.npz,0.5164152993511565,0.7087032176109858,0.5164152993511565
rat0222,shuffle_null_mean,,199.0,/Users/Hannah/Programming/data_eyeblink/geometry_preservation_outputs/geometry_preservation_rat0222_set0222_dim3_bins5_2026-04-29_08-40-29.npz,0.5232855238080167,0.7103645800746445,0.5232855238080167
rat0222,shuffle_null_mean,,200.0,/Users/Hannah/Programming/data_eyeblink/geometry_preservation_outputs/geometry_preservation_rat0222_set0222_dim3_bins5_2026-04-29_08-40-29.npz,0.6323813052960163,0.7891922927208659,0.6323813052960162
rat0222,shuffle_null_mean,,201.0,/Users/Hannah/Programming/data_eyeblink/geometry_preservation_outputs/geometry_preservation_rat0222_set0222_dim3_bins5_2026-04-29_08-40-29.npz,0.5363478149558373,0.7152595289106585,0.5363478149558373
rat0222,shuffle_null_mean,,202.0,/Users/Hannah/Programming/data_eyeblink/geometry_preservation_outputs/geometry_preservation_rat0222_set0222_dim3_bins5_2026-04-29_08-40-29.npz,0.5226077899401268,0.7094458479837524,0.5226077899401266
rat0222,shuffle_null_mean,,203.0,/Users/Hannah/Programming/data_eyeblink/geometry_preservation_outputs/geometry_preservation_rat0222_set0222_dim3_bins5_2026-04-29_08-40-29.npz,0.5715210769825871,0.7515006495888745,0.5715210769825871
rat0222,shuffle_null_mean,,204.0,/Users/Hannah/Programming/data_eyeblink/geometry_preservation_outputs/geometry_preservation_rat0222_set0222_dim3_bins5_2026-04-29_08-40-29.npz,0.46068650260357413,0.6668265330925167,0.46068650260357424
rat0222,shuffle_null_mean,,205.0,/Users/Hannah/Programming/data_eyeblink/geometry_preservation_outputs/geometry_preservation_rat0222_set0222_dim3_bins5_2026-04-29_08-40-29.npz,0.4973895796856949,0.6957853871046077,0.4973895796856949
rat0222,shuffle_null_mean,,206.0,/Users/Hannah/Programming/data_eyeblink/geometry_preservation_outputs/geometry_preservation_rat0222_set0222_dim3_bins5_2026-04-29_08-40-29.npz,0.5376286576779246,0.7224518101129652,0.5376286576779246
rat0222,shuffle_null_mean,,207.0,/Users/Hannah/Programming/data_eyeblink/geometry_preservation_outputs/geometry_preservation_rat0222_set0222_dim3_bins5_2026-04-29_08-40-29.npz,0.4842290419054726,0.6846493161977645,0.4842290419054726
rat0222,shuffle_null_mean,,208.0,/Users/Hannah/Programming/data_eyeblink/geometry_preservation_outputs/geometry_preservation_rat0222_set0222_dim3_bins5_2026-04-29_08-40-29.npz,0.5415892939211562,0.7289699737456481,0.5415892939211562
rat0222,shuffle_null_mean,,209.0,/Users/Hannah/Programming/data_eyeblink/geometry_preservation_outputs/geometry_preservation_rat0222_set0222_dim3_bins5_2026-04-29_08-40-29.npz,0.5400871815705659,0.7257904044757624,0.5400871815705659
rat0222,shuffle_null_mean,,210.0,/Users/Hannah/Programming/data_eyeblink/geometry_preservation_outputs/geometry_preservation_rat0222_set0222_dim3_bins5_2026-04-29_08-40-29.npz,0.5115154074679733,0.6998110543458892,0.5115154074679731
rat0222,shuffle_null_mean,,211.0,/Users/Hannah/Programming/data_eyeblink/geometry_preservation_outputs/geometry_preservation_rat0222_set0222_dim3_bins5_2026-04-29_08-40-29.npz,0.5231311493221649,0.7170131586443032,0.5231311493221649
rat0222,shuffle_null_mean,,212.0,/Users/Hannah/Programming/data_eyeblink/geometry_preservation_outputs/geometry_preservation_rat0222_set0222_dim3_bins5_2026-04-29_08-40-29.npz,0.4883179255808918,0.6916455617636234,0.48831792558089193
rat0222,shuffle_null_mean,,213.0,/Users/Hannah/Programming/data_eyeblink/geometry_preservation_outputs/geometry_preservation_rat0222_set0222_dim3_bins5_2026-04-29_08-40-29.npz,0.5705550999811695,0.7512971312049261,0.5705550999811693
rat0222,shuffle_null_mean,,214.0,/Users/Hannah/Programming/data_eyeblink/geometry_preservation_outputs/geometry_preservation_rat0222_set0222_dim3_bins5_2026-04-29_08-40-29.npz,0.5209868009350422,0.712210226620558,0.5209868009350422
rat0222,shuffle_null_mean,,215.0,/Users/Hannah/Programming/data_eyeblink/geometry_preservation_outputs/geometry_preservation_rat0222_set0222_dim3_bins5_2026-04-29_08-40-29.npz,0.5245122724388473,0.7145050713639816,0.5245122724388473
rat0222,shuffle_null_mean,,216.0,/Users/Hannah/Programming/data_eyeblink/geometry_preservation_outputs/geometry_preservation_rat0222_set0222_dim3_bins5_2026-04-29_08-40-29.npz,0.5282129924238557,0.716198470796023,0.5282129924238557
rat0222,shuffle_null_mean,,217.0,/Users/Hannah/Programming/data_eyeblink/geometry_preservation_outputs/geometry_preservation_rat0222_set0222_dim3_bins5_2026-04-29_08-40-29.npz,0.5022766268502084,0.7019750171875246,0.5022766268502084
rat0222,shuffle_null_mean,,218.0,/Users/Hannah/Programming/data_eyeblink/geometry_preservation_outputs/geometry_preservation_rat0222_set0222_dim3_bins5_2026-04-29_08-40-29.npz,0.5611213873081659,0.7452682944098952,0.5611213873081659
rat0222,shuffle_null_mean,,219.0,/Users/Hannah/Programming/data_eyeblink/geometry_preservation_outputs/geometry_preservation_rat0222_set0222_dim3_bins5_2026-04-29_08-40-29.npz,0.46809138626303237,0.673668577762359,0.4680913862630323
rat0222,shuffle_null_mean,,220.0,/Users/Hannah/Programming/data_eyeblink/geometry_preservation_outputs/geometry_preservation_rat0222_set0222_dim3_bins5_2026-04-29_08-40-29.npz,0.5286416359220019,0.7138908935150139,0.5286416359220018
rat0222,shuffle_null_mean,,221.0,/Users/Hannah/Programming/data_eyeblink/geometry_preservation_outputs/geometry_preservation_rat0222_set0222_dim3_bins5_2026-04-29_08-40-29.npz,0.47856446645194356,0.6792746382908315,0.47856446645194356
rat0222,shuffle_null_mean,,222.0,/Users/Hannah/Programming/data_eyeblink/geometry_preservation_outputs/geometry_preservation_rat0222_set0222_dim3_bins5_2026-04-29_08-40-29.npz,0.5649544842626957,0.745105054987951,0.5649544842626957
rat0222,shuffle_null_mean,,223.0,/Users/Hannah/Programming/data_eyeblink/geometry_preservation_outputs/geometry_preservation_rat0222_set0222_dim3_bins5_2026-04-29_08-40-29.npz,0.557240908329387,0.7342404652229914,0.557240908329387
rat0222,shuffle_null_mean,,224.0,/Users/Hannah/Programming/data_eyeblink/geometry_preservation_outputs/geometry_preservation_rat0222_set0222_dim3_bins5_2026-04-29_08-40-29.npz,0.6245245338659923,0.7848265306408053,0.6245245338659923
rat0222,shuffle_null_mean,,225.0,/Users/Hannah/Programming/data_eyeblink/geometry_preservation_outputs/geometry_preservation_rat0222_set0222_dim3_bins5_2026-04-29_08-40-29.npz,0.5202181799855029,0.7125457889565218,0.5202181799855028
rat0222,shuffle_null_mean,,226.0,/Users/Hannah/Programming/data_eyeblink/geometry_preservation_outputs/geometry_preservation_rat0222_set0222_dim3_bins5_2026-04-29_08-40-29.npz,0.5460281204855583,0.7298473615333692,0.5460281204855582
rat0222,shuffle_null_mean,,227.0,/Users/Hannah/Programming/data_eyeblink/geometry_preservation_outputs/geometry_preservation_rat0222_set0222_dim3_bins5_2026-04-29_08-40-29.npz,0.5581954068546093,0.7377661499827849,0.5581954068546093
rat0222,shuffle_null_mean,,228.0,/Users/Hannah/Programming/data_eyeblink/geometry_preservation_outputs/geometry_preservation_rat0222_set0222_dim3_bins5_2026-04-29_08-40-29.npz,0.5165397591552013,0.7088205773503369,0.5165397591552011
rat0222,shuffle_null_mean,,229.0,/Users/Hannah/Programming/data_eyeblink/geometry_preservation_outputs/geometry_preservation_rat0222_set0222_dim3_bins5_2026-04-29_08-40-29.npz,0.5588271564854119,0.7433838231550449,0.5588271564854119
rat0222,shuffle_null_mean,,230.0,/Users/Hannah/Programming/data_eyeblink/geometry_preservation_outputs/geometry_preservation_rat0222_set0222_dim3_bins5_2026-04-29_08-40-29.npz,0.5317638303984127,0.7184724744904687,0.5317638303984127
rat0222,shuffle_null_mean,,231.0,/Users/Hannah/Programming/data_eyeblink/geometry_preservation_outputs/geometry_preservation_rat0222_set0222_dim3_bins5_2026-04-29_08-40-29.npz,0.6051586332092561,0.7707963910372044,0.6051586332092562
rat0222,shuffle_null_mean,,232.0,/Users/Hannah/Programming/data_eyeblink/geometry_preservation_outputs/geometry_preservation_rat0222_set0222_dim3_bins5_2026-04-29_08-40-29.npz,0.5406364955918471,0.7278675746424011,0.5406364955918472
rat0222,shuffle_null_mean,,233.0,/Users/Hannah/Programming/data_eyeblink/geometry_preservation_outputs/geometry_preservation_rat0222_set0222_dim3_bins5_2026-04-29_08-40-29.npz,0.5092182797236776,0.7046640071254758,0.5092182797236776
rat0222,shuffle_null_mean,,234.0,/Users/Hannah/Programming/data_eyeblink/geometry_preservation_outputs/geometry_preservation_rat0222_set0222_dim3_bins5_2026-04-29_08-40-29.npz,0.5508892903802403,0.7389940549844762,0.5508892903802403
rat0222,shuffle_null_mean,,235.0,/Users/Hannah/Programming/data_eyeblink/geometry_preservation_outputs/geometry_preservation_rat0222_set0222_dim3_bins5_2026-04-29_08-40-29.npz,0.5962482641313649,0.7663765884826257,0.5962482641313648
rat0222,shuffle_null_mean,,236.0,/Users/Hannah/Programming/data_eyeblink/geometry_preservation_outputs/geometry_preservation_rat0222_set0222_dim3_bins5_2026-04-29_08-40-29.npz,0.5140451758985405,0.706883593335631,0.5140451758985404
rat0222,shuffle_null_mean,,237.0,/Users/Hannah/Programming/data_eyeblink/geometry_preservation_outputs/geometry_preservation_rat0222_set0222_dim3_bins5_2026-04-29_08-40-29.npz,0.5784928162130932,0.755554425339007,0.5784928162130931
rat0222,shuffle_null_mean,,238.0,/Users/Hannah/Programming/data_eyeblink/geometry_preservation_outputs/geometry_preservation_rat0222_set0222_dim3_bins5_2026-04-29_08-40-29.npz,0.5467493524526874,0.7332723767239725,0.5467493524526874
rat0222,shuffle_null_mean,,239.0,/Users/Hannah/Programming/data_eyeblink/geometry_preservation_outputs/geometry_preservation_rat0222_set0222_dim3_bins5_2026-04-29_08-40-29.npz,0.48869056388389537,0.6926681283487234,0.4886905638838953
rat0222,shuffle_null_mean,,240.0,/Users/Hannah/Programming/data_eyeblink/geometry_preservation_outputs/geometry_preservation_rat0222_set0222_dim3_bins5_2026-04-29_08-40-29.npz,0.5512870118858213,0.7360735163788215,0.5512870118858213
rat0222,shuffle_null_mean,,241.0,/Users/Hannah/Programming/data_eyeblink/geometry_preservation_outputs/geometry_preservation_rat0222_set0222_dim3_bins5_2026-04-29_08-40-29.npz,0.485752752700051,0.686737153374789,0.485752752700051
rat0222,shuffle_null_mean,,242.0,/Users/Hannah/Programming/data_eyeblink/geometry_preservation_outputs/geometry_preservation_rat0222_set0222_dim3_bins5_2026-04-29_08-40-29.npz,0.5984669571548014,0.7669640324281669,0.5984669571548012
rat0222,shuffle_null_mean,,243.0,/Users/Hannah/Programming/data_eyeblink/geometry_preservation_outputs/geometry_preservation_rat0222_set0222_dim3_bins5_2026-04-29_08-40-29.npz,0.5175809577804793,0.7057360033106355,0.5175809577804793
rat0222,shuffle_null_mean,,244.0,/Users/Hannah/Programming/data_eyeblink/geometry_preservation_outputs/geometry_preservation_rat0222_set0222_dim3_bins5_2026-04-29_08-40-29.npz,0.5668638387063487,0.7411778330399266,0.5668638387063487
rat0222,shuffle_null_mean,,245.0,/Users/Hannah/Programming/data_eyeblink/geometry_preservation_outputs/geometry_preservation_rat0222_set0222_dim3_bins5_2026-04-29_08-40-29.npz,0.5428204783920794,0.7265017875046424,0.5428204783920794
rat0222,shuffle_null_mean,,246.0,/Users/Hannah/Programming/data_eyeblink/geometry_preservation_outputs/geometry_preservation_rat0222_set0222_dim3_bins5_2026-04-29_08-40-29.npz,0.4962925271276151,0.693471097659134,0.4962925271276151
rat0222,shuffle_null_mean,,247.0,/Users/Hannah/Programming/data_eyeblink/geometry_preservation_outputs/geometry_preservation_rat0222_set0222_dim3_bins5_2026-04-29_08-40-29.npz,0.5363774116853759,0.7267661460058148,0.5363774116853758
rat0222,shuffle_null_mean,,248.0,/Users/Hannah/Programming/data_eyeblink/geometry_preservation_outputs/geometry_preservation_rat0222_set0222_dim3_bins5_2026-04-29_08-40-29.npz,0.5481283699988748,0.7292129417862189,0.5481283699988748
rat0222,shuffle_null_mean,,249.0,/Users/Hannah/Programming/data_eyeblink/geometry_preservation_outputs/geometry_preservation_rat0222_set0222_dim3_bins5_2026-04-29_08-40-29.npz,0.5592704803603021,0.7439422627806772,0.559270480360302
rat0222,shuffle_null_mean,,250.0,/Users/Hannah/Programming/data_eyeblink/geometry_preservation_outputs/geometry_preservation_rat0222_set0222_dim3_bins5_2026-04-29_08-40-29.npz,0.49730744873266186,0.6874738417379676,0.49730744873266186
rat0222,shuffle_null_mean,,251.0,/Users/Hannah/Programming/data_eyeblink/geometry_preservation_outputs/geometry_preservation_rat0222_set0222_dim3_bins5_2026-04-29_08-40-29.npz,0.5462928399442883,0.7300172484658022,0.5462928399442883
rat0222,shuffle_null_mean,,252.0,/Users/Hannah/Programming/data_eyeblink/geometry_preservation_outputs/geometry_preservation_rat0222_set0222_dim3_bins5_2026-04-29_08-40-29.npz,0.585944923787908,0.7551507267284967,0.5859449237879077
rat0222,shuffle_null_mean,,253.0,/Users/Hannah/Programming/data_eyeblink/geometry_preservation_outputs/geometry_preservation_rat0222_set0222_dim3_bins5_2026-04-29_08-40-29.npz,0.5521846238933688,0.7336835119049877,0.5521846238933688
rat0222,shuffle_null_mean,,254.0,/Users/Hannah/Programming/data_eyeblink/geometry_preservation_outputs/geometry_preservation_rat0222_set0222_dim3_bins5_2026-04-29_08-40-29.npz,0.5238094324893904,0.7147220427489398,0.5238094324893904
rat0222,shuffle_null_mean,,255.0,/Users/Hannah/Programming/data_eyeblink/geometry_preservation_outputs/geometry_preservation_rat0222_set0222_dim3_bins5_2026-04-29_08-40-29.npz,0.5726613356826471,0.7482033792462929,0.5726613356826472
rat0222,shuffle_null_mean,,256.0,/Users/Hannah/Programming/data_eyeblink/geometry_preservation_outputs/geometry_preservation_rat0222_set0222_dim3_bins5_2026-04-29_08-40-29.npz,0.47944247216207936,0.6805861083445897,0.47944247216207936
rat0222,shuffle_null_mean,,257.0,/Users/Hannah/Programming/data_eyeblink/geometry_preservation_outputs/geometry_preservation_rat0222_set0222_dim3_bins5_2026-04-29_08-40-29.npz,0.5362663458335801,0.7250332451316448,0.5362663458335801
rat0222,shuffle_null_mean,,258.0,/Users/Hannah/Programming/data_eyeblink/geometry_preservation_outputs/geometry_preservation_rat0222_set0222_dim3_bins5_2026-04-29_08-40-29.npz,0.4924518193533151,0.6911788996057431,0.4924518193533151
rat0222,shuffle_null_mean,,259.0,/Users/Hannah/Programming/data_eyeblink/geometry_preservation_outputs/geometry_preservation_rat0222_set0222_dim3_bins5_2026-04-29_08-40-29.npz,0.5277919595599261,0.710373964928415,0.527791959559926
rat0222,shuffle_null_mean,,260.0,/Users/Hannah/Programming/data_eyeblink/geometry_preservation_outputs/geometry_preservation_rat0222_set0222_dim3_bins5_2026-04-29_08-40-29.npz,0.570147138321587,0.7466888455829092,0.570147138321587
rat0222,shuffle_null_mean,,261.0,/Users/Hannah/Programming/data_eyeblink/geometry_preservation_outputs/geometry_preservation_rat0222_set0222_dim3_bins5_2026-04-29_08-40-29.npz,0.503096344231003,0.6992670455854313,0.503096344231003
rat0222,shuffle_null_mean,,262.0,/Users/Hannah/Programming/data_eyeblink/geometry_preservation_outputs/geometry_preservation_rat0222_set0222_dim3_bins5_2026-04-29_08-40-29.npz,0.49859989953243466,0.6961304471423377,0.4985998995324346
rat0222,shuffle_null_mean,,263.0,/Users/Hannah/Programming/data_eyeblink/geometry_preservation_outputs/geometry_preservation_rat0222_set0222_dim3_bins5_2026-04-29_08-40-29.npz,0.49719986945730177,0.6954230297003393,0.49719986945730177
rat0222,shuffle_null_mean,,264.0,/Users/Hannah/Programming/data_eyeblink/geometry_preservation_outputs/geometry_preservation_rat0222_set0222_dim3_bins5_2026-04-29_08-40-29.npz,0.5536059799788398,0.7372121752844089,0.5536059799788398
rat0222,shuffle_null_mean,,265.0,/Users/Hannah/Programming/data_eyeblink/geometry_preservation_outputs/geometry_preservation_rat0222_set0222_dim3_bins5_2026-04-29_08-40-29.npz,0.5035152098372031,0.6986394135380294,0.5035152098372031
rat0222,shuffle_null_mean,,266.0,/Users/Hannah/Programming/data_eyeblink/geometry_preservation_outputs/geometry_preservation_rat0222_set0222_dim3_bins5_2026-04-29_08-40-29.npz,0.5595000933851668,0.7366100487793166,0.5595000933851668
rat0222,shuffle_null_mean,,267.0,/Users/Hannah/Programming/data_eyeblink/geometry_preservation_outputs/geometry_preservation_rat0222_set0222_dim3_bins5_2026-04-29_08-40-29.npz,0.5931671001180036,0.7643267318794176,0.5931671001180037
rat0222,shuffle_null_mean,,268.0,/Users/Hannah/Programming/data_eyeblink/geometry_preservation_outputs/geometry_preservation_rat0222_set0222_dim3_bins5_2026-04-29_08-40-29.npz,0.5089743578408584,0.701292527026047,0.5089743578408584
rat0222,shuffle_null_mean,,269.0,/Users/Hannah/Programming/data_eyeblink/geometry_preservation_outputs/geometry_preservation_rat0222_set0222_dim3_bins5_2026-04-29_08-40-29.npz,0.48111350364249994,0.6821711509660683,0.4811135036425
rat0222,shuffle_null_mean,,270.0,/Users/Hannah/Programming/data_eyeblink/geometry_preservation_outputs/geometry_preservation_rat0222_set0222_dim3_bins5_2026-04-29_08-40-29.npz,0.5969899686806271,0.7612075838863487,0.5969899686806271
rat0222,shuffle_null_mean,,271.0,/Users/Hannah/Programming/data_eyeblink/geometry_preservation_outputs/geometry_preservation_rat0222_set0222_dim3_bins5_2026-04-29_08-40-29.npz,0.5396951123842011,0.7291443210627316,0.5396951123842011
rat0222,shuffle_null_mean,,272.0,/Users/Hannah/Programming/data_eyeblink/geometry_preservation_outputs/geometry_preservation_rat0222_set0222_dim3_bins5_2026-04-29_08-40-29.npz,0.5472525451736712,0.732110787236361,0.5472525451736712
rat0222,shuffle_null_mean,,273.0,/Users/Hannah/Programming/data_eyeblink/geometry_preservation_outputs/geometry_preservation_rat0222_set0222_dim3_bins5_2026-04-29_08-40-29.npz,0.6162151334432084,0.7791398442990075,0.6162151334432084
rat0222,shuffle_null_mean,,274.0,/Users/Hannah/Programming/data_eyeblink/geometry_preservation_outputs/geometry_preservation_rat0222_set0222_dim3_bins5_2026-04-29_08-40-29.npz,0.4424670656246694,0.6492466343104819,0.44246706562466953
rat0222,shuffle_null_mean,,275.0,/Users/Hannah/Programming/data_eyeblink/geometry_preservation_outputs/geometry_preservation_rat0222_set0222_dim3_bins5_2026-04-29_08-40-29.npz,0.5185533808895059,0.7115560113603695,0.5185533808895059
rat0222,shuffle_null_mean,,276.0,/Users/Hannah/Programming/data_eyeblink/geometry_preservation_outputs/geometry_preservation_rat0222_set0222_dim3_bins5_2026-04-29_08-40-29.npz,0.5187049039274844,0.7076944439976414,0.5187049039274844
rat0222,shuffle_null_mean,,277.0,/Users/Hannah/Programming/data_eyeblink/geometry_preservation_outputs/geometry_preservation_rat0222_set0222_dim3_bins5_2026-04-29_08-40-29.npz,0.47007085331171583,0.6750699143027963,0.47007085331171583
rat0222,shuffle_null_mean,,278.0,/Users/Hannah/Programming/data_eyeblink/geometry_preservation_outputs/geometry_preservation_rat0222_set0222_dim3_bins5_2026-04-29_08-40-29.npz,0.5127191706862824,0.7057286776452595,0.5127191706862824
rat0222,shuffle_null_mean,,279.0,/Users/Hannah/Programming/data_eyeblink/geometry_preservation_outputs/geometry_preservation_rat0222_set0222_dim3_bins5_2026-04-29_08-40-29.npz,0.552601731028202,0.7363155661515759,0.552601731028202
rat0222,shuffle_null_mean,,280.0,/Users/Hannah/Programming/data_eyeblink/geometry_preservation_outputs/geometry_preservation_rat0222_set0222_dim3_bins5_2026-04-29_08-40-29.npz,0.47946894746850555,0.6822001833870733,0.47946894746850566
rat0222,shuffle_null_mean,,281.0,/Users/Hannah/Programming/data_eyeblink/geometry_preservation_outputs/geometry_preservation_rat0222_set0222_dim3_bins5_2026-04-29_08-40-29.npz,0.5480643489526725,0.7301179227451098,0.5480643489526724
rat0222,shuffle_null_mean,,282.0,/Users/Hannah/Programming/data_eyeblink/geometry_preservation_outputs/geometry_preservation_rat0222_set0222_dim3_bins5_2026-04-29_08-40-29.npz,0.5621402150706197,0.7440329465038491,0.5621402150706197
rat0222,shuffle_null_mean,,283.0,/Users/Hannah/Programming/data_eyeblink/geometry_preservation_outputs/geometry_preservation_rat0222_set0222_dim3_bins5_2026-04-29_08-40-29.npz,0.5685988745600693,0.7466943051668389,0.5685988745600693
rat0222,shuffle_null_mean,,284.0,/Users/Hannah/Programming/data_eyeblink/geometry_preservation_outputs/geometry_preservation_rat0222_set0222_dim3_bins5_2026-04-29_08-40-29.npz,0.5571250276837618,0.7350258195118482,0.5571250276837618
rat0222,shuffle_null_mean,,285.0,/Users/Hannah/Programming/data_eyeblink/geometry_preservation_outputs/geometry_preservation_rat0222_set0222_dim3_bins5_2026-04-29_08-40-29.npz,0.5129185743249474,0.707233250536927,0.5129185743249473
rat0222,shuffle_null_mean,,286.0,/Users/Hannah/Programming/data_eyeblink/geometry_preservation_outputs/geometry_preservation_rat0222_set0222_dim3_bins5_2026-04-29_08-40-29.npz,0.5110475578559937,0.7039513296262869,0.5110475578559937
rat0222,shuffle_null_mean,,287.0,/Users/Hannah/Programming/data_eyeblink/geometry_preservation_outputs/geometry_preservation_rat0222_set0222_dim3_bins5_2026-04-29_08-40-29.npz,0.5389760242180192,0.7261537006058065,0.538976024218019
rat0222,shuffle_null_mean,,288.0,/Users/Hannah/Programming/data_eyeblink/geometry_preservation_outputs/geometry_preservation_rat0222_set0222_dim3_bins5_2026-04-29_08-40-29.npz,0.5718451400849694,0.7516853461600295,0.5718451400849694
rat0222,shuffle_null_mean,,289.0,/Users/Hannah/Programming/data_eyeblink/geometry_preservation_outputs/geometry_preservation_rat0222_set0222_dim3_bins5_2026-04-29_08-40-29.npz,0.5412783238599306,0.725302979891276,0.5412783238599307
rat0222,shuffle_null_mean,,290.0,/Users/Hannah/Programming/data_eyeblink/geometry_preservation_outputs/geometry_preservation_rat0222_set0222_dim3_bins5_2026-04-29_08-40-29.npz,0.5955121229746698,0.7677856811411522,0.5955121229746699
rat0222,shuffle_null_mean,,291.0,/Users/Hannah/Programming/data_eyeblink/geometry_preservation_outputs/geometry_preservation_rat0222_set0222_dim3_bins5_2026-04-29_08-40-29.npz,0.5230371992271724,0.7140568302200424,0.5230371992271724
rat0222,shuffle_null_mean,,292.0,/Users/Hannah/Programming/data_eyeblink/geometry_preservation_outputs/geometry_preservation_rat0222_set0222_dim3_bins5_2026-04-29_08-40-29.npz,0.5663341249428819,0.7367162429467188,0.5663341249428819
rat0222,shuffle_null_mean,,293.0,/Users/Hannah/Programming/data_eyeblink/geometry_preservation_outputs/geometry_preservation_rat0222_set0222_dim3_bins5_2026-04-29_08-40-29.npz,0.49172930467769466,0.6901038036559661,0.4917293046776946
rat0222,shuffle_null_mean,,294.0,/Users/Hannah/Programming/data_eyeblink/geometry_preservation_outputs/geometry_preservation_rat0222_set0222_dim3_bins5_2026-04-29_08-40-29.npz,0.5256395319475876,0.7167788374667275,0.5256395319475875
rat0222,shuffle_null_mean,,295.0,/Users/Hannah/Programming/data_eyeblink/geometry_preservation_outputs/geometry_preservation_rat0222_set0222_dim3_bins5_2026-04-29_08-40-29.npz,0.5542693366307359,0.7373632807566234,0.5542693366307359
rat0222,shuffle_null_mean,,296.0,/Users/Hannah/Programming/data_eyeblink/geometry_preservation_outputs/geometry_preservation_rat0222_set0222_dim3_bins5_2026-04-29_08-40-29.npz,0.569550816851746,0.7442929643035595,0.569550816851746
rat0222,shuffle_null_mean,,297.0,/Users/Hannah/Programming/data_eyeblink/geometry_preservation_outputs/geometry_preservation_rat0222_set0222_dim3_bins5_2026-04-29_08-40-29.npz,0.5631551749818584,0.7405618341135949,0.5631551749818584
rat0222,shuffle_null_mean,,298.0,/Users/Hannah/Programming/data_eyeblink/geometry_preservation_outputs/geometry_preservation_rat0222_set0222_dim3_bins5_2026-04-29_08-40-29.npz,0.522752973266573,0.715551494597171,0.5227529732665731
rat0222,shuffle_null_mean,,299.0,/Users/Hannah/Programming/data_eyeblink/geometry_preservation_outputs/geometry_preservation_rat0222_set0222_dim3_bins5_2026-04-29_08-40-29.npz,0.47120727004591584,0.6762365102911986,0.4712072700459157
rat0222,shuffle_null_mean,,300.0,/Users/Hannah/Programming/data_eyeblink/geometry_preservation_outputs/geometry_preservation_rat0222_set0222_dim3_bins5_2026-04-29_08-40-29.npz,0.536627686382454,0.7248489694055683,0.5366276863824538
rat0222,shuffle_null_mean,,301.0,/Users/Hannah/Programming/data_eyeblink/geometry_preservation_outputs/geometry_preservation_rat0222_set0222_dim3_bins5_2026-04-29_08-40-29.npz,0.5614785521561948,0.7404316378175995,0.5614785521561947
rat0222,shuffle_null_mean,,302.0,/Users/Hannah/Programming/data_eyeblink/geometry_preservation_outputs/geometry_preservation_rat0222_set0222_dim3_bins5_2026-04-29_08-40-29.npz,0.5862575398802988,0.7586448793852748,0.5862575398802987
rat0222,shuffle_null_mean,,303.0,/Users/Hannah/Programming/data_eyeblink/geometry_preservation_outputs/geometry_preservation_rat0222_set0222_dim3_bins5_2026-04-29_08-40-29.npz,0.5167145193306154,0.7097516058758429,0.5167145193306154
rat0222,shuffle_null_mean,,304.0,/Users/Hannah/Programming/data_eyeblink/geometry_preservation_outputs/geometry_preservation_rat0222_set0222_dim3_bins5_2026-04-29_08-40-29.npz,0.615842860705647,0.7779063741934047,0.6158428607056468
rat0222,shuffle_null_mean,,305.0,/Users/Hannah/Programming/data_eyeblink/geometry_preservation_outputs/geometry_preservation_rat0222_set0222_dim3_bins5_2026-04-29_08-40-29.npz,0.5459841473685076,0.7317461246101282,0.5459841473685074
rat0222,shuffle_null_mean,,306.0,/Users/Hannah/Programming/data_eyeblink/geometry_preservation_outputs/geometry_preservation_rat0222_set0222_dim3_bins5_2026-04-29_08-40-29.npz,0.49717252497251707,0.6934789094234118,0.49717252497251696
rat0222,shuffle_null_mean,,307.0,/Users/Hannah/Programming/data_eyeblink/geometry_preservation_outputs/geometry_preservation_rat0222_set0222_dim3_bins5_2026-04-29_08-40-29.npz,0.5836088881126877,0.7564509710153335,0.5836088881126876
rat0222,shuffle_null_mean,,308.0,/Users/Hannah/Programming/data_eyeblink/geometry_preservation_outputs/geometry_preservation_rat0222_set0222_dim3_bins5_2026-04-29_08-40-29.npz,0.5200081308226484,0.7146023549547615,0.5200081308226483
rat0222,shuffle_null_mean,,309.0,/Users/Hannah/Programming/data_eyeblink/geometry_preservation_outputs/geometry_preservation_rat0222_set0222_dim3_bins5_2026-04-29_08-40-29.npz,0.5574126375771121,0.7328194356556097,0.5574126375771121
rat0222,shuffle_null_mean,,310.0,/Users/Hannah/Programming/data_eyeblink/geometry_preservation_outputs/geometry_preservation_rat0222_set0222_dim3_bins5_2026-04-29_08-40-29.npz,0.6065376592003964,0.7696886749683352,0.6065376592003964
rat0222,shuffle_null_mean,,311.0,/Users/Hannah/Programming/data_eyeblink/geometry_preservation_outputs/geometry_preservation_rat0222_set0222_dim3_bins5_2026-04-29_08-40-29.npz,0.5309232238245735,0.7153227257531931,0.5309232238245735
rat0222,shuffle_null_mean,,312.0,/Users/Hannah/Programming/data_eyeblink/geometry_preservation_outputs/geometry_preservation_rat0222_set0222_dim3_bins5_2026-04-29_08-40-29.npz,0.5748217980447519,0.753877554624166,0.5748217980447518
rat0222,shuffle_null_mean,,313.0,/Users/Hannah/Programming/data_eyeblink/geometry_preservation_outputs/geometry_preservation_rat0222_set0222_dim3_bins5_2026-04-29_08-40-29.npz,0.5674377393353878,0.7394008747473468,0.5674377393353879
rat0222,shuffle_null_mean,,314.0,/Users/Hannah/Programming/data_eyeblink/geometry_preservation_outputs/geometry_preservation_rat0222_set0222_dim3_bins5_2026-04-29_08-40-29.npz,0.5309335823153682,0.7138154744870191,0.5309335823153682
rat0222,shuffle_null_mean,,315.0,/Users/Hannah/Programming/data_eyeblink/geometry_preservation_outputs/geometry_preservation_rat0222_set0222_dim3_bins5_2026-04-29_08-40-29.npz,0.44884996471917155,0.6618480025398996,0.44884996471917155
rat0222,shuffle_null_mean,,316.0,/Users/Hannah/Programming/data_eyeblink/geometry_preservation_outputs/geometry_preservation_rat0222_set0222_dim3_bins5_2026-04-29_08-40-29.npz,0.5969975826380763,0.7683820318307893,0.5969975826380763
rat0222,shuffle_null_mean,,317.0,/Users/Hannah/Programming/data_eyeblink/geometry_preservation_outputs/geometry_preservation_rat0222_set0222_dim3_bins5_2026-04-29_08-40-29.npz,0.6132068255394083,0.7771509242601934,0.6132068255394084
rat0222,shuffle_null_mean,,318.0,/Users/Hannah/Programming/data_eyeblink/geometry_preservation_outputs/geometry_preservation_rat0222_set0222_dim3_bins5_2026-04-29_08-40-29.npz,0.5424240069505745,0.726859184084055,0.5424240069505745
rat0222,shuffle_null_mean,,319.0,/Users/Hannah/Programming/data_eyeblink/geometry_preservation_outputs/geometry_preservation_rat0222_set0222_dim3_bins5_2026-04-29_08-40-29.npz,0.5840465923500329,0.755682064237835,0.5840465923500329
rat0222,shuffle_null_mean,,320.0,/Users/Hannah/Programming/data_eyeblink/geometry_preservation_outputs/geometry_preservation_rat0222_set0222_dim3_bins5_2026-04-29_08-40-29.npz,0.5707393318021892,0.7502846782987604,0.5707393318021892
rat0222,shuffle_null_mean,,321.0,/Users/Hannah/Programming/data_eyeblink/geometry_preservation_outputs/geometry_preservation_rat0222_set0222_dim3_bins5_2026-04-29_08-40-29.npz,0.5860365692907832,0.7586355859327227,0.5860365692907831
rat0222,shuffle_null_mean,,322.0,/Users/Hannah/Programming/data_eyeblink/geometry_preservation_outputs/geometry_preservation_rat0222_set0222_dim3_bins5_2026-04-29_08-40-29.npz,0.5170228905256986,0.7035917069400884,0.5170228905256985
rat0222,shuffle_null_mean,,323.0,/Users/Hannah/Programming/data_eyeblink/geometry_preservation_outputs/geometry_preservation_rat0222_set0222_dim3_bins5_2026-04-29_08-40-29.npz,0.5817576405931372,0.7558874557880948,0.5817576405931372
rat0222,shuffle_null_mean,,324.0,/Users/Hannah/Programming/data_eyeblink/geometry_preservation_outputs/geometry_preservation_rat0222_set0222_dim3_bins5_2026-04-29_08-40-29.npz,0.5399870722501199,0.7284885906940135,0.5399870722501199
rat0222,shuffle_null_mean,,325.0,/Users/Hannah/Programming/data_eyeblink/geometry_preservation_outputs/geometry_preservation_rat0222_set0222_dim3_bins5_2026-04-29_08-40-29.npz,0.5001267188215508,0.6942532465901788,0.5001267188215508
rat0222,shuffle_null_mean,,326.0,/Users/Hannah/Programming/data_eyeblink/geometry_preservation_outputs/geometry_preservation_rat0222_set0222_dim3_bins5_2026-04-29_08-40-29.npz,0.552733039694823,0.7360050421839668,0.552733039694823
rat0222,shuffle_null_mean,,327.0,/Users/Hannah/Programming/data_eyeblink/geometry_preservation_outputs/geometry_preservation_rat0222_set0222_dim3_bins5_2026-04-29_08-40-29.npz,0.5998844827816734,0.770903490737388,0.5998844827816734
rat0222,shuffle_null_mean,,328.0,/Users/Hannah/Programming/data_eyeblink/geometry_preservation_outputs/geometry_preservation_rat0222_set0222_dim3_bins5_2026-04-29_08-40-29.npz,0.5630831902382931,0.7355276218025774,0.5630831902382931
rat0222,shuffle_null_mean,,329.0,/Users/Hannah/Programming/data_eyeblink/geometry_preservation_outputs/geometry_preservation_rat0222_set0222_dim3_bins5_2026-04-29_08-40-29.npz,0.5327062730006876,0.7219198677679686,0.5327062730006876
rat0222,shuffle_null_mean,,330.0,/Users/Hannah/Programming/data_eyeblink/geometry_preservation_outputs/geometry_preservation_rat0222_set0222_dim3_bins5_2026-04-29_08-40-29.npz,0.6036097514718086,0.7706205275187591,0.6036097514718086
rat0222,shuffle_null_mean,,331.0,/Users/Hannah/Programming/data_eyeblink/geometry_preservation_outputs/geometry_preservation_rat0222_set0222_dim3_bins5_2026-04-29_08-40-29.npz,0.5498811187813424,0.7296910738506074,0.5498811187813424
rat0222,shuffle_null_mean,,332.0,/Users/Hannah/Programming/data_eyeblink/geometry_preservation_outputs/geometry_preservation_rat0222_set0222_dim3_bins5_2026-04-29_08-40-29.npz,0.5504012792524757,0.7303016812764568,0.5504012792524757
rat0222,shuffle_null_mean,,333.0,/Users/Hannah/Programming/data_eyeblink/geometry_preservation_outputs/geometry_preservation_rat0222_set0222_dim3_bins5_2026-04-29_08-40-29.npz,0.5535901218507449,0.737977115678509,0.5535901218507449
rat0222,shuffle_null_mean,,334.0,/Users/Hannah/Programming/data_eyeblink/geometry_preservation_outputs/geometry_preservation_rat0222_set0222_dim3_bins5_2026-04-29_08-40-29.npz,0.5451168577761616,0.7253581675682813,0.5451168577761616
rat0222,shuffle_null_mean,,335.0,/Users/Hannah/Programming/data_eyeblink/geometry_preservation_outputs/geometry_preservation_rat0222_set0222_dim3_bins5_2026-04-29_08-40-29.npz,0.562945400015906,0.7375509933032518,0.562945400015906
rat0222,shuffle_null_mean,,336.0,/Users/Hannah/Programming/data_eyeblink/geometry_preservation_outputs/geometry_preservation_rat0222_set0222_dim3_bins5_2026-04-29_08-40-29.npz,0.6071276748109401,0.7743731147933356,0.6071276748109401
rat0222,shuffle_null_mean,,337.0,/Users/Hannah/Programming/data_eyeblink/geometry_preservation_outputs/geometry_preservation_rat0222_set0222_dim3_bins5_2026-04-29_08-40-29.npz,0.5667045010052594,0.7431919180399758,0.5667045010052594
rat0222,shuffle_null_mean,,338.0,/Users/Hannah/Programming/data_eyeblink/geometry_preservation_outputs/geometry_preservation_rat0222_set0222_dim3_bins5_2026-04-29_08-40-29.npz,0.5755469527284426,0.7490814713976015,0.5755469527284426
rat0222,shuffle_null_mean,,339.0,/Users/Hannah/Programming/data_eyeblink/geometry_preservation_outputs/geometry_preservation_rat0222_set0222_dim3_bins5_2026-04-29_08-40-29.npz,0.4718049629973411,0.6816712341295794,0.471804962997341
rat0222,shuffle_null_mean,,340.0,/Users/Hannah/Programming/data_eyeblink/geometry_preservation_outputs/geometry_preservation_rat0222_set0222_dim3_bins5_2026-04-29_08-40-29.npz,0.5706259876903504,0.7484832207351003,0.5706259876903504
rat0222,shuffle_null_mean,,341.0,/Users/Hannah/Programming/data_eyeblink/geometry_preservation_outputs/geometry_preservation_rat0222_set0222_dim3_bins5_2026-04-29_08-40-29.npz,0.5756477926394258,0.7514783561580983,0.5756477926394258
rat0222,shuffle_null_mean,,342.0,/Users/Hannah/Programming/data_eyeblink/geometry_preservation_outputs/geometry_preservation_rat0222_set0222_dim3_bins5_2026-04-29_08-40-29.npz,0.557167799356604,0.7340687348749938,0.557167799356604
rat0222,shuffle_null_mean,,343.0,/Users/Hannah/Programming/data_eyeblink/geometry_preservation_outputs/geometry_preservation_rat0222_set0222_dim3_bins5_2026-04-29_08-40-29.npz,0.4405018362914812,0.6489287060705506,0.4405018362914811
rat0222,shuffle_null_mean,,344.0,/Users/Hannah/Programming/data_eyeblink/geometry_preservation_outputs/geometry_preservation_rat0222_set0222_dim3_bins5_2026-04-29_08-40-29.npz,0.6090260851150615,0.773576285684731,0.6090260851150616
rat0222,shuffle_null_mean,,345.0,/Users/Hannah/Programming/data_eyeblink/geometry_preservation_outputs/geometry_preservation_rat0222_set0222_dim3_bins5_2026-04-29_08-40-29.npz,0.5379087405433093,0.7257724039158389,0.5379087405433092
rat0222,shuffle_null_mean,,346.0,/Users/Hannah/Programming/data_eyeblink/geometry_preservation_outputs/geometry_preservation_rat0222_set0222_dim3_bins5_2026-04-29_08-40-29.npz,0.5795658285873866,0.7497646807325695,0.5795658285873866
rat0222,shuffle_null_mean,,347.0,/Users/Hannah/Programming/data_eyeblink/geometry_preservation_outputs/geometry_preservation_rat0222_set0222_dim3_bins5_2026-04-29_08-40-29.npz,0.4992688160513482,0.6991045995951934,0.49926881605134826
rat0222,shuffle_null_mean,,348.0,/Users/Hannah/Programming/data_eyeblink/geometry_preservation_outputs/geometry_preservation_rat0222_set0222_dim3_bins5_2026-04-29_08-40-29.npz,0.5438085111858711,0.7168070775905153,0.5438085111858713
rat0222,shuffle_null_mean,,349.0,/Users/Hannah/Programming/data_eyeblink/geometry_preservation_outputs/geometry_preservation_rat0222_set0222_dim3_bins5_2026-04-29_08-40-29.npz,0.5340847033896985,0.7186028648638199,0.5340847033896983
rat0222,shuffle_null_mean,,350.0,/Users/Hannah/Programming/data_eyeblink/geometry_preservation_outputs/geometry_preservation_rat0222_set0222_dim3_bins5_2026-04-29_08-40-29.npz,0.53399663183228,0.7239038316193891,0.53399663183228
rat0222,shuffle_null_mean,,351.0,/Users/Hannah/Programming/data_eyeblink/geometry_preservation_outputs/geometry_preservation_rat0222_set0222_dim3_bins5_2026-04-29_08-40-29.npz,0.5402325949132071,0.72969208899244,0.540232594913207
rat0222,shuffle_null_mean,,352.0,/Users/Hannah/Programming/data_eyeblink/geometry_preservation_outputs/geometry_preservation_rat0222_set0222_dim3_bins5_2026-04-29_08-40-29.npz,0.5638570184992374,0.7424385852747076,0.5638570184992374
rat0222,shuffle_null_mean,,353.0,/Users/Hannah/Programming/data_eyeblink/geometry_preservation_outputs/geometry_preservation_rat0222_set0222_dim3_bins5_2026-04-29_08-40-29.npz,0.5031999231533955,0.6989939382503129,0.5031999231533955
rat0222,shuffle_null_mean,,354.0,/Users/Hannah/Programming/data_eyeblink/geometry_preservation_outputs/geometry_preservation_rat0222_set0222_dim3_bins5_2026-04-29_08-40-29.npz,0.5703249198822111,0.7406944322870412,0.5703249198822112
rat0222,shuffle_null_mean,,355.0,/Users/Hannah/Programming/data_eyeblink/geometry_preservation_outputs/geometry_preservation_rat0222_set0222_dim3_bins5_2026-04-29_08-40-29.npz,0.5276681659093695,0.7192275532283262,0.5276681659093694
rat0222,shuffle_null_mean,,356.0,/Users/Hannah/Programming/data_eyeblink/geometry_preservation_outputs/geometry_preservation_rat0222_set0222_dim3_bins5_2026-04-29_08-40-29.npz,0.5135207394444232,0.7071654515704417,0.5135207394444231
rat0222,shuffle_null_mean,,357.0,/Users/Hannah/Programming/data_eyeblink/geometry_preservation_outputs/geometry_preservation_rat0222_set0222_dim3_bins5_2026-04-29_08-40-29.npz,0.5380794552751197,0.7258961316371916,0.5380794552751196
rat0222,shuffle_null_mean,,358.0,/Users/Hannah/Programming/data_eyeblink/geometry_preservation_outputs/geometry_preservation_rat0222_set0222_dim3_bins5_2026-04-29_08-40-29.npz,0.5615392979797511,0.7344413622739124,0.561539297979751
rat0222,shuffle_null_mean,,359.0,/Users/Hannah/Programming/data_eyeblink/geometry_preservation_outputs/geometry_preservation_rat0222_set0222_dim3_bins5_2026-04-29_08-40-29.npz,0.5094318804669656,0.7059345637745423,0.5094318804669655
rat0222,shuffle_null_mean,,360.0,/Users/Hannah/Programming/data_eyeblink/geometry_preservation_outputs/geometry_preservation_rat0222_set0222_dim3_bins5_2026-04-29_08-40-29.npz,0.5306708274369265,0.7134389462359572,0.5306708274369266
rat0222,shuffle_null_mean,,361.0,/Users/Hannah/Programming/data_eyeblink/geometry_preservation_outputs/geometry_preservation_rat0222_set0222_dim3_bins5_2026-04-29_08-40-29.npz,0.53933099304175,0.7246313550247643,0.53933099304175
rat0222,shuffle_null_mean,,362.0,/Users/Hannah/Programming/data_eyeblink/geometry_preservation_outputs/geometry_preservation_rat0222_set0222_dim3_bins5_2026-04-29_08-40-29.npz,0.5288522470380335,0.7163237204820857,0.5288522470380335
rat0222,shuffle_null_mean,,363.0,/Users/Hannah/Programming/data_eyeblink/geometry_preservation_outputs/geometry_preservation_rat0222_set0222_dim3_bins5_2026-04-29_08-40-29.npz,0.5582552064351989,0.7375019593563488,0.5582552064351989
rat0222,shuffle_null_mean,,364.0,/Users/Hannah/Programming/data_eyeblink/geometry_preservation_outputs/geometry_preservation_rat0222_set0222_dim3_bins5_2026-04-29_08-40-29.npz,0.5777721601710696,0.7478109530385204,0.5777721601710696
rat0222,shuffle_null_mean,,365.0,/Users/Hannah/Programming/data_eyeblink/geometry_preservation_outputs/geometry_preservation_rat0222_set0222_dim3_bins5_2026-04-29_08-40-29.npz,0.5207916219813945,0.7176268314878471,0.5207916219813944
rat0222,shuffle_null_mean,,366.0,/Users/Hannah/Programming/data_eyeblink/geometry_preservation_outputs/geometry_preservation_rat0222_set0222_dim3_bins5_2026-04-29_08-40-29.npz,0.48316116253898667,0.6822599313813925,0.48316116253898667
rat0222,shuffle_null_mean,,367.0,/Users/Hannah/Programming/data_eyeblink/geometry_preservation_outputs/geometry_preservation_rat0222_set0222_dim3_bins5_2026-04-29_08-40-29.npz,0.6007148113057205,0.7691749431359284,0.6007148113057204
rat0222,shuffle_null_mean,,368.0,/Users/Hannah/Programming/data_eyeblink/geometry_preservation_outputs/geometry_preservation_rat0222_set0222_dim3_bins5_2026-04-29_08-40-29.npz,0.5790345871089139,0.7541685385447191,0.5790345871089139
rat0222,shuffle_null_mean,,369.0,/Users/Hannah/Programming/data_eyeblink/geometry_preservation_outputs/geometry_preservation_rat0222_set0222_dim3_bins5_2026-04-29_08-40-29.npz,0.5444901027522059,0.7207304103744305,0.5444901027522059
rat0222,shuffle_null_mean,,370.0,/Users/Hannah/Programming/data_eyeblink/geometry_preservation_outputs/geometry_preservation_rat0222_set0222_dim3_bins5_2026-04-29_08-40-29.npz,0.5376474931313953,0.7264719698919614,0.5376474931313953
rat0222,shuffle_null_mean,,371.0,/Users/Hannah/Programming/data_eyeblink/geometry_preservation_outputs/geometry_preservation_rat0222_set0222_dim3_bins5_2026-04-29_08-40-29.npz,0.5115157633554741,0.7012459981110255,0.5115157633554739
rat0222,shuffle_null_mean,,372.0,/Users/Hannah/Programming/data_eyeblink/geometry_preservation_outputs/geometry_preservation_rat0222_set0222_dim3_bins5_2026-04-29_08-40-29.npz,0.5481035476074974,0.7328408172836921,0.5481035476074972
rat0222,shuffle_null_mean,,373.0,/Users/Hannah/Programming/data_eyeblink/geometry_preservation_outputs/geometry_preservation_rat0222_set0222_dim3_bins5_2026-04-29_08-40-29.npz,0.5285095661555477,0.71196515963127,0.5285095661555476
rat0222,shuffle_null_mean,,374.0,/Users/Hannah/Programming/data_eyeblink/geometry_preservation_outputs/geometry_preservation_rat0222_set0222_dim3_bins5_2026-04-29_08-40-29.npz,0.5156854802180343,0.708737512029083,0.5156854802180344
rat0222,shuffle_null_mean,,375.0,/Users/Hannah/Programming/data_eyeblink/geometry_preservation_outputs/geometry_preservation_rat0222_set0222_dim3_bins5_2026-04-29_08-40-29.npz,0.4868657350422292,0.6819168898894812,0.4868657350422292
rat0222,shuffle_null_mean,,376.0,/Users/Hannah/Programming/data_eyeblink/geometry_preservation_outputs/geometry_preservation_rat0222_set0222_dim3_bins5_2026-04-29_08-40-29.npz,0.5766137921419614,0.7551676063843011,0.5766137921419613
rat0222,shuffle_null_mean,,377.0,/Users/Hannah/Programming/data_eyeblink/geometry_preservation_outputs/geometry_preservation_rat0222_set0222_dim3_bins5_2026-04-29_08-40-29.npz,0.6050654703217689,0.7694711888376186,0.6050654703217689
rat0222,shuffle_null_mean,,378.0,/Users/Hannah/Programming/data_eyeblink/geometry_preservation_outputs/geometry_preservation_rat0222_set0222_dim3_bins5_2026-04-29_08-40-29.npz,0.5220320481138018,0.7144330911210913,0.5220320481138018
rat0222,shuffle_null_mean,,379.0,/Users/Hannah/Programming/data_eyeblink/geometry_preservation_outputs/geometry_preservation_rat0222_set0222_dim3_bins5_2026-04-29_08-40-29.npz,0.4949765859938114,0.694809250218849,0.49497658599381145
rat0222,shuffle_null_mean,,380.0,/Users/Hannah/Programming/data_eyeblink/geometry_preservation_outputs/geometry_preservation_rat0222_set0222_dim3_bins5_2026-04-29_08-40-29.npz,0.5613740904812995,0.7420330018754873,0.5613740904812994
rat0222,shuffle_null_mean,,381.0,/Users/Hannah/Programming/data_eyeblink/geometry_preservation_outputs/geometry_preservation_rat0222_set0222_dim3_bins5_2026-04-29_08-40-29.npz,0.5025116007419257,0.6996725516975801,0.5025116007419256
rat0222,shuffle_null_mean,,382.0,/Users/Hannah/Programming/data_eyeblink/geometry_preservation_outputs/geometry_preservation_rat0222_set0222_dim3_bins5_2026-04-29_08-40-29.npz,0.5230377601616165,0.7122319267643641,0.5230377601616165
rat0222,shuffle_null_mean,,383.0,/Users/Hannah/Programming/data_eyeblink/geometry_preservation_outputs/geometry_preservation_rat0222_set0222_dim3_bins5_2026-04-29_08-40-29.npz,0.5043984724719448,0.6961509391162963,0.5043984724719449
rat0222,shuffle_null_mean,,384.0,/Users/Hannah/Programming/data_eyeblink/geometry_preservation_outputs/geometry_preservation_rat0222_set0222_dim3_bins5_2026-04-29_08-40-29.npz,0.509682232339496,0.7050522190932527,0.509682232339496
rat0222,shuffle_null_mean,,385.0,/Users/Hannah/Programming/data_eyeblink/geometry_preservation_outputs/geometry_preservation_rat0222_set0222_dim3_bins5_2026-04-29_08-40-29.npz,0.5554359473113626,0.7341365037940514,0.5554359473113624
rat0222,shuffle_null_mean,,386.0,/Users/Hannah/Programming/data_eyeblink/geometry_preservation_outputs/geometry_preservation_rat0222_set0222_dim3_bins5_2026-04-29_08-40-29.npz,0.47202979910675485,0.672705212054802,0.4720297991067549
rat0222,shuffle_null_mean,,387.0,/Users/Hannah/Programming/data_eyeblink/geometry_preservation_outputs/geometry_preservation_rat0222_set0222_dim3_bins5_2026-04-29_08-40-29.npz,0.5501882199107799,0.7382871615015044,0.5501882199107799
rat0222,shuffle_null_mean,,388.0,/Users/Hannah/Programming/data_eyeblink/geometry_preservation_outputs/geometry_preservation_rat0222_set0222_dim3_bins5_2026-04-29_08-40-29.npz,0.6221095641761817,0.7820604757455095,0.6221095641761817
rat0222,shuffle_null_mean,,389.0,/Users/Hannah/Programming/data_eyeblink/geometry_preservation_outputs/geometry_preservation_rat0222_set0222_dim3_bins5_2026-04-29_08-40-29.npz,0.5373420059956155,0.724359830849955,0.5373420059956155
rat0222,shuffle_null_mean,,390.0,/Users/Hannah/Programming/data_eyeblink/geometry_preservation_outputs/geometry_preservation_rat0222_set0222_dim3_bins5_2026-04-29_08-40-29.npz,0.573254762983312,0.7502257470399737,0.5732547629833119
rat0222,shuffle_null_mean,,391.0,/Users/Hannah/Programming/data_eyeblink/geometry_preservation_outputs/geometry_preservation_rat0222_set0222_dim3_bins5_2026-04-29_08-40-29.npz,0.522072691888131,0.7171169326685696,0.522072691888131
rat0222,shuffle_null_mean,,392.0,/Users/Hannah/Programming/data_eyeblink/geometry_preservation_outputs/geometry_preservation_rat0222_set0222_dim3_bins5_2026-04-29_08-40-29.npz,0.5655588653640049,0.7423021735941859,0.565558865364005
rat0222,shuffle_null_mean,,393.0,/Users/Hannah/Programming/data_eyeblink/geometry_preservation_outputs/geometry_preservation_rat0222_set0222_dim3_bins5_2026-04-29_08-40-29.npz,0.5000957060506268,0.6977177577559635,0.5000957060506268
rat0222,shuffle_null_mean,,394.0,/Users/Hannah/Programming/data_eyeblink/geometry_preservation_outputs/geometry_preservation_rat0222_set0222_dim3_bins5_2026-04-29_08-40-29.npz,0.5657381178019368,0.7415116937529191,0.5657381178019367
rat0222,shuffle_null_mean,,395.0,/Users/Hannah/Programming/data_eyeblink/geometry_preservation_outputs/geometry_preservation_rat0222_set0222_dim3_bins5_2026-04-29_08-40-29.npz,0.454907613860082,0.6589167844445949,0.45490761386008194
rat0222,shuffle_null_mean,,396.0,/Users/Hannah/Programming/data_eyeblink/geometry_preservation_outputs/geometry_preservation_rat0222_set0222_dim3_bins5_2026-04-29_08-40-29.npz,0.5212569413083206,0.7126649715319023,0.5212569413083206
rat0222,shuffle_null_mean,,397.0,/Users/Hannah/Programming/data_eyeblink/geometry_preservation_outputs/geometry_preservation_rat0222_set0222_dim3_bins5_2026-04-29_08-40-29.npz,0.5476627089905263,0.7304073019370827,0.5476627089905264
rat0222,shuffle_null_mean,,398.0,/Users/Hannah/Programming/data_eyeblink/geometry_preservation_outputs/geometry_preservation_rat0222_set0222_dim3_bins5_2026-04-29_08-40-29.npz,0.5575080892968062,0.7388308764373702,0.5575080892968061
rat0222,shuffle_null_mean,,399.0,/Users/Hannah/Programming/data_eyeblink/geometry_preservation_outputs/geometry_preservation_rat0222_set0222_dim3_bins5_2026-04-29_08-40-29.npz,0.5610057837996719,0.7397043701284425,0.5610057837996719
rat0222,shuffle_null_mean,,400.0,/Users/Hannah/Programming/data_eyeblink/geometry_preservation_outputs/geometry_preservation_rat0222_set0222_dim3_bins5_2026-04-29_08-40-29.npz,0.5727076500554716,0.749561390678245,0.5727076500554715
rat0222,shuffle_null_mean,,401.0,/Users/Hannah/Programming/data_eyeblink/geometry_preservation_outputs/geometry_preservation_rat0222_set0222_dim3_bins5_2026-04-29_08-40-29.npz,0.551329276532343,0.7305215087416284,0.551329276532343
rat0222,shuffle_null_mean,,402.0,/Users/Hannah/Programming/data_eyeblink/geometry_preservation_outputs/geometry_preservation_rat0222_set0222_dim3_bins5_2026-04-29_08-40-29.npz,0.54825263067769,0.7322544608954569,0.5482526306776899
rat0222,shuffle_null_mean,,403.0,/Users/Hannah/Programming/data_eyeblink/geometry_preservation_outputs/geometry_preservation_rat0222_set0222_dim3_bins5_2026-04-29_08-40-29.npz,0.5418858482043738,0.7260561523662794,0.5418858482043738
rat0222,shuffle_null_mean,,404.0,/Users/Hannah/Programming/data_eyeblink/geometry_preservation_outputs/geometry_preservation_rat0222_set0222_dim3_bins5_2026-04-29_08-40-29.npz,0.5041069632562595,0.7020350229642294,0.5041069632562595
rat0222,shuffle_null_mean,,405.0,/Users/Hannah/Programming/data_eyeblink/geometry_preservation_outputs/geometry_preservation_rat0222_set0222_dim3_bins5_2026-04-29_08-40-29.npz,0.5388632837004612,0.7208598813921144,0.5388632837004612
rat0222,shuffle_null_mean,,406.0,/Users/Hannah/Programming/data_eyeblink/geometry_preservation_outputs/geometry_preservation_rat0222_set0222_dim3_bins5_2026-04-29_08-40-29.npz,0.5501516868462932,0.7339076526542007,0.5501516868462932
rat0222,shuffle_null_mean,,407.0,/Users/Hannah/Programming/data_eyeblink/geometry_preservation_outputs/geometry_preservation_rat0222_set0222_dim3_bins5_2026-04-29_08-40-29.npz,0.48997974512939085,0.6892500998788424,0.48997974512939074
rat0222,shuffle_null_mean,,408.0,/Users/Hannah/Programming/data_eyeblink/geometry_preservation_outputs/geometry_preservation_rat0222_set0222_dim3_bins5_2026-04-29_08-40-29.npz,0.5817979367489954,0.7572816668330178,0.5817979367489954
rat0222,shuffle_null_mean,,409.0,/Users/Hannah/Programming/data_eyeblink/geometry_preservation_outputs/geometry_preservation_rat0222_set0222_dim3_bins5_2026-04-29_08-40-29.npz,0.6041613739495041,0.7733042973746336,0.6041613739495041
rat0222,shuffle_null_mean,,410.0,/Users/Hannah/Programming/data_eyeblink/geometry_preservation_outputs/geometry_preservation_rat0222_set0222_dim3_bins5_2026-04-29_08-40-29.npz,0.533650909054307,0.7221688279594592,0.5336509090543069
rat0222,shuffle_null_mean,,411.0,/Users/Hannah/Programming/data_eyeblink/geometry_preservation_outputs/geometry_preservation_rat0222_set0222_dim3_bins5_2026-04-29_08-40-29.npz,0.5350987125010006,0.7226700203440971,0.5350987125010006
rat0222,shuffle_null_mean,,412.0,/Users/Hannah/Programming/data_eyeblink/geometry_preservation_outputs/geometry_preservation_rat0222_set0222_dim3_bins5_2026-04-29_08-40-29.npz,0.5187657824700699,0.7111251750172011,0.5187657824700698
rat0222,shuffle_null_mean,,413.0,/Users/Hannah/Programming/data_eyeblink/geometry_preservation_outputs/geometry_preservation_rat0222_set0222_dim3_bins5_2026-04-29_08-40-29.npz,0.4895955700436222,0.6910995490951257,0.4895955700436221
rat0222,shuffle_null_mean,,414.0,/Users/Hannah/Programming/data_eyeblink/geometry_preservation_outputs/geometry_preservation_rat0222_set0222_dim3_bins5_2026-04-29_08-40-29.npz,0.5386382417828403,0.7206644708920822,0.5386382417828403
rat0222,shuffle_null_mean,,415.0,/Users/Hannah/Programming/data_eyeblink/geometry_preservation_outputs/geometry_preservation_rat0222_set0222_dim3_bins5_2026-04-29_08-40-29.npz,0.5482610465767449,0.7280310203562839,0.5482610465767447
rat0222,shuffle_null_mean,,416.0,/Users/Hannah/Programming/data_eyeblink/geometry_preservation_outputs/geometry_preservation_rat0222_set0222_dim3_bins5_2026-04-29_08-40-29.npz,0.5715401846571517,0.7453099725417767,0.5715401846571517
rat0222,shuffle_null_mean,,417.0,/Users/Hannah/Programming/data_eyeblink/geometry_preservation_outputs/geometry_preservation_rat0222_set0222_dim3_bins5_2026-04-29_08-40-29.npz,0.5616250720436424,0.740643312369747,0.5616250720436424
rat0222,shuffle_null_mean,,418.0,/Users/Hannah/Programming/data_eyeblink/geometry_preservation_outputs/geometry_preservation_rat0222_set0222_dim3_bins5_2026-04-29_08-40-29.npz,0.6208446439993186,0.7825010969500161,0.6208446439993187
rat0222,shuffle_null_mean,,419.0,/Users/Hannah/Programming/data_eyeblink/geometry_preservation_outputs/geometry_preservation_rat0222_set0222_dim3_bins5_2026-04-29_08-40-29.npz,0.5240614286507521,0.7136596392551583,0.5240614286507522
rat0222,shuffle_null_mean,,420.0,/Users/Hannah/Programming/data_eyeblink/geometry_preservation_outputs/geometry_preservation_rat0222_set0222_dim3_bins5_2026-04-29_08-40-29.npz,0.5375717133140727,0.7289249869733655,0.5375717133140727
rat0222,shuffle_null_mean,,421.0,/Users/Hannah/Programming/data_eyeblink/geometry_preservation_outputs/geometry_preservation_rat0222_set0222_dim3_bins5_2026-04-29_08-40-29.npz,0.5044009574122846,0.6972710106682142,0.5044009574122846
rat0222,shuffle_null_mean,,422.0,/Users/Hannah/Programming/data_eyeblink/geometry_preservation_outputs/geometry_preservation_rat0222_set0222_dim3_bins5_2026-04-29_08-40-29.npz,0.5625280988551277,0.7435680637685309,0.5625280988551277
rat0222,shuffle_null_mean,,423.0,/Users/Hannah/Programming/data_eyeblink/geometry_preservation_outputs/geometry_preservation_rat0222_set0222_dim3_bins5_2026-04-29_08-40-29.npz,0.5027701104617386,0.7017738346997863,0.5027701104617385
rat0222,shuffle_null_mean,,424.0,/Users/Hannah/Programming/data_eyeblink/geometry_preservation_outputs/geometry_preservation_rat0222_set0222_dim3_bins5_2026-04-29_08-40-29.npz,0.5929262073444052,0.7581693771130475,0.5929262073444052
rat0222,shuffle_null_mean,,425.0,/Users/Hannah/Programming/data_eyeblink/geometry_preservation_outputs/geometry_preservation_rat0222_set0222_dim3_bins5_2026-04-29_08-40-29.npz,0.5256783965942248,0.7114265930580067,0.5256783965942248
rat0222,shuffle_null_mean,,426.0,/Users/Hannah/Programming/data_eyeblink/geometry_preservation_outputs/geometry_preservation_rat0222_set0222_dim3_bins5_2026-04-29_08-40-29.npz,0.4981747492793381,0.6981498658230558,0.49817474927933814
rat0222,shuffle_null_mean,,427.0,/Users/Hannah/Programming/data_eyeblink/geometry_preservation_outputs/geometry_preservation_rat0222_set0222_dim3_bins5_2026-04-29_08-40-29.npz,0.474382194258849,0.6780678395783868,0.474382194258849
rat0222,shuffle_null_mean,,428.0,/Users/Hannah/Programming/data_eyeblink/geometry_preservation_outputs/geometry_preservation_rat0222_set0222_dim3_bins5_2026-04-29_08-40-29.npz,0.5839407611476692,0.7592932363084741,0.5839407611476692
rat0222,shuffle_null_mean,,429.0,/Users/Hannah/Programming/data_eyeblink/geometry_preservation_outputs/geometry_preservation_rat0222_set0222_dim3_bins5_2026-04-29_08-40-29.npz,0.547535838844041,0.7308084711350883,0.547535838844041
rat0222,shuffle_null_mean,,430.0,/Users/Hannah/Programming/data_eyeblink/geometry_preservation_outputs/geometry_preservation_rat0222_set0222_dim3_bins5_2026-04-29_08-40-29.npz,0.60099865811255,0.7682975411752669,0.60099865811255
rat0222,shuffle_null_mean,,431.0,/Users/Hannah/Programming/data_eyeblink/geometry_preservation_outputs/geometry_preservation_rat0222_set0222_dim3_bins5_2026-04-29_08-40-29.npz,0.5539304868859432,0.7375173294726454,0.5539304868859432
rat0222,shuffle_null_mean,,432.0,/Users/Hannah/Programming/data_eyeblink/geometry_preservation_outputs/geometry_preservation_rat0222_set0222_dim3_bins5_2026-04-29_08-40-29.npz,0.5164024641448399,0.7014094128075741,0.5164024641448399
rat0222,shuffle_null_mean,,433.0,/Users/Hannah/Programming/data_eyeblink/geometry_preservation_outputs/geometry_preservation_rat0222_set0222_dim3_bins5_2026-04-29_08-40-29.npz,0.566196717421387,0.7421050417365243,0.5661967174213869
rat0222,shuffle_null_mean,,434.0,/Users/Hannah/Programming/data_eyeblink/geometry_preservation_outputs/geometry_preservation_rat0222_set0222_dim3_bins5_2026-04-29_08-40-29.npz,0.45328445083359836,0.6639283046750698,0.45328445083359836
rat0222,shuffle_null_mean,,435.0,/Users/Hannah/Programming/data_eyeblink/geometry_preservation_outputs/geometry_preservation_rat0222_set0222_dim3_bins5_2026-04-29_08-40-29.npz,0.4712102035216872,0.6742819380364347,0.4712102035216872
rat0222,shuffle_null_mean,,436.0,/Users/Hannah/Programming/data_eyeblink/geometry_preservation_outputs/geometry_preservation_rat0222_set0222_dim3_bins5_2026-04-29_08-40-29.npz,0.4762567643497195,0.6776327227524945,0.4762567643497194
rat0222,shuffle_null_mean,,437.0,/Users/Hannah/Programming/data_eyeblink/geometry_preservation_outputs/geometry_preservation_rat0222_set0222_dim3_bins5_2026-04-29_08-40-29.npz,0.531462922872971,0.71967699051485,0.531462922872971
rat0222,shuffle_null_mean,,438.0,/Users/Hannah/Programming/data_eyeblink/geometry_preservation_outputs/geometry_preservation_rat0222_set0222_dim3_bins5_2026-04-29_08-40-29.npz,0.5521372678368619,0.7344816203736942,0.5521372678368619
rat0222,shuffle_null_mean,,439.0,/Users/Hannah/Programming/data_eyeblink/geometry_preservation_outputs/geometry_preservation_rat0222_set0222_dim3_bins5_2026-04-29_08-40-29.npz,0.5956740940772317,0.7681523174810033,0.5956740940772317
rat0222,shuffle_null_mean,,440.0,/Users/Hannah/Programming/data_eyeblink/geometry_preservation_outputs/geometry_preservation_rat0222_set0222_dim3_bins5_2026-04-29_08-40-29.npz,0.5272012502751025,0.7167838240435092,0.5272012502751025
rat0222,shuffle_null_mean,,441.0,/Users/Hannah/Programming/data_eyeblink/geometry_preservation_outputs/geometry_preservation_rat0222_set0222_dim3_bins5_2026-04-29_08-40-29.npz,0.5623034209625273,0.7422627994878771,0.5623034209625271
rat0222,shuffle_null_mean,,442.0,/Users/Hannah/Programming/data_eyeblink/geometry_preservation_outputs/geometry_preservation_rat0222_set0222_dim3_bins5_2026-04-29_08-40-29.npz,0.5723316303202957,0.7496691309510021,0.5723316303202958
rat0222,shuffle_null_mean,,443.0,/Users/Hannah/Programming/data_eyeblink/geometry_preservation_outputs/geometry_preservation_rat0222_set0222_dim3_bins5_2026-04-29_08-40-29.npz,0.531299505581938,0.7232792350681841,0.5312995055819381
rat0222,shuffle_null_mean,,444.0,/Users/Hannah/Programming/data_eyeblink/geometry_preservation_outputs/geometry_preservation_rat0222_set0222_dim3_bins5_2026-04-29_08-40-29.npz,0.501606657881412,0.6937888568143428,0.501606657881412
rat0222,shuffle_null_mean,,445.0,/Users/Hannah/Programming/data_eyeblink/geometry_preservation_outputs/geometry_preservation_rat0222_set0222_dim3_bins5_2026-04-29_08-40-29.npz,0.513927285428703,0.7040550504321574,0.5139272854287029
rat0222,shuffle_null_mean,,446.0,/Users/Hannah/Programming/data_eyeblink/geometry_preservation_outputs/geometry_preservation_rat0222_set0222_dim3_bins5_2026-04-29_08-40-29.npz,0.5230357375365753,0.7122249632207669,0.5230357375365753
rat0222,shuffle_null_mean,,447.0,/Users/Hannah/Programming/data_eyeblink/geometry_preservation_outputs/geometry_preservation_rat0222_set0222_dim3_bins5_2026-04-29_08-40-29.npz,0.5609937323190377,0.7415367461962055,0.5609937323190377
rat0222,shuffle_null_mean,,448.0,/Users/Hannah/Programming/data_eyeblink/geometry_preservation_outputs/geometry_preservation_rat0222_set0222_dim3_bins5_2026-04-29_08-40-29.npz,0.5737748336620621,0.7479246743168798,0.573774833662062
rat0222,shuffle_null_mean,,449.0,/Users/Hannah/Programming/data_eyeblink/geometry_preservation_outputs/geometry_preservation_rat0222_set0222_dim3_bins5_2026-04-29_08-40-29.npz,0.5037894590839553,0.6981916294123455,0.5037894590839553
rat0222,shuffle_null_mean,,450.0,/Users/Hannah/Programming/data_eyeblink/geometry_preservation_outputs/geometry_preservation_rat0222_set0222_dim3_bins5_2026-04-29_08-40-29.npz,0.5019273832988564,0.6968342822522609,0.5019273832988563
rat0222,shuffle_null_mean,,451.0,/Users/Hannah/Programming/data_eyeblink/geometry_preservation_outputs/geometry_preservation_rat0222_set0222_dim3_bins5_2026-04-29_08-40-29.npz,0.6078828212905417,0.7762916131094875,0.6078828212905417
rat0222,shuffle_null_mean,,452.0,/Users/Hannah/Programming/data_eyeblink/geometry_preservation_outputs/geometry_preservation_rat0222_set0222_dim3_bins5_2026-04-29_08-40-29.npz,0.5061737262763996,0.7040078608974085,0.5061737262763997
rat0222,shuffle_null_mean,,453.0,/Users/Hannah/Programming/data_eyeblink/geometry_preservation_outputs/geometry_preservation_rat0222_set0222_dim3_bins5_2026-04-29_08-40-29.npz,0.5308962900763168,0.7199032151479374,0.5308962900763169
rat0222,shuffle_null_mean,,454.0,/Users/Hannah/Programming/data_eyeblink/geometry_preservation_outputs/geometry_preservation_rat0222_set0222_dim3_bins5_2026-04-29_08-40-29.npz,0.5921352567614921,0.7619541899313322,0.5921352567614921
rat0222,shuffle_null_mean,,455.0,/Users/Hannah/Programming/data_eyeblink/geometry_preservation_outputs/geometry_preservation_rat0222_set0222_dim3_bins5_2026-04-29_08-40-29.npz,0.5291154668602803,0.7185061178651498,0.5291154668602801
rat0222,shuffle_null_mean,,456.0,/Users/Hannah/Programming/data_eyeblink/geometry_preservation_outputs/geometry_preservation_rat0222_set0222_dim3_bins5_2026-04-29_08-40-29.npz,0.533649844189305,0.7185669097558399,0.533649844189305
rat0222,shuffle_null_mean,,457.0,/Users/Hannah/Programming/data_eyeblink/geometry_preservation_outputs/geometry_preservation_rat0222_set0222_dim3_bins5_2026-04-29_08-40-29.npz,0.5589400315832116,0.7398330092121044,0.5589400315832116
rat0222,shuffle_null_mean,,458.0,/Users/Hannah/Programming/data_eyeblink/geometry_preservation_outputs/geometry_preservation_rat0222_set0222_dim3_bins5_2026-04-29_08-40-29.npz,0.49537895256610354,0.6957906655071565,0.49537895256610354
rat0222,shuffle_null_mean,,459.0,/Users/Hannah/Programming/data_eyeblink/geometry_preservation_outputs/geometry_preservation_rat0222_set0222_dim3_bins5_2026-04-29_08-40-29.npz,0.5982687527226207,0.7689221241636848,0.5982687527226207
rat0222,shuffle_null_mean,,460.0,/Users/Hannah/Programming/data_eyeblink/geometry_preservation_outputs/geometry_preservation_rat0222_set0222_dim3_bins5_2026-04-29_08-40-29.npz,0.5252642637381876,0.715346002918166,0.5252642637381876
rat0222,shuffle_null_mean,,461.0,/Users/Hannah/Programming/data_eyeblink/geometry_preservation_outputs/geometry_preservation_rat0222_set0222_dim3_bins5_2026-04-29_08-40-29.npz,0.5462169726474614,0.7235279851743697,0.5462169726474614
rat0222,shuffle_null_mean,,462.0,/Users/Hannah/Programming/data_eyeblink/geometry_preservation_outputs/geometry_preservation_rat0222_set0222_dim3_bins5_2026-04-29_08-40-29.npz,0.5718567551993152,0.7457325674657436,0.5718567551993151
rat0222,shuffle_null_mean,,463.0,/Users/Hannah/Programming/data_eyeblink/geometry_preservation_outputs/geometry_preservation_rat0222_set0222_dim3_bins5_2026-04-29_08-40-29.npz,0.5595372140347635,0.736280817918659,0.5595372140347634
rat0222,shuffle_null_mean,,464.0,/Users/Hannah/Programming/data_eyeblink/geometry_preservation_outputs/geometry_preservation_rat0222_set0222_dim3_bins5_2026-04-29_08-40-29.npz,0.6092842034169093,0.7756521020039118,0.6092842034169091
rat0222,shuffle_null_mean,,465.0,/Users/Hannah/Programming/data_eyeblink/geometry_preservation_outputs/geometry_preservation_rat0222_set0222_dim3_bins5_2026-04-29_08-40-29.npz,0.5261086332113847,0.7195801860207437,0.5261086332113848
rat0222,shuffle_null_mean,,466.0,/Users/Hannah/Programming/data_eyeblink/geometry_preservation_outputs/geometry_preservation_rat0222_set0222_dim3_bins5_2026-04-29_08-40-29.npz,0.5640533663804805,0.7401496909280015,0.5640533663804804
rat0222,shuffle_null_mean,,467.0,/Users/Hannah/Programming/data_eyeblink/geometry_preservation_outputs/geometry_preservation_rat0222_set0222_dim3_bins5_2026-04-29_08-40-29.npz,0.5445945544420061,0.7308716088851833,0.5445945544420061
rat0222,shuffle_null_mean,,468.0,/Users/Hannah/Programming/data_eyeblink/geometry_preservation_outputs/geometry_preservation_rat0222_set0222_dim3_bins5_2026-04-29_08-40-29.npz,0.5397439606145512,0.7278796175149715,0.5397439606145511
rat0222,shuffle_null_mean,,469.0,/Users/Hannah/Programming/data_eyeblink/geometry_preservation_outputs/geometry_preservation_rat0222_set0222_dim3_bins5_2026-04-29_08-40-29.npz,0.5403722171644987,0.7266881100665802,0.5403722171644987
rat0222,shuffle_null_mean,,470.0,/Users/Hannah/Programming/data_eyeblink/geometry_preservation_outputs/geometry_preservation_rat0222_set0222_dim3_bins5_2026-04-29_08-40-29.npz,0.5416256669367187,0.7232887533477191,0.5416256669367185
rat0222,shuffle_null_mean,,471.0,/Users/Hannah/Programming/data_eyeblink/geometry_preservation_outputs/geometry_preservation_rat0222_set0222_dim3_bins5_2026-04-29_08-40-29.npz,0.5709318929417018,0.74547179803504,0.5709318929417018
rat0222,shuffle_null_mean,,472.0,/Users/Hannah/Programming/data_eyeblink/geometry_preservation_outputs/geometry_preservation_rat0222_set0222_dim3_bins5_2026-04-29_08-40-29.npz,0.5162383956243866,0.7038998239187697,0.5162383956243866
rat0222,shuffle_null_mean,,473.0,/Users/Hannah/Programming/data_eyeblink/geometry_preservation_outputs/geometry_preservation_rat0222_set0222_dim3_bins5_2026-04-29_08-40-29.npz,0.5625543585451726,0.7444437563734485,0.5625543585451727
rat0222,shuffle_null_mean,,474.0,/Users/Hannah/Programming/data_eyeblink/geometry_preservation_outputs/geometry_preservation_rat0222_set0222_dim3_bins5_2026-04-29_08-40-29.npz,0.5474517353546939,0.7307507701411861,0.5474517353546939
rat0222,shuffle_null_mean,,475.0,/Users/Hannah/Programming/data_eyeblink/geometry_preservation_outputs/geometry_preservation_rat0222_set0222_dim3_bins5_2026-04-29_08-40-29.npz,0.5665424275714674,0.7456030995362657,0.5665424275714674
rat0222,shuffle_null_mean,,476.0,/Users/Hannah/Programming/data_eyeblink/geometry_preservation_outputs/geometry_preservation_rat0222_set0222_dim3_bins5_2026-04-29_08-40-29.npz,0.4833177062998398,0.6867041754187191,0.4833177062998398
rat0222,shuffle_null_mean,,477.0,/Users/Hannah/Programming/data_eyeblink/geometry_preservation_outputs/geometry_preservation_rat0222_set0222_dim3_bins5_2026-04-29_08-40-29.npz,0.5468156897146381,0.7323174758661893,0.5468156897146381
rat0222,shuffle_null_mean,,478.0,/Users/Hannah/Programming/data_eyeblink/geometry_preservation_outputs/geometry_preservation_rat0222_set0222_dim3_bins5_2026-04-29_08-40-29.npz,0.530090012932425,0.7162392335776767,0.5300900129324251
rat0222,shuffle_null_mean,,479.0,/Users/Hannah/Programming/data_eyeblink/geometry_preservation_outputs/geometry_preservation_rat0222_set0222_dim3_bins5_2026-04-29_08-40-29.npz,0.5358360401991881,0.7220424752242874,0.535836040199188
rat0222,shuffle_null_mean,,480.0,/Users/Hannah/Programming/data_eyeblink/geometry_preservation_outputs/geometry_preservation_rat0222_set0222_dim3_bins5_2026-04-29_08-40-29.npz,0.5496049722595231,0.7344145999076301,0.549604972259523
rat0222,shuffle_null_mean,,481.0,/Users/Hannah/Programming/data_eyeblink/geometry_preservation_outputs/geometry_preservation_rat0222_set0222_dim3_bins5_2026-04-29_08-40-29.npz,0.5885410710829472,0.7607132575080056,0.5885410710829472
rat0222,shuffle_null_mean,,482.0,/Users/Hannah/Programming/data_eyeblink/geometry_preservation_outputs/geometry_preservation_rat0222_set0222_dim3_bins5_2026-04-29_08-40-29.npz,0.5288138257456034,0.7204177842100532,0.5288138257456034
rat0222,shuffle_null_mean,,483.0,/Users/Hannah/Programming/data_eyeblink/geometry_preservation_outputs/geometry_preservation_rat0222_set0222_dim3_bins5_2026-04-29_08-40-29.npz,0.5425702635828419,0.7308046918686729,0.5425702635828418
rat0222,shuffle_null_mean,,484.0,/Users/Hannah/Programming/data_eyeblink/geometry_preservation_outputs/geometry_preservation_rat0222_set0222_dim3_bins5_2026-04-29_08-40-29.npz,0.4896533797065178,0.693149267468527,0.4896533797065179
rat0222,shuffle_null_mean,,485.0,/Users/Hannah/Programming/data_eyeblink/geometry_preservation_outputs/geometry_preservation_rat0222_set0222_dim3_bins5_2026-04-29_08-40-29.npz,0.5362102447855772,0.7217386593907028,0.5362102447855771
rat0222,shuffle_null_mean,,486.0,/Users/Hannah/Programming/data_eyeblink/geometry_preservation_outputs/geometry_preservation_rat0222_set0222_dim3_bins5_2026-04-29_08-40-29.npz,0.5898734117683542,0.7607429826394794,0.5898734117683542
rat0222,shuffle_null_mean,,487.0,/Users/Hannah/Programming/data_eyeblink/geometry_preservation_outputs/geometry_preservation_rat0222_set0222_dim3_bins5_2026-04-29_08-40-29.npz,0.5631225615793705,0.7433125276975063,0.5631225615793706
rat0222,shuffle_null_mean,,488.0,/Users/Hannah/Programming/data_eyeblink/geometry_preservation_outputs/geometry_preservation_rat0222_set0222_dim3_bins5_2026-04-29_08-40-29.npz,0.550355476975535,0.7358931270365432,0.550355476975535
rat0222,shuffle_null_mean,,489.0,/Users/Hannah/Programming/data_eyeblink/geometry_preservation_outputs/geometry_preservation_rat0222_set0222_dim3_bins5_2026-04-29_08-40-29.npz,0.5691638569190582,0.7472976793022215,0.5691638569190582
rat0222,shuffle_null_mean,,490.0,/Users/Hannah/Programming/data_eyeblink/geometry_preservation_outputs/geometry_preservation_rat0222_set0222_dim3_bins5_2026-04-29_08-40-29.npz,0.5604018554093405,0.7394101363519213,0.5604018554093405
rat0222,shuffle_null_mean,,491.0,/Users/Hannah/Programming/data_eyeblink/geometry_preservation_outputs/geometry_preservation_rat0222_set0222_dim3_bins5_2026-04-29_08-40-29.npz,0.538747088290447,0.7195007202160746,0.5387470882904469
rat0222,shuffle_null_mean,,492.0,/Users/Hannah/Programming/data_eyeblink/geometry_preservation_outputs/geometry_preservation_rat0222_set0222_dim3_bins5_2026-04-29_08-40-29.npz,0.5428142511311,0.7296039157333694,0.5428142511311
rat0222,shuffle_null_mean,,493.0,/Users/Hannah/Programming/data_eyeblink/geometry_preservation_outputs/geometry_preservation_rat0222_set0222_dim3_bins5_2026-04-29_08-40-29.npz,0.572315125846015,0.7467061426013458,0.5723151258460148
rat0222,shuffle_null_mean,,494.0,/Users/Hannah/Programming/data_eyeblink/geometry_preservation_outputs/geometry_preservation_rat0222_set0222_dim3_bins5_2026-04-29_08-40-29.npz,0.5353677031099356,0.7201717494386953,0.5353677031099355
rat0222,shuffle_null_mean,,495.0,/Users/Hannah/Programming/data_eyeblink/geometry_preservation_outputs/geometry_preservation_rat0222_set0222_dim3_bins5_2026-04-29_08-40-29.npz,0.5544813850692474,0.7313797568427156,0.5544813850692475
rat0222,shuffle_null_mean,,496.0,/Users/Hannah/Programming/data_eyeblink/geometry_preservation_outputs/geometry_preservation_rat0222_set0222_dim3_bins5_2026-04-29_08-40-29.npz,0.5060622317932219,0.7035084850244127,0.5060622317932219
rat0222,shuffle_null_mean,,497.0,/Users/Hannah/Programming/data_eyeblink/geometry_preservation_outputs/geometry_preservation_rat0222_set0222_dim3_bins5_2026-04-29_08-40-29.npz,0.5317616580037672,0.7178696028709803,0.5317616580037671
rat0222,shuffle_null_mean,,498.0,/Users/Hannah/Programming/data_eyeblink/geometry_preservation_outputs/geometry_preservation_rat0222_set0222_dim3_bins5_2026-04-29_08-40-29.npz,0.547059528043865,0.7290939938249736,0.5470595280438652
rat0222,shuffle_null_mean,,499.0,/Users/Hannah/Programming/data_eyeblink/geometry_preservation_outputs/geometry_preservation_rat0222_set0222_dim3_bins5_2026-04-29_08-40-29.npz,0.5401809288729262,0.7239031171434837,0.5401809288729262
rat0307,real_run,0.0,,/Users/Hannah/Programming/data_eyeblink/geometry_preservation_outputs/geometry_preservation_rat0307_set0307_dim3_bins5_2026-04-30_22-51-17.npz,0.692018774979453,0.8318766585134201,0.6920187749794533
rat0307,real_run,1.0,,/Users/Hannah/Programming/data_eyeblink/geometry_preservation_outputs/geometry_preservation_rat0307_set0307_dim3_bins5_2026-04-30_22-51-17.npz,0.33286040708082637,0.576940557666755,0.3328604070808264
rat0307,real_run,2.0,,/Users/Hannah/Programming/data_eyeblink/geometry_preservation_outputs/geometry_preservation_rat0307_set0307_dim3_bins5_2026-04-30_22-51-17.npz,0.1329720030948311,0.36465326420427285,0.1329720030948312
rat0307,real_run,3.0,,/Users/Hannah/Programming/data_eyeblink/geometry_preservation_outputs/geometry_preservation_rat0307_set0307_dim3_bins5_2026-04-30_22-51-17.npz,0.11736807169053873,0.3425902387554829,0.11736807169053877
rat0307,real_run,4.0,,/Users/Hannah/Programming/data_eyeblink/geometry_preservation_outputs/geometry_preservation_rat0307_set0307_dim3_bins5_2026-04-30_22-51-17.npz,0.28258409695300246,0.5315863965086038,0.2825840969530026
rat0307,real_run,5.0,,/Users/Hannah/Programming/data_eyeblink/geometry_preservation_outputs/geometry_preservation_rat0307_set0307_dim3_bins5_2026-04-30_22-51-17.npz,0.5176005964250318,0.7194446444480852,0.5176005964250316
rat0307,real_run,6.0,,/Users/Hannah/Programming/data_eyeblink/geometry_preservation_outputs/geometry_preservation_rat0307_set0307_dim3_bins5_2026-04-30_22-51-17.npz,0.4854507272422448,0.6967429420110727,0.48545072724224486
rat0307,real_run,7.0,,/Users/Hannah/Programming/data_eyeblink/geometry_preservation_outputs/geometry_preservation_rat0307_set0307_dim3_bins5_2026-04-30_22-51-17.npz,0.1747030176003741,0.4179749006822947,0.1747030176003741
rat0307,real_run,8.0,,/Users/Hannah/Programming/data_eyeblink/geometry_preservation_outputs/geometry_preservation_rat0307_set0307_dim3_bins5_2026-04-30_22-51-17.npz,0.2680886576824543,0.5177727857684817,0.26808865768245416
rat0307,real_run,9.0,,/Users/Hannah/Programming/data_eyeblink/geometry_preservation_outputs/geometry_preservation_rat0307_set0307_dim3_bins5_2026-04-30_22-51-17.npz,0.26636972663276703,0.5161101884605332,0.26636972663276715
rat0307,real_run,10.0,,/Users/Hannah/Programming/data_eyeblink/geometry_preservation_outputs/geometry_preservation_rat0307_set0307_dim3_bins5_2026-04-30_22-51-17.npz,0.10757508009014143,0.32798640229457904,0.10757508009014147
rat0307,real_run,11.0,,/Users/Hannah/Programming/data_eyeblink/geometry_preservation_outputs/geometry_preservation_rat0307_set0307_dim3_bins5_2026-04-30_22-51-17.npz,0.4868838092753829,0.6977705993199934,0.4868838092753829
rat0307,real_run,12.0,,/Users/Hannah/Programming/data_eyeblink/geometry_preservation_outputs/geometry_preservation_rat0307_set0307_dim3_bins5_2026-04-30_22-51-17.npz,0.25621952305894086,0.5061813144110922,0.25621952305894097
rat0307,real_run,13.0,,/Users/Hannah/Programming/data_eyeblink/geometry_preservation_outputs/geometry_preservation_rat0307_set0307_dim3_bins5_2026-04-30_22-51-17.npz,0.2289050315267813,0.47844020684593525,0.22890503152678135
rat0307,real_run,14.0,,/Users/Hannah/Programming/data_eyeblink/geometry_preservation_outputs/geometry_preservation_rat0307_set0307_dim3_bins5_2026-04-30_22-51-17.npz,0.2093612488274283,0.45756010406003306,0.2093612488274283
rat0307,real_run,15.0,,/Users/Hannah/Programming/data_eyeblink/geometry_preservation_outputs/geometry_preservation_rat0307_set0307_dim3_bins5_2026-04-30_22-51-17.npz,0.5489802734175842,0.7409320302278638,0.5489802734175842
rat0307,real_run,16.0,,/Users/Hannah/Programming/data_eyeblink/geometry_preservation_outputs/geometry_preservation_rat0307_set0307_dim3_bins5_2026-04-30_22-51-17.npz,0.4361770258916939,0.6604369961561012,0.43617702589169394
rat0307,real_run,17.0,,/Users/Hannah/Programming/data_eyeblink/geometry_preservation_outputs/geometry_preservation_rat0307_set0307_dim3_bins5_2026-04-30_22-51-17.npz,0.6584772173784578,0.8114660913300431,0.658477217378458
rat0307,real_run,18.0,,/Users/Hannah/Programming/data_eyeblink/geometry_preservation_outputs/geometry_preservation_rat0307_set0307_dim3_bins5_2026-04-30_22-51-17.npz,0.19417615643242125,0.44065423682567856,0.19417615643242117
rat0307,real_run,19.0,,/Users/Hannah/Programming/data_eyeblink/geometry_preservation_outputs/geometry_preservation_rat0307_set0307_dim3_bins5_2026-04-30_22-51-17.npz,0.5711031369443518,0.7557136606839602,0.5711031369443518
rat0307,shuffle_null_mean,,0.0,/Users/Hannah/Programming/data_eyeblink/geometry_preservation_outputs/geometry_preservation_rat0307_set0307_dim3_bins5_2026-04-30_22-51-17.npz,0.5844583213749057,0.7573743674153469,0.5844583213749057
rat0307,shuffle_null_mean,,1.0,/Users/Hannah/Programming/data_eyeblink/geometry_preservation_outputs/geometry_preservation_rat0307_set0307_dim3_bins5_2026-04-30_22-51-17.npz,0.5228534634101712,0.7142677884009101,0.5228534634101712
rat0307,shuffle_null_mean,,2.0,/Users/Hannah/Programming/data_eyeblink/geometry_preservation_outputs/geometry_preservation_rat0307_set0307_dim3_bins5_2026-04-30_22-51-17.npz,0.5572334945266803,0.7350332711772742,0.5572334945266804
rat0307,shuffle_null_mean,,3.0,/Users/Hannah/Programming/data_eyeblink/geometry_preservation_outputs/geometry_preservation_rat0307_set0307_dim3_bins5_2026-04-30_22-51-17.npz,0.5753271612212622,0.7486368501519767,0.5753271612212622
rat0307,shuffle_null_mean,,4.0,/Users/Hannah/Programming/data_eyeblink/geometry_preservation_outputs/geometry_preservation_rat0307_set0307_dim3_bins5_2026-04-30_22-51-17.npz,0.5386359115543236,0.7207387479325869,0.5386359115543237
rat0307,shuffle_null_mean,,5.0,/Users/Hannah/Programming/data_eyeblink/geometry_preservation_outputs/geometry_preservation_rat0307_set0307_dim3_bins5_2026-04-30_22-51-17.npz,0.6515540156281545,0.8022905380273432,0.6515540156281546
rat0307,shuffle_null_mean,,6.0,/Users/Hannah/Programming/data_eyeblink/geometry_preservation_outputs/geometry_preservation_rat0307_set0307_dim3_bins5_2026-04-30_22-51-17.npz,0.5712886635054061,0.7453039791555518,0.5712886635054061
rat0307,shuffle_null_mean,,7.0,/Users/Hannah/Programming/data_eyeblink/geometry_preservation_outputs/geometry_preservation_rat0307_set0307_dim3_bins5_2026-04-30_22-51-17.npz,0.5745777425705321,0.7492752808475877,0.5745777425705321
rat0307,shuffle_null_mean,,8.0,/Users/Hannah/Programming/data_eyeblink/geometry_preservation_outputs/geometry_preservation_rat0307_set0307_dim3_bins5_2026-04-30_22-51-17.npz,0.587346070954552,0.7505122316803183,0.5873460709545522
rat0307,shuffle_null_mean,,9.0,/Users/Hannah/Programming/data_eyeblink/geometry_preservation_outputs/geometry_preservation_rat0307_set0307_dim3_bins5_2026-04-30_22-51-17.npz,0.5676714685379464,0.7438646721291196,0.5676714685379465
rat0307,shuffle_null_mean,,10.0,/Users/Hannah/Programming/data_eyeblink/geometry_preservation_outputs/geometry_preservation_rat0307_set0307_dim3_bins5_2026-04-30_22-51-17.npz,0.5923769096922987,0.7606004281933554,0.5923769096922987
rat0307,shuffle_null_mean,,11.0,/Users/Hannah/Programming/data_eyeblink/geometry_preservation_outputs/geometry_preservation_rat0307_set0307_dim3_bins5_2026-04-30_22-51-17.npz,0.55110958156564,0.7337761042623372,0.5511095815656403
rat0307,shuffle_null_mean,,12.0,/Users/Hannah/Programming/data_eyeblink/geometry_preservation_outputs/geometry_preservation_rat0307_set0307_dim3_bins5_2026-04-30_22-51-17.npz,0.5695284795524963,0.7443660469816674,0.5695284795524963
rat0307,shuffle_null_mean,,13.0,/Users/Hannah/Programming/data_eyeblink/geometry_preservation_outputs/geometry_preservation_rat0307_set0307_dim3_bins5_2026-04-30_22-51-17.npz,0.5652403316647818,0.7414828974210975,0.5652403316647818
rat0307,shuffle_null_mean,,14.0,/Users/Hannah/Programming/data_eyeblink/geometry_preservation_outputs/geometry_preservation_rat0307_set0307_dim3_bins5_2026-04-30_22-51-17.npz,0.5449083553310274,0.7241670108159477,0.5449083553310275
rat0307,shuffle_null_mean,,15.0,/Users/Hannah/Programming/data_eyeblink/geometry_preservation_outputs/geometry_preservation_rat0307_set0307_dim3_bins5_2026-04-30_22-51-17.npz,0.6168079700331337,0.7791134408194923,0.6168079700331337
rat0307,shuffle_null_mean,,16.0,/Users/Hannah/Programming/data_eyeblink/geometry_preservation_outputs/geometry_preservation_rat0307_set0307_dim3_bins5_2026-04-30_22-51-17.npz,0.6103603339560831,0.773140075864799,0.6103603339560832
rat0307,shuffle_null_mean,,17.0,/Users/Hannah/Programming/data_eyeblink/geometry_preservation_outputs/geometry_preservation_rat0307_set0307_dim3_bins5_2026-04-30_22-51-17.npz,0.5661152196518651,0.7371856850205322,0.5661152196518652
rat0307,shuffle_null_mean,,18.0,/Users/Hannah/Programming/data_eyeblink/geometry_preservation_outputs/geometry_preservation_rat0307_set0307_dim3_bins5_2026-04-30_22-51-17.npz,0.5522047794705487,0.7324497920877364,0.5522047794705487
rat0307,shuffle_null_mean,,19.0,/Users/Hannah/Programming/data_eyeblink/geometry_preservation_outputs/geometry_preservation_rat0307_set0307_dim3_bins5_2026-04-30_22-51-17.npz,0.5452687209041321,0.7294500092770572,0.5452687209041323
rat0307,shuffle_null_mean,,20.0,/Users/Hannah/Programming/data_eyeblink/geometry_preservation_outputs/geometry_preservation_rat0307_set0307_dim3_bins5_2026-04-30_22-51-17.npz,0.5564444411146483,0.7392112131297333,0.5564444411146483
rat0307,shuffle_null_mean,,21.0,/Users/Hannah/Programming/data_eyeblink/geometry_preservation_outputs/geometry_preservation_rat0307_set0307_dim3_bins5_2026-04-30_22-51-17.npz,0.6158944088216386,0.7742394861858892,0.6158944088216385
rat0307,shuffle_null_mean,,22.0,/Users/Hannah/Programming/data_eyeblink/geometry_preservation_outputs/geometry_preservation_rat0307_set0307_dim3_bins5_2026-04-30_22-51-17.npz,0.5788014395675283,0.7530710619910718,0.5788014395675283
rat0307,shuffle_null_mean,,23.0,/Users/Hannah/Programming/data_eyeblink/geometry_preservation_outputs/geometry_preservation_rat0307_set0307_dim3_bins5_2026-04-30_22-51-17.npz,0.544281402189767,0.7283038072168628,0.544281402189767
rat0307,shuffle_null_mean,,24.0,/Users/Hannah/Programming/data_eyeblink/geometry_preservation_outputs/geometry_preservation_rat0307_set0307_dim3_bins5_2026-04-30_22-51-17.npz,0.577647233389124,0.7517952738075355,0.577647233389124
rat0307,shuffle_null_mean,,25.0,/Users/Hannah/Programming/data_eyeblink/geometry_preservation_outputs/geometry_preservation_rat0307_set0307_dim3_bins5_2026-04-30_22-51-17.npz,0.5434752189693172,0.7284827337239358,0.5434752189693175
rat0307,shuffle_null_mean,,26.0,/Users/Hannah/Programming/data_eyeblink/geometry_preservation_outputs/geometry_preservation_rat0307_set0307_dim3_bins5_2026-04-30_22-51-17.npz,0.6171419218800671,0.7770801305948123,0.617141921880067
rat0307,shuffle_null_mean,,27.0,/Users/Hannah/Programming/data_eyeblink/geometry_preservation_outputs/geometry_preservation_rat0307_set0307_dim3_bins5_2026-04-30_22-51-17.npz,0.5574949512783973,0.7406368648391165,0.5574949512783973
rat0307,shuffle_null_mean,,28.0,/Users/Hannah/Programming/data_eyeblink/geometry_preservation_outputs/geometry_preservation_rat0307_set0307_dim3_bins5_2026-04-30_22-51-17.npz,0.6444681404500854,0.8002207713053444,0.6444681404500854
rat0307,shuffle_null_mean,,29.0,/Users/Hannah/Programming/data_eyeblink/geometry_preservation_outputs/geometry_preservation_rat0307_set0307_dim3_bins5_2026-04-30_22-51-17.npz,0.5605029287455716,0.7379982676022827,0.5605029287455716
rat0307,shuffle_null_mean,,30.0,/Users/Hannah/Programming/data_eyeblink/geometry_preservation_outputs/geometry_preservation_rat0307_set0307_dim3_bins5_2026-04-30_22-51-17.npz,0.51973756122187,0.7041442449041596,0.5197375612218701
rat0307,shuffle_null_mean,,31.0,/Users/Hannah/Programming/data_eyeblink/geometry_preservation_outputs/geometry_preservation_rat0307_set0307_dim3_bins5_2026-04-30_22-51-17.npz,0.6075413261730355,0.7628628436097566,0.6075413261730355
rat0307,shuffle_null_mean,,32.0,/Users/Hannah/Programming/data_eyeblink/geometry_preservation_outputs/geometry_preservation_rat0307_set0307_dim3_bins5_2026-04-30_22-51-17.npz,0.6183806043938322,0.7831380458115059,0.6183806043938324
rat0307,shuffle_null_mean,,33.0,/Users/Hannah/Programming/data_eyeblink/geometry_preservation_outputs/geometry_preservation_rat0307_set0307_dim3_bins5_2026-04-30_22-51-17.npz,0.5605170036925132,0.7385078305187773,0.5605170036925132
rat0307,shuffle_null_mean,,34.0,/Users/Hannah/Programming/data_eyeblink/geometry_preservation_outputs/geometry_preservation_rat0307_set0307_dim3_bins5_2026-04-30_22-51-17.npz,0.479682735517274,0.6867893131641047,0.47968273551727403
rat0307,shuffle_null_mean,,35.0,/Users/Hannah/Programming/data_eyeblink/geometry_preservation_outputs/geometry_preservation_rat0307_set0307_dim3_bins5_2026-04-30_22-51-17.npz,0.5326417755602758,0.7204703466993778,0.5326417755602758
rat0307,shuffle_null_mean,,36.0,/Users/Hannah/Programming/data_eyeblink/geometry_preservation_outputs/geometry_preservation_rat0307_set0307_dim3_bins5_2026-04-30_22-51-17.npz,0.5357555408100689,0.7203243167397784,0.535755540810069
rat0307,shuffle_null_mean,,37.0,/Users/Hannah/Programming/data_eyeblink/geometry_preservation_outputs/geometry_preservation_rat0307_set0307_dim3_bins5_2026-04-30_22-51-17.npz,0.5604850406328029,0.7379468443370355,0.5604850406328029
rat0307,shuffle_null_mean,,38.0,/Users/Hannah/Programming/data_eyeblink/geometry_preservation_outputs/geometry_preservation_rat0307_set0307_dim3_bins5_2026-04-30_22-51-17.npz,0.6269767087374338,0.7860218158043796,0.6269767087374339
rat0307,shuffle_null_mean,,39.0,/Users/Hannah/Programming/data_eyeblink/geometry_preservation_outputs/geometry_preservation_rat0307_set0307_dim3_bins5_2026-04-30_22-51-17.npz,0.5321793611370838,0.7214572621505602,0.5321793611370838
rat0307,shuffle_null_mean,,40.0,/Users/Hannah/Programming/data_eyeblink/geometry_preservation_outputs/geometry_preservation_rat0307_set0307_dim3_bins5_2026-04-30_22-51-17.npz,0.5715474947081426,0.7503852432568887,0.5715474947081427
rat0307,shuffle_null_mean,,41.0,/Users/Hannah/Programming/data_eyeblink/geometry_preservation_outputs/geometry_preservation_rat0307_set0307_dim3_bins5_2026-04-30_22-51-17.npz,0.5788434641843916,0.7533438381340438,0.5788434641843918
rat0307,shuffle_null_mean,,42.0,/Users/Hannah/Programming/data_eyeblink/geometry_preservation_outputs/geometry_preservation_rat0307_set0307_dim3_bins5_2026-04-30_22-51-17.npz,0.5935844083491972,0.7652748876971486,0.5935844083491972
rat0307,shuffle_null_mean,,43.0,/Users/Hannah/Programming/data_eyeblink/geometry_preservation_outputs/geometry_preservation_rat0307_set0307_dim3_bins5_2026-04-30_22-51-17.npz,0.6501888282607154,0.7958943884939474,0.6501888282607154
rat0307,shuffle_null_mean,,44.0,/Users/Hannah/Programming/data_eyeblink/geometry_preservation_outputs/geometry_preservation_rat0307_set0307_dim3_bins5_2026-04-30_22-51-17.npz,0.5339998363988523,0.7224907320593154,0.5339998363988523
rat0307,shuffle_null_mean,,45.0,/Users/Hannah/Programming/data_eyeblink/geometry_preservation_outputs/geometry_preservation_rat0307_set0307_dim3_bins5_2026-04-30_22-51-17.npz,0.6156454210564928,0.7768113835953755,0.6156454210564928
rat0307,shuffle_null_mean,,46.0,/Users/Hannah/Programming/data_eyeblink/geometry_preservation_outputs/geometry_preservation_rat0307_set0307_dim3_bins5_2026-04-30_22-51-17.npz,0.5801909885940625,0.7536737631197459,0.5801909885940626
rat0307,shuffle_null_mean,,47.0,/Users/Hannah/Programming/data_eyeblink/geometry_preservation_outputs/geometry_preservation_rat0307_set0307_dim3_bins5_2026-04-30_22-51-17.npz,0.6148358221387872,0.780505672315349,0.6148358221387872
rat0307,shuffle_null_mean,,48.0,/Users/Hannah/Programming/data_eyeblink/geometry_preservation_outputs/geometry_preservation_rat0307_set0307_dim3_bins5_2026-04-30_22-51-17.npz,0.5637977861783848,0.7434406916446477,0.5637977861783848
rat0307,shuffle_null_mean,,49.0,/Users/Hannah/Programming/data_eyeblink/geometry_preservation_outputs/geometry_preservation_rat0307_set0307_dim3_bins5_2026-04-30_22-51-17.npz,0.5735604035658506,0.7488271047621954,0.5735604035658506
rat0307,shuffle_null_mean,,50.0,/Users/Hannah/Programming/data_eyeblink/geometry_preservation_outputs/geometry_preservation_rat0307_set0307_dim3_bins5_2026-04-30_22-51-17.npz,0.5415333236109545,0.7227996074569687,0.5415333236109545
rat0307,shuffle_null_mean,,51.0,/Users/Hannah/Programming/data_eyeblink/geometry_preservation_outputs/geometry_preservation_rat0307_set0307_dim3_bins5_2026-04-30_22-51-17.npz,0.5777594726299311,0.7454854056796665,0.5777594726299312
rat0307,shuffle_null_mean,,52.0,/Users/Hannah/Programming/data_eyeblink/geometry_preservation_outputs/geometry_preservation_rat0307_set0307_dim3_bins5_2026-04-30_22-51-17.npz,0.5942674530085573,0.7651252271401795,0.5942674530085574
rat0307,shuffle_null_mean,,53.0,/Users/Hannah/Programming/data_eyeblink/geometry_preservation_outputs/geometry_preservation_rat0307_set0307_dim3_bins5_2026-04-30_22-51-17.npz,0.5243749853384078,0.7161750688537791,0.5243749853384077
rat0307,shuffle_null_mean,,54.0,/Users/Hannah/Programming/data_eyeblink/geometry_preservation_outputs/geometry_preservation_rat0307_set0307_dim3_bins5_2026-04-30_22-51-17.npz,0.5373458520687514,0.7235537972658906,0.5373458520687515
rat0307,shuffle_null_mean,,55.0,/Users/Hannah/Programming/data_eyeblink/geometry_preservation_outputs/geometry_preservation_rat0307_set0307_dim3_bins5_2026-04-30_22-51-17.npz,0.6199967870032583,0.7794517967304297,0.6199967870032586
rat0307,shuffle_null_mean,,56.0,/Users/Hannah/Programming/data_eyeblink/geometry_preservation_outputs/geometry_preservation_rat0307_set0307_dim3_bins5_2026-04-30_22-51-17.npz,0.607710072325849,0.7683118247286702,0.6077100723258491
rat0307,shuffle_null_mean,,57.0,/Users/Hannah/Programming/data_eyeblink/geometry_preservation_outputs/geometry_preservation_rat0307_set0307_dim3_bins5_2026-04-30_22-51-17.npz,0.602721669437774,0.7711278445255605,0.6027216694377742
rat0307,shuffle_null_mean,,58.0,/Users/Hannah/Programming/data_eyeblink/geometry_preservation_outputs/geometry_preservation_rat0307_set0307_dim3_bins5_2026-04-30_22-51-17.npz,0.5124070459358203,0.7030309388433164,0.5124070459358203
rat0307,shuffle_null_mean,,59.0,/Users/Hannah/Programming/data_eyeblink/geometry_preservation_outputs/geometry_preservation_rat0307_set0307_dim3_bins5_2026-04-30_22-51-17.npz,0.5159151156703722,0.7006411330631725,0.5159151156703723
rat0307,shuffle_null_mean,,60.0,/Users/Hannah/Programming/data_eyeblink/geometry_preservation_outputs/geometry_preservation_rat0307_set0307_dim3_bins5_2026-04-30_22-51-17.npz,0.4814348996772805,0.6802272203029694,0.48143489967728054
rat0307,shuffle_null_mean,,61.0,/Users/Hannah/Programming/data_eyeblink/geometry_preservation_outputs/geometry_preservation_rat0307_set0307_dim3_bins5_2026-04-30_22-51-17.npz,0.5526405739606578,0.7349769382689544,0.5526405739606578
rat0307,shuffle_null_mean,,62.0,/Users/Hannah/Programming/data_eyeblink/geometry_preservation_outputs/geometry_preservation_rat0307_set0307_dim3_bins5_2026-04-30_22-51-17.npz,0.5818486428719024,0.7528785006544074,0.5818486428719025
rat0307,shuffle_null_mean,,63.0,/Users/Hannah/Programming/data_eyeblink/geometry_preservation_outputs/geometry_preservation_rat0307_set0307_dim3_bins5_2026-04-30_22-51-17.npz,0.5984138765711021,0.7649082392633155,0.5984138765711022
rat0307,shuffle_null_mean,,64.0,/Users/Hannah/Programming/data_eyeblink/geometry_preservation_outputs/geometry_preservation_rat0307_set0307_dim3_bins5_2026-04-30_22-51-17.npz,0.5910028282463495,0.7614942696773994,0.5910028282463496
rat0307,shuffle_null_mean,,65.0,/Users/Hannah/Programming/data_eyeblink/geometry_preservation_outputs/geometry_preservation_rat0307_set0307_dim3_bins5_2026-04-30_22-51-17.npz,0.5551239754294643,0.7344724925806927,0.5551239754294645
rat0307,shuffle_null_mean,,66.0,/Users/Hannah/Programming/data_eyeblink/geometry_preservation_outputs/geometry_preservation_rat0307_set0307_dim3_bins5_2026-04-30_22-51-17.npz,0.5348622934048256,0.7237193520057926,0.5348622934048256
rat0307,shuffle_null_mean,,67.0,/Users/Hannah/Programming/data_eyeblink/geometry_preservation_outputs/geometry_preservation_rat0307_set0307_dim3_bins5_2026-04-30_22-51-17.npz,0.5731534995139935,0.750456036180304,0.5731534995139935
rat0307,shuffle_null_mean,,68.0,/Users/Hannah/Programming/data_eyeblink/geometry_preservation_outputs/geometry_preservation_rat0307_set0307_dim3_bins5_2026-04-30_22-51-17.npz,0.5823722412039463,0.7572781693912973,0.5823722412039463
rat0307,shuffle_null_mean,,69.0,/Users/Hannah/Programming/data_eyeblink/geometry_preservation_outputs/geometry_preservation_rat0307_set0307_dim3_bins5_2026-04-30_22-51-17.npz,0.5647631392292962,0.7446841181667863,0.5647631392292962
rat0307,shuffle_null_mean,,70.0,/Users/Hannah/Programming/data_eyeblink/geometry_preservation_outputs/geometry_preservation_rat0307_set0307_dim3_bins5_2026-04-30_22-51-17.npz,0.597435570168064,0.7637269456227075,0.597435570168064
rat0307,shuffle_null_mean,,71.0,/Users/Hannah/Programming/data_eyeblink/geometry_preservation_outputs/geometry_preservation_rat0307_set0307_dim3_bins5_2026-04-30_22-51-17.npz,0.612146564210264,0.7677538095264478,0.612146564210264
rat0307,shuffle_null_mean,,72.0,/Users/Hannah/Programming/data_eyeblink/geometry_preservation_outputs/geometry_preservation_rat0307_set0307_dim3_bins5_2026-04-30_22-51-17.npz,0.6107975944547248,0.7727622292444303,0.6107975944547248
rat0307,shuffle_null_mean,,73.0,/Users/Hannah/Programming/data_eyeblink/geometry_preservation_outputs/geometry_preservation_rat0307_set0307_dim3_bins5_2026-04-30_22-51-17.npz,0.5480652496313186,0.73281012494501,0.5480652496313186
rat0307,shuffle_null_mean,,74.0,/Users/Hannah/Programming/data_eyeblink/geometry_preservation_outputs/geometry_preservation_rat0307_set0307_dim3_bins5_2026-04-30_22-51-17.npz,0.6042490510317081,0.7671144052565594,0.6042490510317082
rat0307,shuffle_null_mean,,75.0,/Users/Hannah/Programming/data_eyeblink/geometry_preservation_outputs/geometry_preservation_rat0307_set0307_dim3_bins5_2026-04-30_22-51-17.npz,0.5784493864386522,0.7544019970185134,0.5784493864386524
rat0307,shuffle_null_mean,,76.0,/Users/Hannah/Programming/data_eyeblink/geometry_preservation_outputs/geometry_preservation_rat0307_set0307_dim3_bins5_2026-04-30_22-51-17.npz,0.5691162211686593,0.743324242271502,0.5691162211686593
rat0307,shuffle_null_mean,,77.0,/Users/Hannah/Programming/data_eyeblink/geometry_preservation_outputs/geometry_preservation_rat0307_set0307_dim3_bins5_2026-04-30_22-51-17.npz,0.5979039454718926,0.7645836435402981,0.5979039454718926
rat0307,shuffle_null_mean,,78.0,/Users/Hannah/Programming/data_eyeblink/geometry_preservation_outputs/geometry_preservation_rat0307_set0307_dim3_bins5_2026-04-30_22-51-17.npz,0.5216034894289803,0.7058117559864339,0.5216034894289803
rat0307,shuffle_null_mean,,79.0,/Users/Hannah/Programming/data_eyeblink/geometry_preservation_outputs/geometry_preservation_rat0307_set0307_dim3_bins5_2026-04-30_22-51-17.npz,0.5703503220998153,0.7453172455837701,0.5703503220998153
rat0307,shuffle_null_mean,,80.0,/Users/Hannah/Programming/data_eyeblink/geometry_preservation_outputs/geometry_preservation_rat0307_set0307_dim3_bins5_2026-04-30_22-51-17.npz,0.576533247133258,0.7515016294152211,0.576533247133258
rat0307,shuffle_null_mean,,81.0,/Users/Hannah/Programming/data_eyeblink/geometry_preservation_outputs/geometry_preservation_rat0307_set0307_dim3_bins5_2026-04-30_22-51-17.npz,0.58705722460268,0.7526004276196859,0.58705722460268
rat0307,shuffle_null_mean,,82.0,/Users/Hannah/Programming/data_eyeblink/geometry_preservation_outputs/geometry_preservation_rat0307_set0307_dim3_bins5_2026-04-30_22-51-17.npz,0.5639914838549072,0.7451449843399918,0.5639914838549072
rat0307,shuffle_null_mean,,83.0,/Users/Hannah/Programming/data_eyeblink/geometry_preservation_outputs/geometry_preservation_rat0307_set0307_dim3_bins5_2026-04-30_22-51-17.npz,0.6124471726504785,0.77445515693382,0.6124471726504787
rat0307,shuffle_null_mean,,84.0,/Users/Hannah/Programming/data_eyeblink/geometry_preservation_outputs/geometry_preservation_rat0307_set0307_dim3_bins5_2026-04-30_22-51-17.npz,0.5777653625304681,0.7532585896252378,0.5777653625304682
rat0307,shuffle_null_mean,,85.0,/Users/Hannah/Programming/data_eyeblink/geometry_preservation_outputs/geometry_preservation_rat0307_set0307_dim3_bins5_2026-04-30_22-51-17.npz,0.566177493776944,0.7448653584261086,0.566177493776944
rat0307,shuffle_null_mean,,86.0,/Users/Hannah/Programming/data_eyeblink/geometry_preservation_outputs/geometry_preservation_rat0307_set0307_dim3_bins5_2026-04-30_22-51-17.npz,0.5861409529124413,0.7583520236612953,0.5861409529124413
rat0307,shuffle_null_mean,,87.0,/Users/Hannah/Programming/data_eyeblink/geometry_preservation_outputs/geometry_preservation_rat0307_set0307_dim3_bins5_2026-04-30_22-51-17.npz,0.5346074095896505,0.7257534636384092,0.5346074095896506
rat0307,shuffle_null_mean,,88.0,/Users/Hannah/Programming/data_eyeblink/geometry_preservation_outputs/geometry_preservation_rat0307_set0307_dim3_bins5_2026-04-30_22-51-17.npz,0.5563878476944607,0.7409455290562331,0.5563878476944608
rat0307,shuffle_null_mean,,89.0,/Users/Hannah/Programming/data_eyeblink/geometry_preservation_outputs/geometry_preservation_rat0307_set0307_dim3_bins5_2026-04-30_22-51-17.npz,0.5435786873248816,0.7272701422158433,0.5435786873248817
rat0307,shuffle_null_mean,,90.0,/Users/Hannah/Programming/data_eyeblink/geometry_preservation_outputs/geometry_preservation_rat0307_set0307_dim3_bins5_2026-04-30_22-51-17.npz,0.5710019786999094,0.7468387550772198,0.5710019786999094
rat0307,shuffle_null_mean,,91.0,/Users/Hannah/Programming/data_eyeblink/geometry_preservation_outputs/geometry_preservation_rat0307_set0307_dim3_bins5_2026-04-30_22-51-17.npz,0.575270320740735,0.7504684603928238,0.575270320740735
rat0307,shuffle_null_mean,,92.0,/Users/Hannah/Programming/data_eyeblink/geometry_preservation_outputs/geometry_preservation_rat0307_set0307_dim3_bins5_2026-04-30_22-51-17.npz,0.5268088711356649,0.7154336308575722,0.526808871135665
rat0307,shuffle_null_mean,,93.0,/Users/Hannah/Programming/data_eyeblink/geometry_preservation_outputs/geometry_preservation_rat0307_set0307_dim3_bins5_2026-04-30_22-51-17.npz,0.5446345917033031,0.7290557314479343,0.5446345917033031
rat0307,shuffle_null_mean,,94.0,/Users/Hannah/Programming/data_eyeblink/geometry_preservation_outputs/geometry_preservation_rat0307_set0307_dim3_bins5_2026-04-30_22-51-17.npz,0.4949099661825528,0.6882457933377488,0.4949099661825528
rat0307,shuffle_null_mean,,95.0,/Users/Hannah/Programming/data_eyeblink/geometry_preservation_outputs/geometry_preservation_rat0307_set0307_dim3_bins5_2026-04-30_22-51-17.npz,0.5378517061516641,0.7236445459788169,0.5378517061516641
rat0307,shuffle_null_mean,,96.0,/Users/Hannah/Programming/data_eyeblink/geometry_preservation_outputs/geometry_preservation_rat0307_set0307_dim3_bins5_2026-04-30_22-51-17.npz,0.5925803977734198,0.758828731427548,0.5925803977734199
rat0307,shuffle_null_mean,,97.0,/Users/Hannah/Programming/data_eyeblink/geometry_preservation_outputs/geometry_preservation_rat0307_set0307_dim3_bins5_2026-04-30_22-51-17.npz,0.5773320608097108,0.7514172794923986,0.577332060809711
rat0307,shuffle_null_mean,,98.0,/Users/Hannah/Programming/data_eyeblink/geometry_preservation_outputs/geometry_preservation_rat0307_set0307_dim3_bins5_2026-04-30_22-51-17.npz,0.5714757292637483,0.7431952231555282,0.5714757292637483
rat0307,shuffle_null_mean,,99.0,/Users/Hannah/Programming/data_eyeblink/geometry_preservation_outputs/geometry_preservation_rat0307_set0307_dim3_bins5_2026-04-30_22-51-17.npz,0.566761110476972,0.7459385193155826,0.566761110476972
rat0307,shuffle_null_mean,,100.0,/Users/Hannah/Programming/data_eyeblink/geometry_preservation_outputs/geometry_preservation_rat0307_set0307_dim3_bins5_2026-04-30_22-51-17.npz,0.5611612216640203,0.7378602893454164,0.5611612216640205
rat0307,shuffle_null_mean,,101.0,/Users/Hannah/Programming/data_eyeblink/geometry_preservation_outputs/geometry_preservation_rat0307_set0307_dim3_bins5_2026-04-30_22-51-17.npz,0.5067849116220756,0.699501764395033,0.5067849116220757
rat0307,shuffle_null_mean,,102.0,/Users/Hannah/Programming/data_eyeblink/geometry_preservation_outputs/geometry_preservation_rat0307_set0307_dim3_bins5_2026-04-30_22-51-17.npz,0.5547981740793064,0.7391752133375802,0.5547981740793064
rat0307,shuffle_null_mean,,103.0,/Users/Hannah/Programming/data_eyeblink/geometry_preservation_outputs/geometry_preservation_rat0307_set0307_dim3_bins5_2026-04-30_22-51-17.npz,0.5630675905953092,0.7366048567844888,0.5630675905953092
rat0307,shuffle_null_mean,,104.0,/Users/Hannah/Programming/data_eyeblink/geometry_preservation_outputs/geometry_preservation_rat0307_set0307_dim3_bins5_2026-04-30_22-51-17.npz,0.5870094610403657,0.75941845462202,0.5870094610403656
rat0307,shuffle_null_mean,,105.0,/Users/Hannah/Programming/data_eyeblink/geometry_preservation_outputs/geometry_preservation_rat0307_set0307_dim3_bins5_2026-04-30_22-51-17.npz,0.6277633241838336,0.7847809928920662,0.6277633241838337
rat0307,shuffle_null_mean,,106.0,/Users/Hannah/Programming/data_eyeblink/geometry_preservation_outputs/geometry_preservation_rat0307_set0307_dim3_bins5_2026-04-30_22-51-17.npz,0.5466387707366289,0.732193599568805,0.546638770736629
rat0307,shuffle_null_mean,,107.0,/Users/Hannah/Programming/data_eyeblink/geometry_preservation_outputs/geometry_preservation_rat0307_set0307_dim3_bins5_2026-04-30_22-51-17.npz,0.5590493969686972,0.7374395615740271,0.5590493969686972
rat0307,shuffle_null_mean,,108.0,/Users/Hannah/Programming/data_eyeblink/geometry_preservation_outputs/geometry_preservation_rat0307_set0307_dim3_bins5_2026-04-30_22-51-17.npz,0.5981987855220957,0.7683273453789153,0.5981987855220959
rat0307,shuffle_null_mean,,109.0,/Users/Hannah/Programming/data_eyeblink/geometry_preservation_outputs/geometry_preservation_rat0307_set0307_dim3_bins5_2026-04-30_22-51-17.npz,0.5712863405917546,0.7450730278439447,0.5712863405917546
rat0307,shuffle_null_mean,,110.0,/Users/Hannah/Programming/data_eyeblink/geometry_preservation_outputs/geometry_preservation_rat0307_set0307_dim3_bins5_2026-04-30_22-51-17.npz,0.5644286398465168,0.7389975883831448,0.5644286398465168
rat0307,shuffle_null_mean,,111.0,/Users/Hannah/Programming/data_eyeblink/geometry_preservation_outputs/geometry_preservation_rat0307_set0307_dim3_bins5_2026-04-30_22-51-17.npz,0.6151358403942783,0.7796031272899129,0.6151358403942784
rat0307,shuffle_null_mean,,112.0,/Users/Hannah/Programming/data_eyeblink/geometry_preservation_outputs/geometry_preservation_rat0307_set0307_dim3_bins5_2026-04-30_22-51-17.npz,0.5716859726999765,0.747182124973859,0.5716859726999767
rat0307,shuffle_null_mean,,113.0,/Users/Hannah/Programming/data_eyeblink/geometry_preservation_outputs/geometry_preservation_rat0307_set0307_dim3_bins5_2026-04-30_22-51-17.npz,0.5540223056377764,0.7357391031620273,0.5540223056377764
rat0307,shuffle_null_mean,,114.0,/Users/Hannah/Programming/data_eyeblink/geometry_preservation_outputs/geometry_preservation_rat0307_set0307_dim3_bins5_2026-04-30_22-51-17.npz,0.5467879366161961,0.7232739737887569,0.5467879366161962
rat0307,shuffle_null_mean,,115.0,/Users/Hannah/Programming/data_eyeblink/geometry_preservation_outputs/geometry_preservation_rat0307_set0307_dim3_bins5_2026-04-30_22-51-17.npz,0.588047596849387,0.7564538227050723,0.588047596849387
rat0307,shuffle_null_mean,,116.0,/Users/Hannah/Programming/data_eyeblink/geometry_preservation_outputs/geometry_preservation_rat0307_set0307_dim3_bins5_2026-04-30_22-51-17.npz,0.5408670806642979,0.7228790815207848,0.5408670806642978
rat0307,shuffle_null_mean,,117.0,/Users/Hannah/Programming/data_eyeblink/geometry_preservation_outputs/geometry_preservation_rat0307_set0307_dim3_bins5_2026-04-30_22-51-17.npz,0.593950623629323,0.7661625038778003,0.593950623629323
rat0307,shuffle_null_mean,,118.0,/Users/Hannah/Programming/data_eyeblink/geometry_preservation_outputs/geometry_preservation_rat0307_set0307_dim3_bins5_2026-04-30_22-51-17.npz,0.5730822136378602,0.7508844753352993,0.5730822136378603
rat0307,shuffle_null_mean,,119.0,/Users/Hannah/Programming/data_eyeblink/geometry_preservation_outputs/geometry_preservation_rat0307_set0307_dim3_bins5_2026-04-30_22-51-17.npz,0.6372074689044289,0.791871440526638,0.637207468904429
rat0307,shuffle_null_mean,,120.0,/Users/Hannah/Programming/data_eyeblink/geometry_preservation_outputs/geometry_preservation_rat0307_set0307_dim3_bins5_2026-04-30_22-51-17.npz,0.5233228475678198,0.7143955461374474,0.5233228475678198
rat0307,shuffle_null_mean,,121.0,/Users/Hannah/Programming/data_eyeblink/geometry_preservation_outputs/geometry_preservation_rat0307_set0307_dim3_bins5_2026-04-30_22-51-17.npz,0.4950276757906556,0.6879807450307982,0.4950276757906556
rat0307,shuffle_null_mean,,122.0,/Users/Hannah/Programming/data_eyeblink/geometry_preservation_outputs/geometry_preservation_rat0307_set0307_dim3_bins5_2026-04-30_22-51-17.npz,0.5992844295623303,0.7667209789712558,0.5992844295623303
rat0307,shuffle_null_mean,,123.0,/Users/Hannah/Programming/data_eyeblink/geometry_preservation_outputs/geometry_preservation_rat0307_set0307_dim3_bins5_2026-04-30_22-51-17.npz,0.5688168817627421,0.7419331496718534,0.5688168817627421
rat0307,shuffle_null_mean,,124.0,/Users/Hannah/Programming/data_eyeblink/geometry_preservation_outputs/geometry_preservation_rat0307_set0307_dim3_bins5_2026-04-30_22-51-17.npz,0.5422193897027957,0.7258408754525907,0.5422193897027957
rat0307,shuffle_null_mean,,125.0,/Users/Hannah/Programming/data_eyeblink/geometry_preservation_outputs/geometry_preservation_rat0307_set0307_dim3_bins5_2026-04-30_22-51-17.npz,0.5781108549319918,0.7499670771965448,0.578110854931992
rat0307,shuffle_null_mean,,126.0,/Users/Hannah/Programming/data_eyeblink/geometry_preservation_outputs/geometry_preservation_rat0307_set0307_dim3_bins5_2026-04-30_22-51-17.npz,0.5745690220295284,0.7499655625466469,0.5745690220295285
rat0307,shuffle_null_mean,,127.0,/Users/Hannah/Programming/data_eyeblink/geometry_preservation_outputs/geometry_preservation_rat0307_set0307_dim3_bins5_2026-04-30_22-51-17.npz,0.4956664391816166,0.6864993057634519,0.4956664391816166
rat0307,shuffle_null_mean,,128.0,/Users/Hannah/Programming/data_eyeblink/geometry_preservation_outputs/geometry_preservation_rat0307_set0307_dim3_bins5_2026-04-30_22-51-17.npz,0.5831313221526783,0.7562143319390423,0.5831313221526784
rat0307,shuffle_null_mean,,129.0,/Users/Hannah/Programming/data_eyeblink/geometry_preservation_outputs/geometry_preservation_rat0307_set0307_dim3_bins5_2026-04-30_22-51-17.npz,0.5400280408240705,0.7240370074247452,0.5400280408240706
rat0307,shuffle_null_mean,,130.0,/Users/Hannah/Programming/data_eyeblink/geometry_preservation_outputs/geometry_preservation_rat0307_set0307_dim3_bins5_2026-04-30_22-51-17.npz,0.6240117541635616,0.7863450835222354,0.6240117541635617
rat0307,shuffle_null_mean,,131.0,/Users/Hannah/Programming/data_eyeblink/geometry_preservation_outputs/geometry_preservation_rat0307_set0307_dim3_bins5_2026-04-30_22-51-17.npz,0.6115404716441962,0.7739133112008778,0.6115404716441963
rat0307,shuffle_null_mean,,132.0,/Users/Hannah/Programming/data_eyeblink/geometry_preservation_outputs/geometry_preservation_rat0307_set0307_dim3_bins5_2026-04-30_22-51-17.npz,0.5657461025138337,0.7452406426103393,0.5657461025138338
rat0307,shuffle_null_mean,,133.0,/Users/Hannah/Programming/data_eyeblink/geometry_preservation_outputs/geometry_preservation_rat0307_set0307_dim3_bins5_2026-04-30_22-51-17.npz,0.5546807302518415,0.7368944294139395,0.5546807302518415
rat0307,shuffle_null_mean,,134.0,/Users/Hannah/Programming/data_eyeblink/geometry_preservation_outputs/geometry_preservation_rat0307_set0307_dim3_bins5_2026-04-30_22-51-17.npz,0.5192943304899894,0.7113638030583755,0.5192943304899894
rat0307,shuffle_null_mean,,135.0,/Users/Hannah/Programming/data_eyeblink/geometry_preservation_outputs/geometry_preservation_rat0307_set0307_dim3_bins5_2026-04-30_22-51-17.npz,0.5235385889657103,0.7070912509059585,0.5235385889657103
rat0307,shuffle_null_mean,,136.0,/Users/Hannah/Programming/data_eyeblink/geometry_preservation_outputs/geometry_preservation_rat0307_set0307_dim3_bins5_2026-04-30_22-51-17.npz,0.5525216499893106,0.7359722158951469,0.5525216499893107
rat0307,shuffle_null_mean,,137.0,/Users/Hannah/Programming/data_eyeblink/geometry_preservation_outputs/geometry_preservation_rat0307_set0307_dim3_bins5_2026-04-30_22-51-17.npz,0.6032392549756671,0.7676477949629641,0.6032392549756672
rat0307,shuffle_null_mean,,138.0,/Users/Hannah/Programming/data_eyeblink/geometry_preservation_outputs/geometry_preservation_rat0307_set0307_dim3_bins5_2026-04-30_22-51-17.npz,0.6233378912044042,0.7792368222335373,0.6233378912044042
rat0307,shuffle_null_mean,,139.0,/Users/Hannah/Programming/data_eyeblink/geometry_preservation_outputs/geometry_preservation_rat0307_set0307_dim3_bins5_2026-04-30_22-51-17.npz,0.6175538928746696,0.7799762572087587,0.6175538928746699
rat0307,shuffle_null_mean,,140.0,/Users/Hannah/Programming/data_eyeblink/geometry_preservation_outputs/geometry_preservation_rat0307_set0307_dim3_bins5_2026-04-30_22-51-17.npz,0.5486588375344802,0.7292820475734423,0.5486588375344802
rat0307,shuffle_null_mean,,141.0,/Users/Hannah/Programming/data_eyeblink/geometry_preservation_outputs/geometry_preservation_rat0307_set0307_dim3_bins5_2026-04-30_22-51-17.npz,0.5895844863455324,0.7581021711053684,0.5895844863455324
rat0307,shuffle_null_mean,,142.0,/Users/Hannah/Programming/data_eyeblink/geometry_preservation_outputs/geometry_preservation_rat0307_set0307_dim3_bins5_2026-04-30_22-51-17.npz,0.5403752881688105,0.7262370650189706,0.5403752881688105
rat0307,shuffle_null_mean,,143.0,/Users/Hannah/Programming/data_eyeblink/geometry_preservation_outputs/geometry_preservation_rat0307_set0307_dim3_bins5_2026-04-30_22-51-17.npz,0.5518785896844243,0.7366050153891596,0.5518785896844243
rat0307,shuffle_null_mean,,144.0,/Users/Hannah/Programming/data_eyeblink/geometry_preservation_outputs/geometry_preservation_rat0307_set0307_dim3_bins5_2026-04-30_22-51-17.npz,0.5749372963731291,0.743595674383138,0.5749372963731292
rat0307,shuffle_null_mean,,145.0,/Users/Hannah/Programming/data_eyeblink/geometry_preservation_outputs/geometry_preservation_rat0307_set0307_dim3_bins5_2026-04-30_22-51-17.npz,0.533848093365008,0.7130751088340666,0.5338480933650082
rat0307,shuffle_null_mean,,146.0,/Users/Hannah/Programming/data_eyeblink/geometry_preservation_outputs/geometry_preservation_rat0307_set0307_dim3_bins5_2026-04-30_22-51-17.npz,0.6273564350824467,0.7886939994674603,0.6273564350824467
rat0307,shuffle_null_mean,,147.0,/Users/Hannah/Programming/data_eyeblink/geometry_preservation_outputs/geometry_preservation_rat0307_set0307_dim3_bins5_2026-04-30_22-51-17.npz,0.5450410637730052,0.7269035192194385,0.5450410637730052
rat0307,shuffle_null_mean,,148.0,/Users/Hannah/Programming/data_eyeblink/geometry_preservation_outputs/geometry_preservation_rat0307_set0307_dim3_bins5_2026-04-30_22-51-17.npz,0.5749638329907056,0.7463176386756701,0.5749638329907057
rat0307,shuffle_null_mean,,149.0,/Users/Hannah/Programming/data_eyeblink/geometry_preservation_outputs/geometry_preservation_rat0307_set0307_dim3_bins5_2026-04-30_22-51-17.npz,0.5148116407677672,0.7082367143144296,0.5148116407677672
rat0307,shuffle_null_mean,,150.0,/Users/Hannah/Programming/data_eyeblink/geometry_preservation_outputs/geometry_preservation_rat0307_set0307_dim3_bins5_2026-04-30_22-51-17.npz,0.5544321746706038,0.7359602931086043,0.5544321746706038
rat0307,shuffle_null_mean,,151.0,/Users/Hannah/Programming/data_eyeblink/geometry_preservation_outputs/geometry_preservation_rat0307_set0307_dim3_bins5_2026-04-30_22-51-17.npz,0.6055100949215395,0.7608047098020447,0.6055100949215395
rat0307,shuffle_null_mean,,152.0,/Users/Hannah/Programming/data_eyeblink/geometry_preservation_outputs/geometry_preservation_rat0307_set0307_dim3_bins5_2026-04-30_22-51-17.npz,0.5736963976667016,0.7484970128190657,0.5736963976667017
rat0307,shuffle_null_mean,,153.0,/Users/Hannah/Programming/data_eyeblink/geometry_preservation_outputs/geometry_preservation_rat0307_set0307_dim3_bins5_2026-04-30_22-51-17.npz,0.5246814287288537,0.7168191901778059,0.5246814287288537
rat0307,shuffle_null_mean,,154.0,/Users/Hannah/Programming/data_eyeblink/geometry_preservation_outputs/geometry_preservation_rat0307_set0307_dim3_bins5_2026-04-30_22-51-17.npz,0.6028970645122873,0.7720791153879338,0.6028970645122876
rat0307,shuffle_null_mean,,155.0,/Users/Hannah/Programming/data_eyeblink/geometry_preservation_outputs/geometry_preservation_rat0307_set0307_dim3_bins5_2026-04-30_22-51-17.npz,0.5452327831734654,0.7265195841046543,0.5452327831734655
rat0307,shuffle_null_mean,,156.0,/Users/Hannah/Programming/data_eyeblink/geometry_preservation_outputs/geometry_preservation_rat0307_set0307_dim3_bins5_2026-04-30_22-51-17.npz,0.5321047485876742,0.7235853102004441,0.5321047485876743
rat0307,shuffle_null_mean,,157.0,/Users/Hannah/Programming/data_eyeblink/geometry_preservation_outputs/geometry_preservation_rat0307_set0307_dim3_bins5_2026-04-30_22-51-17.npz,0.4975066216132917,0.6968860996983005,0.4975066216132917
rat0307,shuffle_null_mean,,158.0,/Users/Hannah/Programming/data_eyeblink/geometry_preservation_outputs/geometry_preservation_rat0307_set0307_dim3_bins5_2026-04-30_22-51-17.npz,0.5639784409584965,0.7455610713418921,0.5639784409584965
rat0307,shuffle_null_mean,,159.0,/Users/Hannah/Programming/data_eyeblink/geometry_preservation_outputs/geometry_preservation_rat0307_set0307_dim3_bins5_2026-04-30_22-51-17.npz,0.5566729792127936,0.7399552209782144,0.5566729792127937
rat0307,shuffle_null_mean,,160.0,/Users/Hannah/Programming/data_eyeblink/geometry_preservation_outputs/geometry_preservation_rat0307_set0307_dim3_bins5_2026-04-30_22-51-17.npz,0.5351653783949348,0.7205335969626778,0.5351653783949348
rat0307,shuffle_null_mean,,161.0,/Users/Hannah/Programming/data_eyeblink/geometry_preservation_outputs/geometry_preservation_rat0307_set0307_dim3_bins5_2026-04-30_22-51-17.npz,0.5294345098379782,0.7193460098199672,0.5294345098379782
rat0307,shuffle_null_mean,,162.0,/Users/Hannah/Programming/data_eyeblink/geometry_preservation_outputs/geometry_preservation_rat0307_set0307_dim3_bins5_2026-04-30_22-51-17.npz,0.5587100734113244,0.729031727012499,0.5587100734113245
rat0307,shuffle_null_mean,,163.0,/Users/Hannah/Programming/data_eyeblink/geometry_preservation_outputs/geometry_preservation_rat0307_set0307_dim3_bins5_2026-04-30_22-51-17.npz,0.5102105083441171,0.703353229033665,0.5102105083441171
rat0307,shuffle_null_mean,,164.0,/Users/Hannah/Programming/data_eyeblink/geometry_preservation_outputs/geometry_preservation_rat0307_set0307_dim3_bins5_2026-04-30_22-51-17.npz,0.5314896372103262,0.723622569952201,0.5314896372103263
rat0307,shuffle_null_mean,,165.0,/Users/Hannah/Programming/data_eyeblink/geometry_preservation_outputs/geometry_preservation_rat0307_set0307_dim3_bins5_2026-04-30_22-51-17.npz,0.5076139260785653,0.704162910442272,0.5076139260785653
rat0307,shuffle_null_mean,,166.0,/Users/Hannah/Programming/data_eyeblink/geometry_preservation_outputs/geometry_preservation_rat0307_set0307_dim3_bins5_2026-04-30_22-51-17.npz,0.5859339461330616,0.7599125998444142,0.5859339461330616
rat0307,shuffle_null_mean,,167.0,/Users/Hannah/Programming/data_eyeblink/geometry_preservation_outputs/geometry_preservation_rat0307_set0307_dim3_bins5_2026-04-30_22-51-17.npz,0.6189118122226656,0.7793951922550897,0.6189118122226657
rat0307,shuffle_null_mean,,168.0,/Users/Hannah/Programming/data_eyeblink/geometry_preservation_outputs/geometry_preservation_rat0307_set0307_dim3_bins5_2026-04-30_22-51-17.npz,0.5614177375681313,0.7430526945473248,0.5614177375681313
rat0307,shuffle_null_mean,,169.0,/Users/Hannah/Programming/data_eyeblink/geometry_preservation_outputs/geometry_preservation_rat0307_set0307_dim3_bins5_2026-04-30_22-51-17.npz,0.571121094050725,0.7475876755216821,0.571121094050725
rat0307,shuffle_null_mean,,170.0,/Users/Hannah/Programming/data_eyeblink/geometry_preservation_outputs/geometry_preservation_rat0307_set0307_dim3_bins5_2026-04-30_22-51-17.npz,0.5904368013346859,0.7558901853659972,0.5904368013346859
rat0307,shuffle_null_mean,,171.0,/Users/Hannah/Programming/data_eyeblink/geometry_preservation_outputs/geometry_preservation_rat0307_set0307_dim3_bins5_2026-04-30_22-51-17.npz,0.6327295673982813,0.7903976012323722,0.6327295673982813
rat0307,shuffle_null_mean,,172.0,/Users/Hannah/Programming/data_eyeblink/geometry_preservation_outputs/geometry_preservation_rat0307_set0307_dim3_bins5_2026-04-30_22-51-17.npz,0.5694415216392323,0.7399442622577708,0.5694415216392323
rat0307,shuffle_null_mean,,173.0,/Users/Hannah/Programming/data_eyeblink/geometry_preservation_outputs/geometry_preservation_rat0307_set0307_dim3_bins5_2026-04-30_22-51-17.npz,0.5649620907173858,0.7431897145584212,0.5649620907173857
rat0307,shuffle_null_mean,,174.0,/Users/Hannah/Programming/data_eyeblink/geometry_preservation_outputs/geometry_preservation_rat0307_set0307_dim3_bins5_2026-04-30_22-51-17.npz,0.6054668513669736,0.7651381474453202,0.6054668513669736
rat0307,shuffle_null_mean,,175.0,/Users/Hannah/Programming/data_eyeblink/geometry_preservation_outputs/geometry_preservation_rat0307_set0307_dim3_bins5_2026-04-30_22-51-17.npz,0.5643290761156615,0.7439799673066303,0.5643290761156617
rat0307,shuffle_null_mean,,176.0,/Users/Hannah/Programming/data_eyeblink/geometry_preservation_outputs/geometry_preservation_rat0307_set0307_dim3_bins5_2026-04-30_22-51-17.npz,0.4704951680419572,0.6743345826191139,0.47049516804195723
rat0307,shuffle_null_mean,,177.0,/Users/Hannah/Programming/data_eyeblink/geometry_preservation_outputs/geometry_preservation_rat0307_set0307_dim3_bins5_2026-04-30_22-51-17.npz,0.5211490975698883,0.7104596940962546,0.5211490975698883
rat0307,shuffle_null_mean,,178.0,/Users/Hannah/Programming/data_eyeblink/geometry_preservation_outputs/geometry_preservation_rat0307_set0307_dim3_bins5_2026-04-30_22-51-17.npz,0.5953036700586993,0.7648859872036228,0.5953036700586993
rat0307,shuffle_null_mean,,179.0,/Users/Hannah/Programming/data_eyeblink/geometry_preservation_outputs/geometry_preservation_rat0307_set0307_dim3_bins5_2026-04-30_22-51-17.npz,0.596004405240131,0.7667996141518822,0.5960044052401312
rat0307,shuffle_null_mean,,180.0,/Users/Hannah/Programming/data_eyeblink/geometry_preservation_outputs/geometry_preservation_rat0307_set0307_dim3_bins5_2026-04-30_22-51-17.npz,0.5588670026252205,0.7335635181040092,0.5588670026252206
rat0307,shuffle_null_mean,,181.0,/Users/Hannah/Programming/data_eyeblink/geometry_preservation_outputs/geometry_preservation_rat0307_set0307_dim3_bins5_2026-04-30_22-51-17.npz,0.5026708745876425,0.6978318380958916,0.5026708745876425
rat0307,shuffle_null_mean,,182.0,/Users/Hannah/Programming/data_eyeblink/geometry_preservation_outputs/geometry_preservation_rat0307_set0307_dim3_bins5_2026-04-30_22-51-17.npz,0.6274050824872657,0.7844909891072176,0.6274050824872658
rat0307,shuffle_null_mean,,183.0,/Users/Hannah/Programming/data_eyeblink/geometry_preservation_outputs/geometry_preservation_rat0307_set0307_dim3_bins5_2026-04-30_22-51-17.npz,0.5384774144715421,0.7294761011905837,0.5384774144715422
rat0307,shuffle_null_mean,,184.0,/Users/Hannah/Programming/data_eyeblink/geometry_preservation_outputs/geometry_preservation_rat0307_set0307_dim3_bins5_2026-04-30_22-51-17.npz,0.5338315065196328,0.7164170432445724,0.5338315065196331
rat0307,shuffle_null_mean,,185.0,/Users/Hannah/Programming/data_eyeblink/geometry_preservation_outputs/geometry_preservation_rat0307_set0307_dim3_bins5_2026-04-30_22-51-17.npz,0.5439850753272181,0.7321369064768927,0.5439850753272181
rat0307,shuffle_null_mean,,186.0,/Users/Hannah/Programming/data_eyeblink/geometry_preservation_outputs/geometry_preservation_rat0307_set0307_dim3_bins5_2026-04-30_22-51-17.npz,0.5759774438971287,0.7524850458836945,0.5759774438971288
rat0307,shuffle_null_mean,,187.0,/Users/Hannah/Programming/data_eyeblink/geometry_preservation_outputs/geometry_preservation_rat0307_set0307_dim3_bins5_2026-04-30_22-51-17.npz,0.5515897457022555,0.7349634056258331,0.5515897457022555
rat0307,shuffle_null_mean,,188.0,/Users/Hannah/Programming/data_eyeblink/geometry_preservation_outputs/geometry_preservation_rat0307_set0307_dim3_bins5_2026-04-30_22-51-17.npz,0.5654742402653185,0.7469386631564773,0.5654742402653186
rat0307,shuffle_null_mean,,189.0,/Users/Hannah/Programming/data_eyeblink/geometry_preservation_outputs/geometry_preservation_rat0307_set0307_dim3_bins5_2026-04-30_22-51-17.npz,0.5661853657032342,0.7395529858378358,0.5661853657032343
rat0307,shuffle_null_mean,,190.0,/Users/Hannah/Programming/data_eyeblink/geometry_preservation_outputs/geometry_preservation_rat0307_set0307_dim3_bins5_2026-04-30_22-51-17.npz,0.5503311901073766,0.7317644532077093,0.5503311901073766
rat0307,shuffle_null_mean,,191.0,/Users/Hannah/Programming/data_eyeblink/geometry_preservation_outputs/geometry_preservation_rat0307_set0307_dim3_bins5_2026-04-30_22-51-17.npz,0.5496165495287454,0.7234658319353748,0.5496165495287455
rat0307,shuffle_null_mean,,192.0,/Users/Hannah/Programming/data_eyeblink/geometry_preservation_outputs/geometry_preservation_rat0307_set0307_dim3_bins5_2026-04-30_22-51-17.npz,0.5344975409369719,0.7225935441167327,0.5344975409369719
rat0307,shuffle_null_mean,,193.0,/Users/Hannah/Programming/data_eyeblink/geometry_preservation_outputs/geometry_preservation_rat0307_set0307_dim3_bins5_2026-04-30_22-51-17.npz,0.6203096146044336,0.780967745828399,0.6203096146044336
rat0307,shuffle_null_mean,,194.0,/Users/Hannah/Programming/data_eyeblink/geometry_preservation_outputs/geometry_preservation_rat0307_set0307_dim3_bins5_2026-04-30_22-51-17.npz,0.5808741403234282,0.7476160305025459,0.5808741403234282
rat0307,shuffle_null_mean,,195.0,/Users/Hannah/Programming/data_eyeblink/geometry_preservation_outputs/geometry_preservation_rat0307_set0307_dim3_bins5_2026-04-30_22-51-17.npz,0.5910207822428847,0.7613292047807039,0.5910207822428848
rat0307,shuffle_null_mean,,196.0,/Users/Hannah/Programming/data_eyeblink/geometry_preservation_outputs/geometry_preservation_rat0307_set0307_dim3_bins5_2026-04-30_22-51-17.npz,0.48562620031357906,0.6884853135224197,0.4856262003135792
rat0307,shuffle_null_mean,,197.0,/Users/Hannah/Programming/data_eyeblink/geometry_preservation_outputs/geometry_preservation_rat0307_set0307_dim3_bins5_2026-04-30_22-51-17.npz,0.5907872095364068,0.7594034669249048,0.5907872095364068
rat0307,shuffle_null_mean,,198.0,/Users/Hannah/Programming/data_eyeblink/geometry_preservation_outputs/geometry_preservation_rat0307_set0307_dim3_bins5_2026-04-30_22-51-17.npz,0.5720891570506759,0.7458422448823514,0.5720891570506759
rat0307,shuffle_null_mean,,199.0,/Users/Hannah/Programming/data_eyeblink/geometry_preservation_outputs/geometry_preservation_rat0307_set0307_dim3_bins5_2026-04-30_22-51-17.npz,0.5667215884917924,0.7445004833092522,0.5667215884917924
rat0307,shuffle_null_mean,,200.0,/Users/Hannah/Programming/data_eyeblink/geometry_preservation_outputs/geometry_preservation_rat0307_set0307_dim3_bins5_2026-04-30_22-51-17.npz,0.5912233785272751,0.7600571649636239,0.5912233785272751
rat0307,shuffle_null_mean,,201.0,/Users/Hannah/Programming/data_eyeblink/geometry_preservation_outputs/geometry_preservation_rat0307_set0307_dim3_bins5_2026-04-30_22-51-17.npz,0.5404255398830878,0.7236777996021091,0.5404255398830878
rat0307,shuffle_null_mean,,202.0,/Users/Hannah/Programming/data_eyeblink/geometry_preservation_outputs/geometry_preservation_rat0307_set0307_dim3_bins5_2026-04-30_22-51-17.npz,0.5912259682795058,0.7614924058950765,0.5912259682795058
rat0307,shuffle_null_mean,,203.0,/Users/Hannah/Programming/data_eyeblink/geometry_preservation_outputs/geometry_preservation_rat0307_set0307_dim3_bins5_2026-04-30_22-51-17.npz,0.591553473135231,0.7591771833292966,0.5915534731352311
rat0307,shuffle_null_mean,,204.0,/Users/Hannah/Programming/data_eyeblink/geometry_preservation_outputs/geometry_preservation_rat0307_set0307_dim3_bins5_2026-04-30_22-51-17.npz,0.5763292076904187,0.7440768261486058,0.5763292076904187
rat0307,shuffle_null_mean,,205.0,/Users/Hannah/Programming/data_eyeblink/geometry_preservation_outputs/geometry_preservation_rat0307_set0307_dim3_bins5_2026-04-30_22-51-17.npz,0.5951190348147073,0.7606346636108786,0.5951190348147073
rat0307,shuffle_null_mean,,206.0,/Users/Hannah/Programming/data_eyeblink/geometry_preservation_outputs/geometry_preservation_rat0307_set0307_dim3_bins5_2026-04-30_22-51-17.npz,0.5753747328731732,0.7492298619604032,0.5753747328731732
rat0307,shuffle_null_mean,,207.0,/Users/Hannah/Programming/data_eyeblink/geometry_preservation_outputs/geometry_preservation_rat0307_set0307_dim3_bins5_2026-04-30_22-51-17.npz,0.5172956269425205,0.7094996312254807,0.5172956269425205
rat0307,shuffle_null_mean,,208.0,/Users/Hannah/Programming/data_eyeblink/geometry_preservation_outputs/geometry_preservation_rat0307_set0307_dim3_bins5_2026-04-30_22-51-17.npz,0.6524614389418459,0.8013662451306706,0.652461438941846
rat0307,shuffle_null_mean,,209.0,/Users/Hannah/Programming/data_eyeblink/geometry_preservation_outputs/geometry_preservation_rat0307_set0307_dim3_bins5_2026-04-30_22-51-17.npz,0.5347588944692516,0.7269088697273117,0.5347588944692516
rat0307,shuffle_null_mean,,210.0,/Users/Hannah/Programming/data_eyeblink/geometry_preservation_outputs/geometry_preservation_rat0307_set0307_dim3_bins5_2026-04-30_22-51-17.npz,0.5624125510689539,0.7339040268891296,0.5624125510689539
rat0307,shuffle_null_mean,,211.0,/Users/Hannah/Programming/data_eyeblink/geometry_preservation_outputs/geometry_preservation_rat0307_set0307_dim3_bins5_2026-04-30_22-51-17.npz,0.5336652815317606,0.7153659528146219,0.5336652815317606
rat0307,shuffle_null_mean,,212.0,/Users/Hannah/Programming/data_eyeblink/geometry_preservation_outputs/geometry_preservation_rat0307_set0307_dim3_bins5_2026-04-30_22-51-17.npz,0.5427977810070221,0.7284410198567539,0.5427977810070223
rat0307,shuffle_null_mean,,213.0,/Users/Hannah/Programming/data_eyeblink/geometry_preservation_outputs/geometry_preservation_rat0307_set0307_dim3_bins5_2026-04-30_22-51-17.npz,0.6365543936233096,0.7894153428150994,0.6365543936233096
rat0307,shuffle_null_mean,,214.0,/Users/Hannah/Programming/data_eyeblink/geometry_preservation_outputs/geometry_preservation_rat0307_set0307_dim3_bins5_2026-04-30_22-51-17.npz,0.5599743462105333,0.7395080344037337,0.5599743462105333
rat0307,shuffle_null_mean,,215.0,/Users/Hannah/Programming/data_eyeblink/geometry_preservation_outputs/geometry_preservation_rat0307_set0307_dim3_bins5_2026-04-30_22-51-17.npz,0.5839992492363728,0.7564686254079824,0.5839992492363728
rat0307,shuffle_null_mean,,216.0,/Users/Hannah/Programming/data_eyeblink/geometry_preservation_outputs/geometry_preservation_rat0307_set0307_dim3_bins5_2026-04-30_22-51-17.npz,0.5859421409307078,0.7561846584222276,0.585942140930708
rat0307,shuffle_null_mean,,217.0,/Users/Hannah/Programming/data_eyeblink/geometry_preservation_outputs/geometry_preservation_rat0307_set0307_dim3_bins5_2026-04-30_22-51-17.npz,0.617722368190716,0.7744658208075158,0.617722368190716
rat0307,shuffle_null_mean,,218.0,/Users/Hannah/Programming/data_eyeblink/geometry_preservation_outputs/geometry_preservation_rat0307_set0307_dim3_bins5_2026-04-30_22-51-17.npz,0.5330288879765299,0.7206072051704291,0.5330288879765299
rat0307,shuffle_null_mean,,219.0,/Users/Hannah/Programming/data_eyeblink/geometry_preservation_outputs/geometry_preservation_rat0307_set0307_dim3_bins5_2026-04-30_22-51-17.npz,0.5478938886674751,0.7295803803002325,0.5478938886674751
rat0307,shuffle_null_mean,,220.0,/Users/Hannah/Programming/data_eyeblink/geometry_preservation_outputs/geometry_preservation_rat0307_set0307_dim3_bins5_2026-04-30_22-51-17.npz,0.5653514607283917,0.7418595078804642,0.5653514607283917
rat0307,shuffle_null_mean,,221.0,/Users/Hannah/Programming/data_eyeblink/geometry_preservation_outputs/geometry_preservation_rat0307_set0307_dim3_bins5_2026-04-30_22-51-17.npz,0.6111857426149007,0.7738225464145398,0.6111857426149007
rat0307,shuffle_null_mean,,222.0,/Users/Hannah/Programming/data_eyeblink/geometry_preservation_outputs/geometry_preservation_rat0307_set0307_dim3_bins5_2026-04-30_22-51-17.npz,0.5666018330473163,0.7463143838737538,0.5666018330473164
rat0307,shuffle_null_mean,,223.0,/Users/Hannah/Programming/data_eyeblink/geometry_preservation_outputs/geometry_preservation_rat0307_set0307_dim3_bins5_2026-04-30_22-51-17.npz,0.6052776049561193,0.7722430228069112,0.6052776049561194
rat0307,shuffle_null_mean,,224.0,/Users/Hannah/Programming/data_eyeblink/geometry_preservation_outputs/geometry_preservation_rat0307_set0307_dim3_bins5_2026-04-30_22-51-17.npz,0.5453634427858899,0.7284270128503418,0.5453634427858899
rat0307,shuffle_null_mean,,225.0,/Users/Hannah/Programming/data_eyeblink/geometry_preservation_outputs/geometry_preservation_rat0307_set0307_dim3_bins5_2026-04-30_22-51-17.npz,0.5543802013396895,0.7346626330151176,0.5543802013396896
rat0307,shuffle_null_mean,,226.0,/Users/Hannah/Programming/data_eyeblink/geometry_preservation_outputs/geometry_preservation_rat0307_set0307_dim3_bins5_2026-04-30_22-51-17.npz,0.5683130165473849,0.743466769898969,0.5683130165473849
rat0307,shuffle_null_mean,,227.0,/Users/Hannah/Programming/data_eyeblink/geometry_preservation_outputs/geometry_preservation_rat0307_set0307_dim3_bins5_2026-04-30_22-51-17.npz,0.6028418942636771,0.7716264075769667,0.602841894263677
rat0307,shuffle_null_mean,,228.0,/Users/Hannah/Programming/data_eyeblink/geometry_preservation_outputs/geometry_preservation_rat0307_set0307_dim3_bins5_2026-04-30_22-51-17.npz,0.5883287523824696,0.7532687296453101,0.5883287523824697
rat0307,shuffle_null_mean,,229.0,/Users/Hannah/Programming/data_eyeblink/geometry_preservation_outputs/geometry_preservation_rat0307_set0307_dim3_bins5_2026-04-30_22-51-17.npz,0.5652827312083211,0.7419380685667637,0.5652827312083211
rat0307,shuffle_null_mean,,230.0,/Users/Hannah/Programming/data_eyeblink/geometry_preservation_outputs/geometry_preservation_rat0307_set0307_dim3_bins5_2026-04-30_22-51-17.npz,0.5624132543764637,0.7420447637352813,0.5624132543764637
rat0307,shuffle_null_mean,,231.0,/Users/Hannah/Programming/data_eyeblink/geometry_preservation_outputs/geometry_preservation_rat0307_set0307_dim3_bins5_2026-04-30_22-51-17.npz,0.6110711884425428,0.7730472471693619,0.6110711884425429
rat0307,shuffle_null_mean,,232.0,/Users/Hannah/Programming/data_eyeblink/geometry_preservation_outputs/geometry_preservation_rat0307_set0307_dim3_bins5_2026-04-30_22-51-17.npz,0.612456990101898,0.7769483497562975,0.6124569901018979
rat0307,shuffle_null_mean,,233.0,/Users/Hannah/Programming/data_eyeblink/geometry_preservation_outputs/geometry_preservation_rat0307_set0307_dim3_bins5_2026-04-30_22-51-17.npz,0.5585432401287468,0.7372574765570157,0.5585432401287469
rat0307,shuffle_null_mean,,234.0,/Users/Hannah/Programming/data_eyeblink/geometry_preservation_outputs/geometry_preservation_rat0307_set0307_dim3_bins5_2026-04-30_22-51-17.npz,0.5583919271555577,0.7370655371068342,0.558391927155558
rat0307,shuffle_null_mean,,235.0,/Users/Hannah/Programming/data_eyeblink/geometry_preservation_outputs/geometry_preservation_rat0307_set0307_dim3_bins5_2026-04-30_22-51-17.npz,0.5587133711040146,0.7407543194009791,0.5587133711040146
rat0307,shuffle_null_mean,,236.0,/Users/Hannah/Programming/data_eyeblink/geometry_preservation_outputs/geometry_preservation_rat0307_set0307_dim3_bins5_2026-04-30_22-51-17.npz,0.5164274701284606,0.7079875588489015,0.5164274701284605
rat0307,shuffle_null_mean,,237.0,/Users/Hannah/Programming/data_eyeblink/geometry_preservation_outputs/geometry_preservation_rat0307_set0307_dim3_bins5_2026-04-30_22-51-17.npz,0.6001724345239055,0.7694506789776376,0.6001724345239055
rat0307,shuffle_null_mean,,238.0,/Users/Hannah/Programming/data_eyeblink/geometry_preservation_outputs/geometry_preservation_rat0307_set0307_dim3_bins5_2026-04-30_22-51-17.npz,0.55415625097343,0.7338525022617042,0.5541562509734301
rat0307,shuffle_null_mean,,239.0,/Users/Hannah/Programming/data_eyeblink/geometry_preservation_outputs/geometry_preservation_rat0307_set0307_dim3_bins5_2026-04-30_22-51-17.npz,0.5448619443127869,0.7290882528312477,0.544861944312787
rat0307,shuffle_null_mean,,240.0,/Users/Hannah/Programming/data_eyeblink/geometry_preservation_outputs/geometry_preservation_rat0307_set0307_dim3_bins5_2026-04-30_22-51-17.npz,0.5416005829601687,0.7223163355885044,0.5416005829601687
rat0307,shuffle_null_mean,,241.0,/Users/Hannah/Programming/data_eyeblink/geometry_preservation_outputs/geometry_preservation_rat0307_set0307_dim3_bins5_2026-04-30_22-51-17.npz,0.5841905876571895,0.7556910040710493,0.5841905876571896
rat0307,shuffle_null_mean,,242.0,/Users/Hannah/Programming/data_eyeblink/geometry_preservation_outputs/geometry_preservation_rat0307_set0307_dim3_bins5_2026-04-30_22-51-17.npz,0.5682532286636226,0.7492664946597247,0.5682532286636227
rat0307,shuffle_null_mean,,243.0,/Users/Hannah/Programming/data_eyeblink/geometry_preservation_outputs/geometry_preservation_rat0307_set0307_dim3_bins5_2026-04-30_22-51-17.npz,0.5987937496047373,0.7659914385026805,0.5987937496047373
rat0307,shuffle_null_mean,,244.0,/Users/Hannah/Programming/data_eyeblink/geometry_preservation_outputs/geometry_preservation_rat0307_set0307_dim3_bins5_2026-04-30_22-51-17.npz,0.6283967405929163,0.7880343467119886,0.6283967405929162
rat0307,shuffle_null_mean,,245.0,/Users/Hannah/Programming/data_eyeblink/geometry_preservation_outputs/geometry_preservation_rat0307_set0307_dim3_bins5_2026-04-30_22-51-17.npz,0.636051955455651,0.790551195269712,0.6360519554556512
rat0307,shuffle_null_mean,,246.0,/Users/Hannah/Programming/data_eyeblink/geometry_preservation_outputs/geometry_preservation_rat0307_set0307_dim3_bins5_2026-04-30_22-51-17.npz,0.5521661222298386,0.7324872302738492,0.5521661222298386
rat0307,shuffle_null_mean,,247.0,/Users/Hannah/Programming/data_eyeblink/geometry_preservation_outputs/geometry_preservation_rat0307_set0307_dim3_bins5_2026-04-30_22-51-17.npz,0.6273973756482515,0.7867343561974811,0.6273973756482514
rat0307,shuffle_null_mean,,248.0,/Users/Hannah/Programming/data_eyeblink/geometry_preservation_outputs/geometry_preservation_rat0307_set0307_dim3_bins5_2026-04-30_22-51-17.npz,0.6016097275521587,0.7671832201147277,0.6016097275521588
rat0307,shuffle_null_mean,,249.0,/Users/Hannah/Programming/data_eyeblink/geometry_preservation_outputs/geometry_preservation_rat0307_set0307_dim3_bins5_2026-04-30_22-51-17.npz,0.6596813130486598,0.8075613394818679,0.6596813130486598
rat0307,shuffle_null_mean,,250.0,/Users/Hannah/Programming/data_eyeblink/geometry_preservation_outputs/geometry_preservation_rat0307_set0307_dim3_bins5_2026-04-30_22-51-17.npz,0.5184734481725572,0.7097724962678545,0.5184734481725574
rat0307,shuffle_null_mean,,251.0,/Users/Hannah/Programming/data_eyeblink/geometry_preservation_outputs/geometry_preservation_rat0307_set0307_dim3_bins5_2026-04-30_22-51-17.npz,0.5318518904883309,0.7212836752869293,0.5318518904883309
rat0307,shuffle_null_mean,,252.0,/Users/Hannah/Programming/data_eyeblink/geometry_preservation_outputs/geometry_preservation_rat0307_set0307_dim3_bins5_2026-04-30_22-51-17.npz,0.5728575596808784,0.7457972859196313,0.5728575596808786
rat0307,shuffle_null_mean,,253.0,/Users/Hannah/Programming/data_eyeblink/geometry_preservation_outputs/geometry_preservation_rat0307_set0307_dim3_bins5_2026-04-30_22-51-17.npz,0.5943606502692306,0.7562773674336398,0.5943606502692307
rat0307,shuffle_null_mean,,254.0,/Users/Hannah/Programming/data_eyeblink/geometry_preservation_outputs/geometry_preservation_rat0307_set0307_dim3_bins5_2026-04-30_22-51-17.npz,0.541817127692193,0.7258872868008093,0.5418171276921933
rat0307,shuffle_null_mean,,255.0,/Users/Hannah/Programming/data_eyeblink/geometry_preservation_outputs/geometry_preservation_rat0307_set0307_dim3_bins5_2026-04-30_22-51-17.npz,0.5824699724787962,0.7572208503205339,0.5824699724787965
rat0307,shuffle_null_mean,,256.0,/Users/Hannah/Programming/data_eyeblink/geometry_preservation_outputs/geometry_preservation_rat0307_set0307_dim3_bins5_2026-04-30_22-51-17.npz,0.5236437577751207,0.7118090645807026,0.5236437577751207
rat0307,shuffle_null_mean,,257.0,/Users/Hannah/Programming/data_eyeblink/geometry_preservation_outputs/geometry_preservation_rat0307_set0307_dim3_bins5_2026-04-30_22-51-17.npz,0.5831201595771439,0.755668472551722,0.5831201595771438
rat0307,shuffle_null_mean,,258.0,/Users/Hannah/Programming/data_eyeblink/geometry_preservation_outputs/geometry_preservation_rat0307_set0307_dim3_bins5_2026-04-30_22-51-17.npz,0.4874942948041734,0.684314225028085,0.4874942948041734
rat0307,shuffle_null_mean,,259.0,/Users/Hannah/Programming/data_eyeblink/geometry_preservation_outputs/geometry_preservation_rat0307_set0307_dim3_bins5_2026-04-30_22-51-17.npz,0.5561045975706131,0.7343131797743709,0.5561045975706133
rat0307,shuffle_null_mean,,260.0,/Users/Hannah/Programming/data_eyeblink/geometry_preservation_outputs/geometry_preservation_rat0307_set0307_dim3_bins5_2026-04-30_22-51-17.npz,0.5601955494728477,0.7363116982216042,0.5601955494728477
rat0307,shuffle_null_mean,,261.0,/Users/Hannah/Programming/data_eyeblink/geometry_preservation_outputs/geometry_preservation_rat0307_set0307_dim3_bins5_2026-04-30_22-51-17.npz,0.5152340658260235,0.7107841466720405,0.5152340658260235
rat0307,shuffle_null_mean,,262.0,/Users/Hannah/Programming/data_eyeblink/geometry_preservation_outputs/geometry_preservation_rat0307_set0307_dim3_bins5_2026-04-30_22-51-17.npz,0.5281788429440218,0.720476209062906,0.528178842944022
rat0307,shuffle_null_mean,,263.0,/Users/Hannah/Programming/data_eyeblink/geometry_preservation_outputs/geometry_preservation_rat0307_set0307_dim3_bins5_2026-04-30_22-51-17.npz,0.5692298112758851,0.7456759926099749,0.5692298112758851
rat0307,shuffle_null_mean,,264.0,/Users/Hannah/Programming/data_eyeblink/geometry_preservation_outputs/geometry_preservation_rat0307_set0307_dim3_bins5_2026-04-30_22-51-17.npz,0.5449295197054418,0.7311536352994383,0.5449295197054418
rat0307,shuffle_null_mean,,265.0,/Users/Hannah/Programming/data_eyeblink/geometry_preservation_outputs/geometry_preservation_rat0307_set0307_dim3_bins5_2026-04-30_22-51-17.npz,0.5181414904354568,0.7056170646707206,0.5181414904354567
rat0307,shuffle_null_mean,,266.0,/Users/Hannah/Programming/data_eyeblink/geometry_preservation_outputs/geometry_preservation_rat0307_set0307_dim3_bins5_2026-04-30_22-51-17.npz,0.567007144710597,0.747750616352975,0.5670071447105972
rat0307,shuffle_null_mean,,267.0,/Users/Hannah/Programming/data_eyeblink/geometry_preservation_outputs/geometry_preservation_rat0307_set0307_dim3_bins5_2026-04-30_22-51-17.npz,0.538611202767801,0.7258399915410478,0.5386112027678012
rat0307,shuffle_null_mean,,268.0,/Users/Hannah/Programming/data_eyeblink/geometry_preservation_outputs/geometry_preservation_rat0307_set0307_dim3_bins5_2026-04-30_22-51-17.npz,0.6322072974951929,0.7860212479919748,0.6322072974951929
rat0307,shuffle_null_mean,,269.0,/Users/Hannah/Programming/data_eyeblink/geometry_preservation_outputs/geometry_preservation_rat0307_set0307_dim3_bins5_2026-04-30_22-51-17.npz,0.49886533777694925,0.692308137582302,0.49886533777694914
rat0307,shuffle_null_mean,,270.0,/Users/Hannah/Programming/data_eyeblink/geometry_preservation_outputs/geometry_preservation_rat0307_set0307_dim3_bins5_2026-04-30_22-51-17.npz,0.5714700915044373,0.7452090897657419,0.5714700915044373
rat0307,shuffle_null_mean,,271.0,/Users/Hannah/Programming/data_eyeblink/geometry_preservation_outputs/geometry_preservation_rat0307_set0307_dim3_bins5_2026-04-30_22-51-17.npz,0.5766360167403406,0.7487185224509874,0.5766360167403408
rat0307,shuffle_null_mean,,272.0,/Users/Hannah/Programming/data_eyeblink/geometry_preservation_outputs/geometry_preservation_rat0307_set0307_dim3_bins5_2026-04-30_22-51-17.npz,0.5899767202780163,0.7614409098298707,0.5899767202780164
rat0307,shuffle_null_mean,,273.0,/Users/Hannah/Programming/data_eyeblink/geometry_preservation_outputs/geometry_preservation_rat0307_set0307_dim3_bins5_2026-04-30_22-51-17.npz,0.5453442240531536,0.731543068747843,0.5453442240531536
rat0307,shuffle_null_mean,,274.0,/Users/Hannah/Programming/data_eyeblink/geometry_preservation_outputs/geometry_preservation_rat0307_set0307_dim3_bins5_2026-04-30_22-51-17.npz,0.5870658076712695,0.7532270658347088,0.5870658076712695
rat0307,shuffle_null_mean,,275.0,/Users/Hannah/Programming/data_eyeblink/geometry_preservation_outputs/geometry_preservation_rat0307_set0307_dim3_bins5_2026-04-30_22-51-17.npz,0.5574088313741058,0.734391728159714,0.5574088313741058
rat0307,shuffle_null_mean,,276.0,/Users/Hannah/Programming/data_eyeblink/geometry_preservation_outputs/geometry_preservation_rat0307_set0307_dim3_bins5_2026-04-30_22-51-17.npz,0.4795636732368992,0.6824146969147871,0.4795636732368994
rat0307,shuffle_null_mean,,277.0,/Users/Hannah/Programming/data_eyeblink/geometry_preservation_outputs/geometry_preservation_rat0307_set0307_dim3_bins5_2026-04-30_22-51-17.npz,0.5826425163739671,0.7580534140768233,0.5826425163739671
rat0307,shuffle_null_mean,,278.0,/Users/Hannah/Programming/data_eyeblink/geometry_preservation_outputs/geometry_preservation_rat0307_set0307_dim3_bins5_2026-04-30_22-51-17.npz,0.6238693399628755,0.7814458457545008,0.6238693399628755
rat0307,shuffle_null_mean,,279.0,/Users/Hannah/Programming/data_eyeblink/geometry_preservation_outputs/geometry_preservation_rat0307_set0307_dim3_bins5_2026-04-30_22-51-17.npz,0.5987978926485347,0.7678867691728154,0.5987978926485347
rat0307,shuffle_null_mean,,280.0,/Users/Hannah/Programming/data_eyeblink/geometry_preservation_outputs/geometry_preservation_rat0307_set0307_dim3_bins5_2026-04-30_22-51-17.npz,0.5827285532065946,0.7567621831388986,0.5827285532065946
rat0307,shuffle_null_mean,,281.0,/Users/Hannah/Programming/data_eyeblink/geometry_preservation_outputs/geometry_preservation_rat0307_set0307_dim3_bins5_2026-04-30_22-51-17.npz,0.5526188367062057,0.7276703926499891,0.5526188367062057
rat0307,shuffle_null_mean,,282.0,/Users/Hannah/Programming/data_eyeblink/geometry_preservation_outputs/geometry_preservation_rat0307_set0307_dim3_bins5_2026-04-30_22-51-17.npz,0.5866164920090728,0.7567023890791356,0.5866164920090728
rat0307,shuffle_null_mean,,283.0,/Users/Hannah/Programming/data_eyeblink/geometry_preservation_outputs/geometry_preservation_rat0307_set0307_dim3_bins5_2026-04-30_22-51-17.npz,0.5796180404560809,0.7499878990663222,0.5796180404560809
rat0307,shuffle_null_mean,,284.0,/Users/Hannah/Programming/data_eyeblink/geometry_preservation_outputs/geometry_preservation_rat0307_set0307_dim3_bins5_2026-04-30_22-51-17.npz,0.5791237571424527,0.750473611321811,0.5791237571424527
rat0307,shuffle_null_mean,,285.0,/Users/Hannah/Programming/data_eyeblink/geometry_preservation_outputs/geometry_preservation_rat0307_set0307_dim3_bins5_2026-04-30_22-51-17.npz,0.5853164505744768,0.7556173508100901,0.5853164505744768
rat0307,shuffle_null_mean,,286.0,/Users/Hannah/Programming/data_eyeblink/geometry_preservation_outputs/geometry_preservation_rat0307_set0307_dim3_bins5_2026-04-30_22-51-17.npz,0.5699893170989119,0.7428386632884912,0.5699893170989118
rat0307,shuffle_null_mean,,287.0,/Users/Hannah/Programming/data_eyeblink/geometry_preservation_outputs/geometry_preservation_rat0307_set0307_dim3_bins5_2026-04-30_22-51-17.npz,0.5654421691969259,0.7421542140851772,0.5654421691969259
rat0307,shuffle_null_mean,,288.0,/Users/Hannah/Programming/data_eyeblink/geometry_preservation_outputs/geometry_preservation_rat0307_set0307_dim3_bins5_2026-04-30_22-51-17.npz,0.5671351807142679,0.7407414479279024,0.5671351807142679
rat0307,shuffle_null_mean,,289.0,/Users/Hannah/Programming/data_eyeblink/geometry_preservation_outputs/geometry_preservation_rat0307_set0307_dim3_bins5_2026-04-30_22-51-17.npz,0.5874758994150737,0.7583630506331832,0.5874758994150737
rat0307,shuffle_null_mean,,290.0,/Users/Hannah/Programming/data_eyeblink/geometry_preservation_outputs/geometry_preservation_rat0307_set0307_dim3_bins5_2026-04-30_22-51-17.npz,0.6076771515793465,0.771284190163043,0.6076771515793468
rat0307,shuffle_null_mean,,291.0,/Users/Hannah/Programming/data_eyeblink/geometry_preservation_outputs/geometry_preservation_rat0307_set0307_dim3_bins5_2026-04-30_22-51-17.npz,0.587809429442014,0.7556351952312528,0.587809429442014
rat0307,shuffle_null_mean,,292.0,/Users/Hannah/Programming/data_eyeblink/geometry_preservation_outputs/geometry_preservation_rat0307_set0307_dim3_bins5_2026-04-30_22-51-17.npz,0.5892209060275626,0.7599800783054937,0.5892209060275626
rat0307,shuffle_null_mean,,293.0,/Users/Hannah/Programming/data_eyeblink/geometry_preservation_outputs/geometry_preservation_rat0307_set0307_dim3_bins5_2026-04-30_22-51-17.npz,0.6195583938955996,0.7783004408273546,0.6195583938955995
rat0307,shuffle_null_mean,,294.0,/Users/Hannah/Programming/data_eyeblink/geometry_preservation_outputs/geometry_preservation_rat0307_set0307_dim3_bins5_2026-04-30_22-51-17.npz,0.575935479250224,0.7566179115138648,0.575935479250224
rat0307,shuffle_null_mean,,295.0,/Users/Hannah/Programming/data_eyeblink/geometry_preservation_outputs/geometry_preservation_rat0307_set0307_dim3_bins5_2026-04-30_22-51-17.npz,0.5797990033714125,0.7507535360701968,0.5797990033714125
rat0307,shuffle_null_mean,,296.0,/Users/Hannah/Programming/data_eyeblink/geometry_preservation_outputs/geometry_preservation_rat0307_set0307_dim3_bins5_2026-04-30_22-51-17.npz,0.5244133234542419,0.7139098934898465,0.5244133234542419
rat0307,shuffle_null_mean,,297.0,/Users/Hannah/Programming/data_eyeblink/geometry_preservation_outputs/geometry_preservation_rat0307_set0307_dim3_bins5_2026-04-30_22-51-17.npz,0.5499707243191716,0.7323280128976662,0.5499707243191716
rat0307,shuffle_null_mean,,298.0,/Users/Hannah/Programming/data_eyeblink/geometry_preservation_outputs/geometry_preservation_rat0307_set0307_dim3_bins5_2026-04-30_22-51-17.npz,0.6057159789576791,0.7724521737808514,0.6057159789576794
rat0307,shuffle_null_mean,,299.0,/Users/Hannah/Programming/data_eyeblink/geometry_preservation_outputs/geometry_preservation_rat0307_set0307_dim3_bins5_2026-04-30_22-51-17.npz,0.5624361145499186,0.7393233015289223,0.5624361145499186
rat0307,shuffle_null_mean,,300.0,/Users/Hannah/Programming/data_eyeblink/geometry_preservation_outputs/geometry_preservation_rat0307_set0307_dim3_bins5_2026-04-30_22-51-17.npz,0.5354533215668182,0.7179079038014462,0.5354533215668182
rat0307,shuffle_null_mean,,301.0,/Users/Hannah/Programming/data_eyeblink/geometry_preservation_outputs/geometry_preservation_rat0307_set0307_dim3_bins5_2026-04-30_22-51-17.npz,0.520698272659533,0.7095603514055626,0.520698272659533
rat0307,shuffle_null_mean,,302.0,/Users/Hannah/Programming/data_eyeblink/geometry_preservation_outputs/geometry_preservation_rat0307_set0307_dim3_bins5_2026-04-30_22-51-17.npz,0.5164754256359466,0.7096250751093347,0.5164754256359467
rat0307,shuffle_null_mean,,303.0,/Users/Hannah/Programming/data_eyeblink/geometry_preservation_outputs/geometry_preservation_rat0307_set0307_dim3_bins5_2026-04-30_22-51-17.npz,0.5796551312013499,0.7490943065427746,0.5796551312013499
rat0307,shuffle_null_mean,,304.0,/Users/Hannah/Programming/data_eyeblink/geometry_preservation_outputs/geometry_preservation_rat0307_set0307_dim3_bins5_2026-04-30_22-51-17.npz,0.5805816107814584,0.7518853360098534,0.5805816107814585
rat0307,shuffle_null_mean,,305.0,/Users/Hannah/Programming/data_eyeblink/geometry_preservation_outputs/geometry_preservation_rat0307_set0307_dim3_bins5_2026-04-30_22-51-17.npz,0.520912563008285,0.7074983369765082,0.520912563008285
rat0307,shuffle_null_mean,,306.0,/Users/Hannah/Programming/data_eyeblink/geometry_preservation_outputs/geometry_preservation_rat0307_set0307_dim3_bins5_2026-04-30_22-51-17.npz,0.5709856684030101,0.7401123486468966,0.5709856684030103
rat0307,shuffle_null_mean,,307.0,/Users/Hannah/Programming/data_eyeblink/geometry_preservation_outputs/geometry_preservation_rat0307_set0307_dim3_bins5_2026-04-30_22-51-17.npz,0.5886976670185058,0.7572281322917644,0.5886976670185058
rat0307,shuffle_null_mean,,308.0,/Users/Hannah/Programming/data_eyeblink/geometry_preservation_outputs/geometry_preservation_rat0307_set0307_dim3_bins5_2026-04-30_22-51-17.npz,0.5337829799914611,0.7210679771361763,0.5337829799914611
rat0307,shuffle_null_mean,,309.0,/Users/Hannah/Programming/data_eyeblink/geometry_preservation_outputs/geometry_preservation_rat0307_set0307_dim3_bins5_2026-04-30_22-51-17.npz,0.5302823610153394,0.712334635204299,0.5302823610153394
rat0307,shuffle_null_mean,,310.0,/Users/Hannah/Programming/data_eyeblink/geometry_preservation_outputs/geometry_preservation_rat0307_set0307_dim3_bins5_2026-04-30_22-51-17.npz,0.5381978369787244,0.7260804642865348,0.5381978369787244
rat0307,shuffle_null_mean,,311.0,/Users/Hannah/Programming/data_eyeblink/geometry_preservation_outputs/geometry_preservation_rat0307_set0307_dim3_bins5_2026-04-30_22-51-17.npz,0.5893409027010839,0.7611776292550159,0.5893409027010839
rat0307,shuffle_null_mean,,312.0,/Users/Hannah/Programming/data_eyeblink/geometry_preservation_outputs/geometry_preservation_rat0307_set0307_dim3_bins5_2026-04-30_22-51-17.npz,0.5604793053678685,0.7382509692707859,0.5604793053678685
rat0307,shuffle_null_mean,,313.0,/Users/Hannah/Programming/data_eyeblink/geometry_preservation_outputs/geometry_preservation_rat0307_set0307_dim3_bins5_2026-04-30_22-51-17.npz,0.627841283151609,0.7832796296810546,0.6278412831516091
rat0307,shuffle_null_mean,,314.0,/Users/Hannah/Programming/data_eyeblink/geometry_preservation_outputs/geometry_preservation_rat0307_set0307_dim3_bins5_2026-04-30_22-51-17.npz,0.6174810769750845,0.7796733060317869,0.6174810769750845
rat0307,shuffle_null_mean,,315.0,/Users/Hannah/Programming/data_eyeblink/geometry_preservation_outputs/geometry_preservation_rat0307_set0307_dim3_bins5_2026-04-30_22-51-17.npz,0.5623744502292075,0.7439074023348726,0.5623744502292075
rat0307,shuffle_null_mean,,316.0,/Users/Hannah/Programming/data_eyeblink/geometry_preservation_outputs/geometry_preservation_rat0307_set0307_dim3_bins5_2026-04-30_22-51-17.npz,0.5449462005884111,0.7273807767327614,0.5449462005884111
rat0307,shuffle_null_mean,,317.0,/Users/Hannah/Programming/data_eyeblink/geometry_preservation_outputs/geometry_preservation_rat0307_set0307_dim3_bins5_2026-04-30_22-51-17.npz,0.5500950282193396,0.7289274413298318,0.5500950282193395
rat0307,shuffle_null_mean,,318.0,/Users/Hannah/Programming/data_eyeblink/geometry_preservation_outputs/geometry_preservation_rat0307_set0307_dim3_bins5_2026-04-30_22-51-17.npz,0.561455664648456,0.7411470078416873,0.5614556646484559
rat0307,shuffle_null_mean,,319.0,/Users/Hannah/Programming/data_eyeblink/geometry_preservation_outputs/geometry_preservation_rat0307_set0307_dim3_bins5_2026-04-30_22-51-17.npz,0.6115876967855551,0.7785013248544861,0.6115876967855552
rat0307,shuffle_null_mean,,320.0,/Users/Hannah/Programming/data_eyeblink/geometry_preservation_outputs/geometry_preservation_rat0307_set0307_dim3_bins5_2026-04-30_22-51-17.npz,0.5273993706808816,0.7124793767046154,0.5273993706808816
rat0307,shuffle_null_mean,,321.0,/Users/Hannah/Programming/data_eyeblink/geometry_preservation_outputs/geometry_preservation_rat0307_set0307_dim3_bins5_2026-04-30_22-51-17.npz,0.6098725358014291,0.7732292444070933,0.6098725358014291
rat0307,shuffle_null_mean,,322.0,/Users/Hannah/Programming/data_eyeblink/geometry_preservation_outputs/geometry_preservation_rat0307_set0307_dim3_bins5_2026-04-30_22-51-17.npz,0.5400788585909864,0.7215999687366935,0.5400788585909864
rat0307,shuffle_null_mean,,323.0,/Users/Hannah/Programming/data_eyeblink/geometry_preservation_outputs/geometry_preservation_rat0307_set0307_dim3_bins5_2026-04-30_22-51-17.npz,0.5770844818941955,0.7535784718105832,0.5770844818941956
rat0307,shuffle_null_mean,,324.0,/Users/Hannah/Programming/data_eyeblink/geometry_preservation_outputs/geometry_preservation_rat0307_set0307_dim3_bins5_2026-04-30_22-51-17.npz,0.5643539207421466,0.7365397654624128,0.5643539207421469
rat0307,shuffle_null_mean,,325.0,/Users/Hannah/Programming/data_eyeblink/geometry_preservation_outputs/geometry_preservation_rat0307_set0307_dim3_bins5_2026-04-30_22-51-17.npz,0.5308066231885998,0.7163096658223915,0.5308066231886
rat0307,shuffle_null_mean,,326.0,/Users/Hannah/Programming/data_eyeblink/geometry_preservation_outputs/geometry_preservation_rat0307_set0307_dim3_bins5_2026-04-30_22-51-17.npz,0.592997555861328,0.7519165768412701,0.592997555861328
rat0307,shuffle_null_mean,,327.0,/Users/Hannah/Programming/data_eyeblink/geometry_preservation_outputs/geometry_preservation_rat0307_set0307_dim3_bins5_2026-04-30_22-51-17.npz,0.5762088188974193,0.754441437421532,0.5762088188974193
rat0307,shuffle_null_mean,,328.0,/Users/Hannah/Programming/data_eyeblink/geometry_preservation_outputs/geometry_preservation_rat0307_set0307_dim3_bins5_2026-04-30_22-51-17.npz,0.582984411916085,0.747237098120131,0.5829844119160852
rat0307,shuffle_null_mean,,329.0,/Users/Hannah/Programming/data_eyeblink/geometry_preservation_outputs/geometry_preservation_rat0307_set0307_dim3_bins5_2026-04-30_22-51-17.npz,0.5339123411957446,0.7197057320449174,0.5339123411957446
rat0307,shuffle_null_mean,,330.0,/Users/Hannah/Programming/data_eyeblink/geometry_preservation_outputs/geometry_preservation_rat0307_set0307_dim3_bins5_2026-04-30_22-51-17.npz,0.5408650518691718,0.7211273753644358,0.5408650518691718
rat0307,shuffle_null_mean,,331.0,/Users/Hannah/Programming/data_eyeblink/geometry_preservation_outputs/geometry_preservation_rat0307_set0307_dim3_bins5_2026-04-30_22-51-17.npz,0.6363525706137929,0.79217785624143,0.6363525706137929
rat0307,shuffle_null_mean,,332.0,/Users/Hannah/Programming/data_eyeblink/geometry_preservation_outputs/geometry_preservation_rat0307_set0307_dim3_bins5_2026-04-30_22-51-17.npz,0.5678266564663882,0.7416127374779032,0.5678266564663883
rat0307,shuffle_null_mean,,333.0,/Users/Hannah/Programming/data_eyeblink/geometry_preservation_outputs/geometry_preservation_rat0307_set0307_dim3_bins5_2026-04-30_22-51-17.npz,0.5862366452502559,0.7571984552095044,0.5862366452502557
rat0307,shuffle_null_mean,,334.0,/Users/Hannah/Programming/data_eyeblink/geometry_preservation_outputs/geometry_preservation_rat0307_set0307_dim3_bins5_2026-04-30_22-51-17.npz,0.4970252934969318,0.6967007737041768,0.49702529349693175
rat0307,shuffle_null_mean,,335.0,/Users/Hannah/Programming/data_eyeblink/geometry_preservation_outputs/geometry_preservation_rat0307_set0307_dim3_bins5_2026-04-30_22-51-17.npz,0.6103330586216842,0.7733462730647923,0.6103330586216844
rat0307,shuffle_null_mean,,336.0,/Users/Hannah/Programming/data_eyeblink/geometry_preservation_outputs/geometry_preservation_rat0307_set0307_dim3_bins5_2026-04-30_22-51-17.npz,0.5259934601870022,0.7185544578846611,0.5259934601870022
rat0307,shuffle_null_mean,,337.0,/Users/Hannah/Programming/data_eyeblink/geometry_preservation_outputs/geometry_preservation_rat0307_set0307_dim3_bins5_2026-04-30_22-51-17.npz,0.5266221505492871,0.7131631400511795,0.5266221505492871
rat0307,shuffle_null_mean,,338.0,/Users/Hannah/Programming/data_eyeblink/geometry_preservation_outputs/geometry_preservation_rat0307_set0307_dim3_bins5_2026-04-30_22-51-17.npz,0.5706736355668056,0.7461313603430599,0.5706736355668056
rat0307,shuffle_null_mean,,339.0,/Users/Hannah/Programming/data_eyeblink/geometry_preservation_outputs/geometry_preservation_rat0307_set0307_dim3_bins5_2026-04-30_22-51-17.npz,0.5539894750053993,0.7334764987168605,0.5539894750053993
rat0307,shuffle_null_mean,,340.0,/Users/Hannah/Programming/data_eyeblink/geometry_preservation_outputs/geometry_preservation_rat0307_set0307_dim3_bins5_2026-04-30_22-51-17.npz,0.5394923231892539,0.7260679566986309,0.5394923231892541
rat0307,shuffle_null_mean,,341.0,/Users/Hannah/Programming/data_eyeblink/geometry_preservation_outputs/geometry_preservation_rat0307_set0307_dim3_bins5_2026-04-30_22-51-17.npz,0.5733159045656555,0.7479789088825713,0.5733159045656555
rat0307,shuffle_null_mean,,342.0,/Users/Hannah/Programming/data_eyeblink/geometry_preservation_outputs/geometry_preservation_rat0307_set0307_dim3_bins5_2026-04-30_22-51-17.npz,0.5965227657205557,0.7657988710720801,0.5965227657205557
rat0307,shuffle_null_mean,,343.0,/Users/Hannah/Programming/data_eyeblink/geometry_preservation_outputs/geometry_preservation_rat0307_set0307_dim3_bins5_2026-04-30_22-51-17.npz,0.5721178612691352,0.7506363672584018,0.5721178612691353
rat0307,shuffle_null_mean,,344.0,/Users/Hannah/Programming/data_eyeblink/geometry_preservation_outputs/geometry_preservation_rat0307_set0307_dim3_bins5_2026-04-30_22-51-17.npz,0.5620668078571482,0.7414594475158236,0.5620668078571482
rat0307,shuffle_null_mean,,345.0,/Users/Hannah/Programming/data_eyeblink/geometry_preservation_outputs/geometry_preservation_rat0307_set0307_dim3_bins5_2026-04-30_22-51-17.npz,0.5262183867194277,0.7176589653433141,0.5262183867194278
rat0307,shuffle_null_mean,,346.0,/Users/Hannah/Programming/data_eyeblink/geometry_preservation_outputs/geometry_preservation_rat0307_set0307_dim3_bins5_2026-04-30_22-51-17.npz,0.5258336437420166,0.7107342203684677,0.5258336437420166
rat0307,shuffle_null_mean,,347.0,/Users/Hannah/Programming/data_eyeblink/geometry_preservation_outputs/geometry_preservation_rat0307_set0307_dim3_bins5_2026-04-30_22-51-17.npz,0.5366576796836511,0.7202837665945874,0.5366576796836512
rat0307,shuffle_null_mean,,348.0,/Users/Hannah/Programming/data_eyeblink/geometry_preservation_outputs/geometry_preservation_rat0307_set0307_dim3_bins5_2026-04-30_22-51-17.npz,0.5226226358745797,0.7095705451197103,0.5226226358745797
rat0307,shuffle_null_mean,,349.0,/Users/Hannah/Programming/data_eyeblink/geometry_preservation_outputs/geometry_preservation_rat0307_set0307_dim3_bins5_2026-04-30_22-51-17.npz,0.6057973708045499,0.7688128234417618,0.60579737080455
rat0307,shuffle_null_mean,,350.0,/Users/Hannah/Programming/data_eyeblink/geometry_preservation_outputs/geometry_preservation_rat0307_set0307_dim3_bins5_2026-04-30_22-51-17.npz,0.532142401865468,0.7190594184028228,0.5321424018654681
rat0307,shuffle_null_mean,,351.0,/Users/Hannah/Programming/data_eyeblink/geometry_preservation_outputs/geometry_preservation_rat0307_set0307_dim3_bins5_2026-04-30_22-51-17.npz,0.5784674831263718,0.7505187027165061,0.5784674831263716
rat0307,shuffle_null_mean,,352.0,/Users/Hannah/Programming/data_eyeblink/geometry_preservation_outputs/geometry_preservation_rat0307_set0307_dim3_bins5_2026-04-30_22-51-17.npz,0.550571126273216,0.7330961436142319,0.550571126273216
rat0307,shuffle_null_mean,,353.0,/Users/Hannah/Programming/data_eyeblink/geometry_preservation_outputs/geometry_preservation_rat0307_set0307_dim3_bins5_2026-04-30_22-51-17.npz,0.5618654826232704,0.7414850730290242,0.5618654826232704
rat0307,shuffle_null_mean,,354.0,/Users/Hannah/Programming/data_eyeblink/geometry_preservation_outputs/geometry_preservation_rat0307_set0307_dim3_bins5_2026-04-30_22-51-17.npz,0.5784512645176048,0.7526941423582671,0.5784512645176048
rat0307,shuffle_null_mean,,355.0,/Users/Hannah/Programming/data_eyeblink/geometry_preservation_outputs/geometry_preservation_rat0307_set0307_dim3_bins5_2026-04-30_22-51-17.npz,0.6206037805941926,0.78245943225513,0.6206037805941926
rat0307,shuffle_null_mean,,356.0,/Users/Hannah/Programming/data_eyeblink/geometry_preservation_outputs/geometry_preservation_rat0307_set0307_dim3_bins5_2026-04-30_22-51-17.npz,0.6000155970397245,0.766572051857466,0.6000155970397246
rat0307,shuffle_null_mean,,357.0,/Users/Hannah/Programming/data_eyeblink/geometry_preservation_outputs/geometry_preservation_rat0307_set0307_dim3_bins5_2026-04-30_22-51-17.npz,0.6055250161948438,0.7653784277145722,0.6055250161948437
rat0307,shuffle_null_mean,,358.0,/Users/Hannah/Programming/data_eyeblink/geometry_preservation_outputs/geometry_preservation_rat0307_set0307_dim3_bins5_2026-04-30_22-51-17.npz,0.5983486301356917,0.7667387111175736,0.5983486301356918
rat0307,shuffle_null_mean,,359.0,/Users/Hannah/Programming/data_eyeblink/geometry_preservation_outputs/geometry_preservation_rat0307_set0307_dim3_bins5_2026-04-30_22-51-17.npz,0.598611149322485,0.7665534702859301,0.598611149322485
rat0307,shuffle_null_mean,,360.0,/Users/Hannah/Programming/data_eyeblink/geometry_preservation_outputs/geometry_preservation_rat0307_set0307_dim3_bins5_2026-04-30_22-51-17.npz,0.49119513494538475,0.689267184657071,0.49119513494538475
rat0307,shuffle_null_mean,,361.0,/Users/Hannah/Programming/data_eyeblink/geometry_preservation_outputs/geometry_preservation_rat0307_set0307_dim3_bins5_2026-04-30_22-51-17.npz,0.5998154187680489,0.7639598595882263,0.5998154187680489
rat0307,shuffle_null_mean,,362.0,/Users/Hannah/Programming/data_eyeblink/geometry_preservation_outputs/geometry_preservation_rat0307_set0307_dim3_bins5_2026-04-30_22-51-17.npz,0.5235592284198602,0.7105661400283803,0.5235592284198602
rat0307,shuffle_null_mean,,363.0,/Users/Hannah/Programming/data_eyeblink/geometry_preservation_outputs/geometry_preservation_rat0307_set0307_dim3_bins5_2026-04-30_22-51-17.npz,0.5081740317609381,0.7002047009452915,0.5081740317609382
rat0307,shuffle_null_mean,,364.0,/Users/Hannah/Programming/data_eyeblink/geometry_preservation_outputs/geometry_preservation_rat0307_set0307_dim3_bins5_2026-04-30_22-51-17.npz,0.55632168955958,0.7363646367673209,0.55632168955958
rat0307,shuffle_null_mean,,365.0,/Users/Hannah/Programming/data_eyeblink/geometry_preservation_outputs/geometry_preservation_rat0307_set0307_dim3_bins5_2026-04-30_22-51-17.npz,0.5767827062068245,0.7525912883670447,0.5767827062068245
rat0307,shuffle_null_mean,,366.0,/Users/Hannah/Programming/data_eyeblink/geometry_preservation_outputs/geometry_preservation_rat0307_set0307_dim3_bins5_2026-04-30_22-51-17.npz,0.5429446591622976,0.7307992446704107,0.5429446591622977
rat0307,shuffle_null_mean,,367.0,/Users/Hannah/Programming/data_eyeblink/geometry_preservation_outputs/geometry_preservation_rat0307_set0307_dim3_bins5_2026-04-30_22-51-17.npz,0.6223957829258688,0.7831869173246516,0.622395782925869
rat0307,shuffle_null_mean,,368.0,/Users/Hannah/Programming/data_eyeblink/geometry_preservation_outputs/geometry_preservation_rat0307_set0307_dim3_bins5_2026-04-30_22-51-17.npz,0.5616316494041073,0.7425632500972765,0.5616316494041074
rat0307,shuffle_null_mean,,369.0,/Users/Hannah/Programming/data_eyeblink/geometry_preservation_outputs/geometry_preservation_rat0307_set0307_dim3_bins5_2026-04-30_22-51-17.npz,0.6164729214656198,0.7730379180212332,0.6164729214656199
rat0307,shuffle_null_mean,,370.0,/Users/Hannah/Programming/data_eyeblink/geometry_preservation_outputs/geometry_preservation_rat0307_set0307_dim3_bins5_2026-04-30_22-51-17.npz,0.5345611418812926,0.7173880946850308,0.5345611418812927
rat0307,shuffle_null_mean,,371.0,/Users/Hannah/Programming/data_eyeblink/geometry_preservation_outputs/geometry_preservation_rat0307_set0307_dim3_bins5_2026-04-30_22-51-17.npz,0.5974418543102241,0.7647789823379731,0.5974418543102241
rat0307,shuffle_null_mean,,372.0,/Users/Hannah/Programming/data_eyeblink/geometry_preservation_outputs/geometry_preservation_rat0307_set0307_dim3_bins5_2026-04-30_22-51-17.npz,0.5718770034888725,0.7443386464895025,0.5718770034888725
rat0307,shuffle_null_mean,,373.0,/Users/Hannah/Programming/data_eyeblink/geometry_preservation_outputs/geometry_preservation_rat0307_set0307_dim3_bins5_2026-04-30_22-51-17.npz,0.5661381864332714,0.7389941304479505,0.5661381864332715
rat0307,shuffle_null_mean,,374.0,/Users/Hannah/Programming/data_eyeblink/geometry_preservation_outputs/geometry_preservation_rat0307_set0307_dim3_bins5_2026-04-30_22-51-17.npz,0.5388812693885288,0.7233412053759136,0.5388812693885286
rat0307,shuffle_null_mean,,375.0,/Users/Hannah/Programming/data_eyeblink/geometry_preservation_outputs/geometry_preservation_rat0307_set0307_dim3_bins5_2026-04-30_22-51-17.npz,0.5295924802717858,0.7140436169749336,0.5295924802717858
rat0307,shuffle_null_mean,,376.0,/Users/Hannah/Programming/data_eyeblink/geometry_preservation_outputs/geometry_preservation_rat0307_set0307_dim3_bins5_2026-04-30_22-51-17.npz,0.5491132300845787,0.7294800046597136,0.5491132300845787
rat0307,shuffle_null_mean,,377.0,/Users/Hannah/Programming/data_eyeblink/geometry_preservation_outputs/geometry_preservation_rat0307_set0307_dim3_bins5_2026-04-30_22-51-17.npz,0.5543424506547098,0.7351278192268137,0.5543424506547099
rat0307,shuffle_null_mean,,378.0,/Users/Hannah/Programming/data_eyeblink/geometry_preservation_outputs/geometry_preservation_rat0307_set0307_dim3_bins5_2026-04-30_22-51-17.npz,0.5881906669162005,0.7586037901061176,0.5881906669162006
rat0307,shuffle_null_mean,,379.0,/Users/Hannah/Programming/data_eyeblink/geometry_preservation_outputs/geometry_preservation_rat0307_set0307_dim3_bins5_2026-04-30_22-51-17.npz,0.6014906972409025,0.7648153206518,0.6014906972409025
rat0307,shuffle_null_mean,,380.0,/Users/Hannah/Programming/data_eyeblink/geometry_preservation_outputs/geometry_preservation_rat0307_set0307_dim3_bins5_2026-04-30_22-51-17.npz,0.6078058670397869,0.7718201604259971,0.6078058670397869
rat0307,shuffle_null_mean,,381.0,/Users/Hannah/Programming/data_eyeblink/geometry_preservation_outputs/geometry_preservation_rat0307_set0307_dim3_bins5_2026-04-30_22-51-17.npz,0.5043643196170696,0.7014476858555564,0.5043643196170696
rat0307,shuffle_null_mean,,382.0,/Users/Hannah/Programming/data_eyeblink/geometry_preservation_outputs/geometry_preservation_rat0307_set0307_dim3_bins5_2026-04-30_22-51-17.npz,0.6033132800041855,0.7689271896715424,0.6033132800041855
rat0307,shuffle_null_mean,,383.0,/Users/Hannah/Programming/data_eyeblink/geometry_preservation_outputs/geometry_preservation_rat0307_set0307_dim3_bins5_2026-04-30_22-51-17.npz,0.5553740262079809,0.7379025070540657,0.5553740262079809
rat0307,shuffle_null_mean,,384.0,/Users/Hannah/Programming/data_eyeblink/geometry_preservation_outputs/geometry_preservation_rat0307_set0307_dim3_bins5_2026-04-30_22-51-17.npz,0.5271974123372425,0.7061628798824212,0.5271974123372426
rat0307,shuffle_null_mean,,385.0,/Users/Hannah/Programming/data_eyeblink/geometry_preservation_outputs/geometry_preservation_rat0307_set0307_dim3_bins5_2026-04-30_22-51-17.npz,0.5379206031213564,0.7194832904270985,0.5379206031213565
rat0307,shuffle_null_mean,,386.0,/Users/Hannah/Programming/data_eyeblink/geometry_preservation_outputs/geometry_preservation_rat0307_set0307_dim3_bins5_2026-04-30_22-51-17.npz,0.5365292698874884,0.72387616361959,0.5365292698874883
rat0307,shuffle_null_mean,,387.0,/Users/Hannah/Programming/data_eyeblink/geometry_preservation_outputs/geometry_preservation_rat0307_set0307_dim3_bins5_2026-04-30_22-51-17.npz,0.5357199099381948,0.7156143671460541,0.535719909938195
rat0307,shuffle_null_mean,,388.0,/Users/Hannah/Programming/data_eyeblink/geometry_preservation_outputs/geometry_preservation_rat0307_set0307_dim3_bins5_2026-04-30_22-51-17.npz,0.5488954803539214,0.7286244993433899,0.5488954803539214
rat0307,shuffle_null_mean,,389.0,/Users/Hannah/Programming/data_eyeblink/geometry_preservation_outputs/geometry_preservation_rat0307_set0307_dim3_bins5_2026-04-30_22-51-17.npz,0.6047220632819499,0.7733649438181567,0.6047220632819499
rat0307,shuffle_null_mean,,390.0,/Users/Hannah/Programming/data_eyeblink/geometry_preservation_outputs/geometry_preservation_rat0307_set0307_dim3_bins5_2026-04-30_22-51-17.npz,0.63652677568828,0.7893032409037771,0.6365267756882802
rat0307,shuffle_null_mean,,391.0,/Users/Hannah/Programming/data_eyeblink/geometry_preservation_outputs/geometry_preservation_rat0307_set0307_dim3_bins5_2026-04-30_22-51-17.npz,0.563596737880792,0.7398565475788067,0.5635967378807921
rat0307,shuffle_null_mean,,392.0,/Users/Hannah/Programming/data_eyeblink/geometry_preservation_outputs/geometry_preservation_rat0307_set0307_dim3_bins5_2026-04-30_22-51-17.npz,0.5478051721048353,0.728749255655935,0.5478051721048353
rat0307,shuffle_null_mean,,393.0,/Users/Hannah/Programming/data_eyeblink/geometry_preservation_outputs/geometry_preservation_rat0307_set0307_dim3_bins5_2026-04-30_22-51-17.npz,0.5747458131061057,0.7469442614202253,0.5747458131061056
rat0307,shuffle_null_mean,,394.0,/Users/Hannah/Programming/data_eyeblink/geometry_preservation_outputs/geometry_preservation_rat0307_set0307_dim3_bins5_2026-04-30_22-51-17.npz,0.5799203678228004,0.7556307015423047,0.5799203678228004
rat0307,shuffle_null_mean,,395.0,/Users/Hannah/Programming/data_eyeblink/geometry_preservation_outputs/geometry_preservation_rat0307_set0307_dim3_bins5_2026-04-30_22-51-17.npz,0.5595914671328488,0.7354363386574663,0.5595914671328488
rat0307,shuffle_null_mean,,396.0,/Users/Hannah/Programming/data_eyeblink/geometry_preservation_outputs/geometry_preservation_rat0307_set0307_dim3_bins5_2026-04-30_22-51-17.npz,0.6193471514104505,0.77784903961499,0.6193471514104505
rat0307,shuffle_null_mean,,397.0,/Users/Hannah/Programming/data_eyeblink/geometry_preservation_outputs/geometry_preservation_rat0307_set0307_dim3_bins5_2026-04-30_22-51-17.npz,0.5600021250673834,0.7384184792733997,0.5600021250673836
rat0307,shuffle_null_mean,,398.0,/Users/Hannah/Programming/data_eyeblink/geometry_preservation_outputs/geometry_preservation_rat0307_set0307_dim3_bins5_2026-04-30_22-51-17.npz,0.622628936749149,0.7836547452591882,0.622628936749149
rat0307,shuffle_null_mean,,399.0,/Users/Hannah/Programming/data_eyeblink/geometry_preservation_outputs/geometry_preservation_rat0307_set0307_dim3_bins5_2026-04-30_22-51-17.npz,0.5791553489508527,0.7575808500269098,0.5791553489508527
rat0307,shuffle_null_mean,,400.0,/Users/Hannah/Programming/data_eyeblink/geometry_preservation_outputs/geometry_preservation_rat0307_set0307_dim3_bins5_2026-04-30_22-51-17.npz,0.5708095422736355,0.7515011072015473,0.5708095422736356
rat0307,shuffle_null_mean,,401.0,/Users/Hannah/Programming/data_eyeblink/geometry_preservation_outputs/geometry_preservation_rat0307_set0307_dim3_bins5_2026-04-30_22-51-17.npz,0.5582231174343077,0.7401272765520143,0.5582231174343077
rat0307,shuffle_null_mean,,402.0,/Users/Hannah/Programming/data_eyeblink/geometry_preservation_outputs/geometry_preservation_rat0307_set0307_dim3_bins5_2026-04-30_22-51-17.npz,0.6157347097967444,0.7803905649545904,0.6157347097967443
rat0307,shuffle_null_mean,,403.0,/Users/Hannah/Programming/data_eyeblink/geometry_preservation_outputs/geometry_preservation_rat0307_set0307_dim3_bins5_2026-04-30_22-51-17.npz,0.5245460262678929,0.7126368069318639,0.5245460262678929
rat0307,shuffle_null_mean,,404.0,/Users/Hannah/Programming/data_eyeblink/geometry_preservation_outputs/geometry_preservation_rat0307_set0307_dim3_bins5_2026-04-30_22-51-17.npz,0.5651946208821989,0.7461556019017813,0.565194620882199
rat0307,shuffle_null_mean,,405.0,/Users/Hannah/Programming/data_eyeblink/geometry_preservation_outputs/geometry_preservation_rat0307_set0307_dim3_bins5_2026-04-30_22-51-17.npz,0.5719135197185309,0.7458923300181075,0.5719135197185308
rat0307,shuffle_null_mean,,406.0,/Users/Hannah/Programming/data_eyeblink/geometry_preservation_outputs/geometry_preservation_rat0307_set0307_dim3_bins5_2026-04-30_22-51-17.npz,0.5334167125409492,0.7193776796828741,0.5334167125409492
rat0307,shuffle_null_mean,,407.0,/Users/Hannah/Programming/data_eyeblink/geometry_preservation_outputs/geometry_preservation_rat0307_set0307_dim3_bins5_2026-04-30_22-51-17.npz,0.679694998633075,0.8181385391075177,0.679694998633075
rat0307,shuffle_null_mean,,408.0,/Users/Hannah/Programming/data_eyeblink/geometry_preservation_outputs/geometry_preservation_rat0307_set0307_dim3_bins5_2026-04-30_22-51-17.npz,0.6334869330660818,0.7857377732260246,0.6334869330660818
rat0307,shuffle_null_mean,,409.0,/Users/Hannah/Programming/data_eyeblink/geometry_preservation_outputs/geometry_preservation_rat0307_set0307_dim3_bins5_2026-04-30_22-51-17.npz,0.5473839860110858,0.7270416575915222,0.5473839860110858
rat0307,shuffle_null_mean,,410.0,/Users/Hannah/Programming/data_eyeblink/geometry_preservation_outputs/geometry_preservation_rat0307_set0307_dim3_bins5_2026-04-30_22-51-17.npz,0.5797920703466578,0.7550516025058807,0.5797920703466578
rat0307,shuffle_null_mean,,411.0,/Users/Hannah/Programming/data_eyeblink/geometry_preservation_outputs/geometry_preservation_rat0307_set0307_dim3_bins5_2026-04-30_22-51-17.npz,0.5539132579777151,0.7321461329205953,0.5539132579777151
rat0307,shuffle_null_mean,,412.0,/Users/Hannah/Programming/data_eyeblink/geometry_preservation_outputs/geometry_preservation_rat0307_set0307_dim3_bins5_2026-04-30_22-51-17.npz,0.5469815884931086,0.7227788596653775,0.5469815884931087
rat0307,shuffle_null_mean,,413.0,/Users/Hannah/Programming/data_eyeblink/geometry_preservation_outputs/geometry_preservation_rat0307_set0307_dim3_bins5_2026-04-30_22-51-17.npz,0.5152283889586029,0.7071891343830232,0.5152283889586029
rat0307,shuffle_null_mean,,414.0,/Users/Hannah/Programming/data_eyeblink/geometry_preservation_outputs/geometry_preservation_rat0307_set0307_dim3_bins5_2026-04-30_22-51-17.npz,0.6333499174099878,0.7913002064277739,0.6333499174099878
rat0307,shuffle_null_mean,,415.0,/Users/Hannah/Programming/data_eyeblink/geometry_preservation_outputs/geometry_preservation_rat0307_set0307_dim3_bins5_2026-04-30_22-51-17.npz,0.4880204628949677,0.6880429753296116,0.48802046289496764
rat0307,shuffle_null_mean,,416.0,/Users/Hannah/Programming/data_eyeblink/geometry_preservation_outputs/geometry_preservation_rat0307_set0307_dim3_bins5_2026-04-30_22-51-17.npz,0.5540648500413606,0.7337462060176119,0.5540648500413607
rat0307,shuffle_null_mean,,417.0,/Users/Hannah/Programming/data_eyeblink/geometry_preservation_outputs/geometry_preservation_rat0307_set0307_dim3_bins5_2026-04-30_22-51-17.npz,0.5657910175389637,0.7372811940018077,0.5657910175389638
rat0307,shuffle_null_mean,,418.0,/Users/Hannah/Programming/data_eyeblink/geometry_preservation_outputs/geometry_preservation_rat0307_set0307_dim3_bins5_2026-04-30_22-51-17.npz,0.5819331194784982,0.7517713312281787,0.5819331194784982
rat0307,shuffle_null_mean,,419.0,/Users/Hannah/Programming/data_eyeblink/geometry_preservation_outputs/geometry_preservation_rat0307_set0307_dim3_bins5_2026-04-30_22-51-17.npz,0.5694116991650794,0.7464210809186957,0.5694116991650795
rat0307,shuffle_null_mean,,420.0,/Users/Hannah/Programming/data_eyeblink/geometry_preservation_outputs/geometry_preservation_rat0307_set0307_dim3_bins5_2026-04-30_22-51-17.npz,0.543648176743553,0.7292155451092677,0.543648176743553
rat0307,shuffle_null_mean,,421.0,/Users/Hannah/Programming/data_eyeblink/geometry_preservation_outputs/geometry_preservation_rat0307_set0307_dim3_bins5_2026-04-30_22-51-17.npz,0.5838345827994516,0.7447430439783906,0.5838345827994516
rat0307,shuffle_null_mean,,422.0,/Users/Hannah/Programming/data_eyeblink/geometry_preservation_outputs/geometry_preservation_rat0307_set0307_dim3_bins5_2026-04-30_22-51-17.npz,0.5723373778324191,0.7508199997693425,0.5723373778324194
rat0307,shuffle_null_mean,,423.0,/Users/Hannah/Programming/data_eyeblink/geometry_preservation_outputs/geometry_preservation_rat0307_set0307_dim3_bins5_2026-04-30_22-51-17.npz,0.6207696614104893,0.7801746390461795,0.6207696614104894
rat0307,shuffle_null_mean,,424.0,/Users/Hannah/Programming/data_eyeblink/geometry_preservation_outputs/geometry_preservation_rat0307_set0307_dim3_bins5_2026-04-30_22-51-17.npz,0.5298763731877912,0.7170586297867796,0.5298763731877913
rat0307,shuffle_null_mean,,425.0,/Users/Hannah/Programming/data_eyeblink/geometry_preservation_outputs/geometry_preservation_rat0307_set0307_dim3_bins5_2026-04-30_22-51-17.npz,0.5452274684147846,0.7235491709532162,0.5452274684147848
rat0307,shuffle_null_mean,,426.0,/Users/Hannah/Programming/data_eyeblink/geometry_preservation_outputs/geometry_preservation_rat0307_set0307_dim3_bins5_2026-04-30_22-51-17.npz,0.5635799268330787,0.7366671253458084,0.5635799268330788
rat0307,shuffle_null_mean,,427.0,/Users/Hannah/Programming/data_eyeblink/geometry_preservation_outputs/geometry_preservation_rat0307_set0307_dim3_bins5_2026-04-30_22-51-17.npz,0.5291539383835588,0.7148278859873594,0.529153938383559
rat0307,shuffle_null_mean,,428.0,/Users/Hannah/Programming/data_eyeblink/geometry_preservation_outputs/geometry_preservation_rat0307_set0307_dim3_bins5_2026-04-30_22-51-17.npz,0.5607217143356099,0.7334452557538126,0.5607217143356099
rat0307,shuffle_null_mean,,429.0,/Users/Hannah/Programming/data_eyeblink/geometry_preservation_outputs/geometry_preservation_rat0307_set0307_dim3_bins5_2026-04-30_22-51-17.npz,0.5508547151408074,0.7349687291204263,0.5508547151408074
rat0307,shuffle_null_mean,,430.0,/Users/Hannah/Programming/data_eyeblink/geometry_preservation_outputs/geometry_preservation_rat0307_set0307_dim3_bins5_2026-04-30_22-51-17.npz,0.5201023300542504,0.708827767364067,0.5201023300542504
rat0307,shuffle_null_mean,,431.0,/Users/Hannah/Programming/data_eyeblink/geometry_preservation_outputs/geometry_preservation_rat0307_set0307_dim3_bins5_2026-04-30_22-51-17.npz,0.5909511935520265,0.75205666769103,0.5909511935520266
rat0307,shuffle_null_mean,,432.0,/Users/Hannah/Programming/data_eyeblink/geometry_preservation_outputs/geometry_preservation_rat0307_set0307_dim3_bins5_2026-04-30_22-51-17.npz,0.5338377820364968,0.7194779940321644,0.5338377820364969
rat0307,shuffle_null_mean,,433.0,/Users/Hannah/Programming/data_eyeblink/geometry_preservation_outputs/geometry_preservation_rat0307_set0307_dim3_bins5_2026-04-30_22-51-17.npz,0.6134142954751991,0.7753749917937796,0.6134142954751991
rat0307,shuffle_null_mean,,434.0,/Users/Hannah/Programming/data_eyeblink/geometry_preservation_outputs/geometry_preservation_rat0307_set0307_dim3_bins5_2026-04-30_22-51-17.npz,0.6184426007651359,0.7807065969846781,0.6184426007651361
rat0307,shuffle_null_mean,,435.0,/Users/Hannah/Programming/data_eyeblink/geometry_preservation_outputs/geometry_preservation_rat0307_set0307_dim3_bins5_2026-04-30_22-51-17.npz,0.5747868923888311,0.7515328681106268,0.5747868923888311
rat0307,shuffle_null_mean,,436.0,/Users/Hannah/Programming/data_eyeblink/geometry_preservation_outputs/geometry_preservation_rat0307_set0307_dim3_bins5_2026-04-30_22-51-17.npz,0.5589892581247606,0.7362698784046863,0.5589892581247607
rat0307,shuffle_null_mean,,437.0,/Users/Hannah/Programming/data_eyeblink/geometry_preservation_outputs/geometry_preservation_rat0307_set0307_dim3_bins5_2026-04-30_22-51-17.npz,0.5241842636221571,0.7119978440240142,0.5241842636221571
rat0307,shuffle_null_mean,,438.0,/Users/Hannah/Programming/data_eyeblink/geometry_preservation_outputs/geometry_preservation_rat0307_set0307_dim3_bins5_2026-04-30_22-51-17.npz,0.6358965123367543,0.791650179758322,0.6358965123367544
rat0307,shuffle_null_mean,,439.0,/Users/Hannah/Programming/data_eyeblink/geometry_preservation_outputs/geometry_preservation_rat0307_set0307_dim3_bins5_2026-04-30_22-51-17.npz,0.5938393700281173,0.759013094396366,0.5938393700281173
rat0307,shuffle_null_mean,,440.0,/Users/Hannah/Programming/data_eyeblink/geometry_preservation_outputs/geometry_preservation_rat0307_set0307_dim3_bins5_2026-04-30_22-51-17.npz,0.5010346222079498,0.6971599372025933,0.5010346222079498
rat0307,shuffle_null_mean,,441.0,/Users/Hannah/Programming/data_eyeblink/geometry_preservation_outputs/geometry_preservation_rat0307_set0307_dim3_bins5_2026-04-30_22-51-17.npz,0.5075879771056254,0.6993067156209013,0.5075879771056255
rat0307,shuffle_null_mean,,442.0,/Users/Hannah/Programming/data_eyeblink/geometry_preservation_outputs/geometry_preservation_rat0307_set0307_dim3_bins5_2026-04-30_22-51-17.npz,0.5303656182866602,0.7209206132579775,0.5303656182866603
rat0307,shuffle_null_mean,,443.0,/Users/Hannah/Programming/data_eyeblink/geometry_preservation_outputs/geometry_preservation_rat0307_set0307_dim3_bins5_2026-04-30_22-51-17.npz,0.5684317227844449,0.7466621656240136,0.5684317227844448
rat0307,shuffle_null_mean,,444.0,/Users/Hannah/Programming/data_eyeblink/geometry_preservation_outputs/geometry_preservation_rat0307_set0307_dim3_bins5_2026-04-30_22-51-17.npz,0.5777647028203643,0.7413938702784284,0.5777647028203645
rat0307,shuffle_null_mean,,445.0,/Users/Hannah/Programming/data_eyeblink/geometry_preservation_outputs/geometry_preservation_rat0307_set0307_dim3_bins5_2026-04-30_22-51-17.npz,0.5031462081135316,0.6910762756361569,0.5031462081135316
rat0307,shuffle_null_mean,,446.0,/Users/Hannah/Programming/data_eyeblink/geometry_preservation_outputs/geometry_preservation_rat0307_set0307_dim3_bins5_2026-04-30_22-51-17.npz,0.5257697877768144,0.7105633944303932,0.5257697877768145
rat0307,shuffle_null_mean,,447.0,/Users/Hannah/Programming/data_eyeblink/geometry_preservation_outputs/geometry_preservation_rat0307_set0307_dim3_bins5_2026-04-30_22-51-17.npz,0.6278226929366919,0.7886699789622782,0.6278226929366919
rat0307,shuffle_null_mean,,448.0,/Users/Hannah/Programming/data_eyeblink/geometry_preservation_outputs/geometry_preservation_rat0307_set0307_dim3_bins5_2026-04-30_22-51-17.npz,0.5495031633246958,0.7351869515957037,0.549503163324696
rat0307,shuffle_null_mean,,449.0,/Users/Hannah/Programming/data_eyeblink/geometry_preservation_outputs/geometry_preservation_rat0307_set0307_dim3_bins5_2026-04-30_22-51-17.npz,0.5895403177879243,0.7595205751467055,0.5895403177879243
rat0307,shuffle_null_mean,,450.0,/Users/Hannah/Programming/data_eyeblink/geometry_preservation_outputs/geometry_preservation_rat0307_set0307_dim3_bins5_2026-04-30_22-51-17.npz,0.586423245616593,0.7553093626767409,0.586423245616593
rat0307,shuffle_null_mean,,451.0,/Users/Hannah/Programming/data_eyeblink/geometry_preservation_outputs/geometry_preservation_rat0307_set0307_dim3_bins5_2026-04-30_22-51-17.npz,0.5628770606640386,0.7425798820718074,0.5628770606640388
rat0307,shuffle_null_mean,,452.0,/Users/Hannah/Programming/data_eyeblink/geometry_preservation_outputs/geometry_preservation_rat0307_set0307_dim3_bins5_2026-04-30_22-51-17.npz,0.5164269241866288,0.7095364453950851,0.5164269241866289
rat0307,shuffle_null_mean,,453.0,/Users/Hannah/Programming/data_eyeblink/geometry_preservation_outputs/geometry_preservation_rat0307_set0307_dim3_bins5_2026-04-30_22-51-17.npz,0.48754745423545015,0.6841076730403584,0.4875474542354503
rat0307,shuffle_null_mean,,454.0,/Users/Hannah/Programming/data_eyeblink/geometry_preservation_outputs/geometry_preservation_rat0307_set0307_dim3_bins5_2026-04-30_22-51-17.npz,0.561940473032789,0.7385267049260243,0.5619404730327892
rat0307,shuffle_null_mean,,455.0,/Users/Hannah/Programming/data_eyeblink/geometry_preservation_outputs/geometry_preservation_rat0307_set0307_dim3_bins5_2026-04-30_22-51-17.npz,0.6089465737684537,0.7715568528741773,0.6089465737684537
rat0307,shuffle_null_mean,,456.0,/Users/Hannah/Programming/data_eyeblink/geometry_preservation_outputs/geometry_preservation_rat0307_set0307_dim3_bins5_2026-04-30_22-51-17.npz,0.6336484963849129,0.791151143377175,0.6336484963849129
rat0307,shuffle_null_mean,,457.0,/Users/Hannah/Programming/data_eyeblink/geometry_preservation_outputs/geometry_preservation_rat0307_set0307_dim3_bins5_2026-04-30_22-51-17.npz,0.5209944061996773,0.7013866336031327,0.5209944061996773
rat0307,shuffle_null_mean,,458.0,/Users/Hannah/Programming/data_eyeblink/geometry_preservation_outputs/geometry_preservation_rat0307_set0307_dim3_bins5_2026-04-30_22-51-17.npz,0.5593840985780411,0.7419846714113086,0.5593840985780411
rat0307,shuffle_null_mean,,459.0,/Users/Hannah/Programming/data_eyeblink/geometry_preservation_outputs/geometry_preservation_rat0307_set0307_dim3_bins5_2026-04-30_22-51-17.npz,0.5834235687367413,0.755047573344751,0.5834235687367414
rat0307,shuffle_null_mean,,460.0,/Users/Hannah/Programming/data_eyeblink/geometry_preservation_outputs/geometry_preservation_rat0307_set0307_dim3_bins5_2026-04-30_22-51-17.npz,0.5728600189658485,0.7449308240322737,0.5728600189658485
rat0307,shuffle_null_mean,,461.0,/Users/Hannah/Programming/data_eyeblink/geometry_preservation_outputs/geometry_preservation_rat0307_set0307_dim3_bins5_2026-04-30_22-51-17.npz,0.5627544899084178,0.7365748827409978,0.5627544899084178
rat0307,shuffle_null_mean,,462.0,/Users/Hannah/Programming/data_eyeblink/geometry_preservation_outputs/geometry_preservation_rat0307_set0307_dim3_bins5_2026-04-30_22-51-17.npz,0.5609141420027915,0.7344408627205457,0.5609141420027918
rat0307,shuffle_null_mean,,463.0,/Users/Hannah/Programming/data_eyeblink/geometry_preservation_outputs/geometry_preservation_rat0307_set0307_dim3_bins5_2026-04-30_22-51-17.npz,0.5850778821591283,0.7579219395541947,0.5850778821591283
rat0307,shuffle_null_mean,,464.0,/Users/Hannah/Programming/data_eyeblink/geometry_preservation_outputs/geometry_preservation_rat0307_set0307_dim3_bins5_2026-04-30_22-51-17.npz,0.5538383413333168,0.7392990046903172,0.5538383413333168
rat0307,shuffle_null_mean,,465.0,/Users/Hannah/Programming/data_eyeblink/geometry_preservation_outputs/geometry_preservation_rat0307_set0307_dim3_bins5_2026-04-30_22-51-17.npz,0.4960638598693185,0.6877200899642271,0.4960638598693185
rat0307,shuffle_null_mean,,466.0,/Users/Hannah/Programming/data_eyeblink/geometry_preservation_outputs/geometry_preservation_rat0307_set0307_dim3_bins5_2026-04-30_22-51-17.npz,0.5471457266355104,0.7293449820962908,0.5471457266355105
rat0307,shuffle_null_mean,,467.0,/Users/Hannah/Programming/data_eyeblink/geometry_preservation_outputs/geometry_preservation_rat0307_set0307_dim3_bins5_2026-04-30_22-51-17.npz,0.5924376012282936,0.7609013201116622,0.5924376012282936
rat0307,shuffle_null_mean,,468.0,/Users/Hannah/Programming/data_eyeblink/geometry_preservation_outputs/geometry_preservation_rat0307_set0307_dim3_bins5_2026-04-30_22-51-17.npz,0.43553769483941973,0.6437058248774015,0.43553769483941973
rat0307,shuffle_null_mean,,469.0,/Users/Hannah/Programming/data_eyeblink/geometry_preservation_outputs/geometry_preservation_rat0307_set0307_dim3_bins5_2026-04-30_22-51-17.npz,0.5684081572846672,0.7403351193087111,0.5684081572846673
rat0307,shuffle_null_mean,,470.0,/Users/Hannah/Programming/data_eyeblink/geometry_preservation_outputs/geometry_preservation_rat0307_set0307_dim3_bins5_2026-04-30_22-51-17.npz,0.5761473461404404,0.751898577690457,0.5761473461404405
rat0307,shuffle_null_mean,,471.0,/Users/Hannah/Programming/data_eyeblink/geometry_preservation_outputs/geometry_preservation_rat0307_set0307_dim3_bins5_2026-04-30_22-51-17.npz,0.519676690400743,0.7133258763372078,0.519676690400743
rat0307,shuffle_null_mean,,472.0,/Users/Hannah/Programming/data_eyeblink/geometry_preservation_outputs/geometry_preservation_rat0307_set0307_dim3_bins5_2026-04-30_22-51-17.npz,0.5737605657258985,0.7465092954159493,0.5737605657258985
rat0307,shuffle_null_mean,,473.0,/Users/Hannah/Programming/data_eyeblink/geometry_preservation_outputs/geometry_preservation_rat0307_set0307_dim3_bins5_2026-04-30_22-51-17.npz,0.5215887813395923,0.7090529613079323,0.5215887813395923
rat0307,shuffle_null_mean,,474.0,/Users/Hannah/Programming/data_eyeblink/geometry_preservation_outputs/geometry_preservation_rat0307_set0307_dim3_bins5_2026-04-30_22-51-17.npz,0.5441946785342109,0.7310242789090792,0.5441946785342109
rat0307,shuffle_null_mean,,475.0,/Users/Hannah/Programming/data_eyeblink/geometry_preservation_outputs/geometry_preservation_rat0307_set0307_dim3_bins5_2026-04-30_22-51-17.npz,0.5622145828717506,0.7436635088401674,0.5622145828717507
rat0307,shuffle_null_mean,,476.0,/Users/Hannah/Programming/data_eyeblink/geometry_preservation_outputs/geometry_preservation_rat0307_set0307_dim3_bins5_2026-04-30_22-51-17.npz,0.5185676216412703,0.7113083058655626,0.5185676216412706
rat0307,shuffle_null_mean,,477.0,/Users/Hannah/Programming/data_eyeblink/geometry_preservation_outputs/geometry_preservation_rat0307_set0307_dim3_bins5_2026-04-30_22-51-17.npz,0.5509689547915702,0.7316456751768106,0.5509689547915702
rat0307,shuffle_null_mean,,478.0,/Users/Hannah/Programming/data_eyeblink/geometry_preservation_outputs/geometry_preservation_rat0307_set0307_dim3_bins5_2026-04-30_22-51-17.npz,0.5301190610819855,0.7228548210779266,0.5301190610819855
rat0307,shuffle_null_mean,,479.0,/Users/Hannah/Programming/data_eyeblink/geometry_preservation_outputs/geometry_preservation_rat0307_set0307_dim3_bins5_2026-04-30_22-51-17.npz,0.5422486897444119,0.728831597254183,0.5422486897444118
rat0307,shuffle_null_mean,,480.0,/Users/Hannah/Programming/data_eyeblink/geometry_preservation_outputs/geometry_preservation_rat0307_set0307_dim3_bins5_2026-04-30_22-51-17.npz,0.5862190877193484,0.7566189497281969,0.5862190877193487
rat0307,shuffle_null_mean,,481.0,/Users/Hannah/Programming/data_eyeblink/geometry_preservation_outputs/geometry_preservation_rat0307_set0307_dim3_bins5_2026-04-30_22-51-17.npz,0.562025305913927,0.7377714109773821,0.5620253059139269
rat0307,shuffle_null_mean,,482.0,/Users/Hannah/Programming/data_eyeblink/geometry_preservation_outputs/geometry_preservation_rat0307_set0307_dim3_bins5_2026-04-30_22-51-17.npz,0.511081610825638,0.7021715490071138,0.5110816108256377
rat0307,shuffle_null_mean,,483.0,/Users/Hannah/Programming/data_eyeblink/geometry_preservation_outputs/geometry_preservation_rat0307_set0307_dim3_bins5_2026-04-30_22-51-17.npz,0.5809283208780828,0.7482194154913151,0.5809283208780829
rat0307,shuffle_null_mean,,484.0,/Users/Hannah/Programming/data_eyeblink/geometry_preservation_outputs/geometry_preservation_rat0307_set0307_dim3_bins5_2026-04-30_22-51-17.npz,0.5720270091858939,0.7452607415095331,0.572027009185894
rat0307,shuffle_null_mean,,485.0,/Users/Hannah/Programming/data_eyeblink/geometry_preservation_outputs/geometry_preservation_rat0307_set0307_dim3_bins5_2026-04-30_22-51-17.npz,0.5303832509097153,0.7138064012694905,0.5303832509097152
rat0307,shuffle_null_mean,,486.0,/Users/Hannah/Programming/data_eyeblink/geometry_preservation_outputs/geometry_preservation_rat0307_set0307_dim3_bins5_2026-04-30_22-51-17.npz,0.5182254336126295,0.707847398273472,0.5182254336126296
rat0307,shuffle_null_mean,,487.0,/Users/Hannah/Programming/data_eyeblink/geometry_preservation_outputs/geometry_preservation_rat0307_set0307_dim3_bins5_2026-04-30_22-51-17.npz,0.5219398272962207,0.7161998561770092,0.5219398272962207
rat0307,shuffle_null_mean,,488.0,/Users/Hannah/Programming/data_eyeblink/geometry_preservation_outputs/geometry_preservation_rat0307_set0307_dim3_bins5_2026-04-30_22-51-17.npz,0.5788998454575541,0.7476785392134535,0.5788998454575541
rat0307,shuffle_null_mean,,489.0,/Users/Hannah/Programming/data_eyeblink/geometry_preservation_outputs/geometry_preservation_rat0307_set0307_dim3_bins5_2026-04-30_22-51-17.npz,0.5484703876328746,0.7319241215421413,0.5484703876328746
rat0307,shuffle_null_mean,,490.0,/Users/Hannah/Programming/data_eyeblink/geometry_preservation_outputs/geometry_preservation_rat0307_set0307_dim3_bins5_2026-04-30_22-51-17.npz,0.53705538657146,0.718435229528106,0.53705538657146
rat0307,shuffle_null_mean,,491.0,/Users/Hannah/Programming/data_eyeblink/geometry_preservation_outputs/geometry_preservation_rat0307_set0307_dim3_bins5_2026-04-30_22-51-17.npz,0.5092218239377088,0.7020166196322073,0.5092218239377089
rat0307,shuffle_null_mean,,492.0,/Users/Hannah/Programming/data_eyeblink/geometry_preservation_outputs/geometry_preservation_rat0307_set0307_dim3_bins5_2026-04-30_22-51-17.npz,0.5618519075028423,0.7382804463965363,0.5618519075028422
rat0307,shuffle_null_mean,,493.0,/Users/Hannah/Programming/data_eyeblink/geometry_preservation_outputs/geometry_preservation_rat0307_set0307_dim3_bins5_2026-04-30_22-51-17.npz,0.622151652570732,0.7848795694147556,0.622151652570732
rat0307,shuffle_null_mean,,494.0,/Users/Hannah/Programming/data_eyeblink/geometry_preservation_outputs/geometry_preservation_rat0307_set0307_dim3_bins5_2026-04-30_22-51-17.npz,0.5781186952483817,0.7481818930785211,0.5781186952483817
rat0307,shuffle_null_mean,,495.0,/Users/Hannah/Programming/data_eyeblink/geometry_preservation_outputs/geometry_preservation_rat0307_set0307_dim3_bins5_2026-04-30_22-51-17.npz,0.5555412449582424,0.7343739354954307,0.5555412449582424
rat0307,shuffle_null_mean,,496.0,/Users/Hannah/Programming/data_eyeblink/geometry_preservation_outputs/geometry_preservation_rat0307_set0307_dim3_bins5_2026-04-30_22-51-17.npz,0.5371820665766073,0.7199393428894344,0.5371820665766073
rat0307,shuffle_null_mean,,497.0,/Users/Hannah/Programming/data_eyeblink/geometry_preservation_outputs/geometry_preservation_rat0307_set0307_dim3_bins5_2026-04-30_22-51-17.npz,0.6294436070406537,0.7889054996604428,0.6294436070406537
rat0307,shuffle_null_mean,,498.0,/Users/Hannah/Programming/data_eyeblink/geometry_preservation_outputs/geometry_preservation_rat0307_set0307_dim3_bins5_2026-04-30_22-51-17.npz,0.5438488081415199,0.7265127188190633,0.5438488081415199
rat0307,shuffle_null_mean,,499.0,/Users/Hannah/Programming/data_eyeblink/geometry_preservation_outputs/geometry_preservation_rat0307_set0307_dim3_bins5_2026-04-30_22-51-17.npz,0.5309578301786115,0.7186354597657542,0.5309578301786115
rat0313,real_run,0.0,,/Users/Hannah/Programming/data_eyeblink/geometry_preservation_outputs/geometry_preservation_rat0313_set0313_dim3_bins5_2026-04-29_07-57-35.npz,0.279761275811687,0.5289246409571849,0.27976127581168697
rat0313,real_run,1.0,,/Users/Hannah/Programming/data_eyeblink/geometry_preservation_outputs/geometry_preservation_rat0313_set0313_dim3_bins5_2026-04-29_07-57-35.npz,0.0371489757516975,0.19274069562938048,0.03714897575169749
rat0313,real_run,2.0,,/Users/Hannah/Programming/data_eyeblink/geometry_preservation_outputs/geometry_preservation_rat0313_set0313_dim3_bins5_2026-04-29_07-57-35.npz,0.09329937133711821,0.30544945790935396,0.09329937133711819
rat0313,real_run,3.0,,/Users/Hannah/Programming/data_eyeblink/geometry_preservation_outputs/geometry_preservation_rat0313_set0313_dim3_bins5_2026-04-29_07-57-35.npz,0.23180682977113412,0.4814632174643601,0.2318068297711337
rat0313,real_run,4.0,,/Users/Hannah/Programming/data_eyeblink/geometry_preservation_outputs/geometry_preservation_rat0313_set0313_dim3_bins5_2026-04-29_07-57-35.npz,0.10606118476294894,0.32567036211935074,0.10606118476294903
rat0313,real_run,5.0,,/Users/Hannah/Programming/data_eyeblink/geometry_preservation_outputs/geometry_preservation_rat0313_set0313_dim3_bins5_2026-04-29_07-57-35.npz,0.12855785014544657,0.35854964808997736,0.1285578501454466
rat0313,real_run,6.0,,/Users/Hannah/Programming/data_eyeblink/geometry_preservation_outputs/geometry_preservation_rat0313_set0313_dim3_bins5_2026-04-29_07-57-35.npz,0.09747633319064686,0.312212000394999,0.09747633319064687
rat0313,real_run,7.0,,/Users/Hannah/Programming/data_eyeblink/geometry_preservation_outputs/geometry_preservation_rat0313_set0313_dim3_bins5_2026-04-29_07-57-35.npz,0.02404632607166912,0.15506877851994946,0.024046326071669143
rat0313,real_run,8.0,,/Users/Hannah/Programming/data_eyeblink/geometry_preservation_outputs/geometry_preservation_rat0313_set0313_dim3_bins5_2026-04-29_07-57-35.npz,0.06376756023794916,0.2525223955176038,0.06376756023794912
rat0313,real_run,9.0,,/Users/Hannah/Programming/data_eyeblink/geometry_preservation_outputs/geometry_preservation_rat0313_set0313_dim3_bins5_2026-04-29_07-57-35.npz,0.12295877939274594,0.3506547866388621,0.1229587793927459
rat0313,real_run,10.0,,/Users/Hannah/Programming/data_eyeblink/geometry_preservation_outputs/geometry_preservation_rat0313_set0313_dim3_bins5_2026-04-29_07-57-35.npz,0.0775812174277023,0.2785340507508955,0.07758121742770242
rat0313,real_run,11.0,,/Users/Hannah/Programming/data_eyeblink/geometry_preservation_outputs/geometry_preservation_rat0313_set0313_dim3_bins5_2026-04-29_07-57-35.npz,0.09672258164557067,0.3110025428281426,0.09672258164557067
rat0313,real_run,12.0,,/Users/Hannah/Programming/data_eyeblink/geometry_preservation_outputs/geometry_preservation_rat0313_set0313_dim3_bins5_2026-04-29_07-57-35.npz,0.09931716664551787,0.3151462623061201,0.09931716664551785
rat0313,real_run,13.0,,/Users/Hannah/Programming/data_eyeblink/geometry_preservation_outputs/geometry_preservation_rat0313_set0313_dim3_bins5_2026-04-29_07-57-35.npz,0.20844261955320242,0.4565551659473392,0.20844261955320242
rat0313,real_run,14.0,,/Users/Hannah/Programming/data_eyeblink/geometry_preservation_outputs/geometry_preservation_rat0313_set0313_dim3_bins5_2026-04-29_07-57-35.npz,0.1633966645865198,0.404223532944978,0.16339666458651972
rat0313,real_run,15.0,,/Users/Hannah/Programming/data_eyeblink/geometry_preservation_outputs/geometry_preservation_rat0313_set0313_dim3_bins5_2026-04-29_07-57-35.npz,0.1308671506659301,0.3617556504962019,0.1308671506659302
rat0313,real_run,16.0,,/Users/Hannah/Programming/data_eyeblink/geometry_preservation_outputs/geometry_preservation_rat0313_set0313_dim3_bins5_2026-04-29_07-57-35.npz,0.020957934695404527,0.1447685556169036,0.020957934695404513
rat0313,real_run,17.0,,/Users/Hannah/Programming/data_eyeblink/geometry_preservation_outputs/geometry_preservation_rat0313_set0313_dim3_bins5_2026-04-29_07-57-35.npz,0.14867629027929938,0.38558564584187965,0.14867629027929943
rat0313,real_run,18.0,,/Users/Hannah/Programming/data_eyeblink/geometry_preservation_outputs/geometry_preservation_rat0313_set0313_dim3_bins5_2026-04-29_07-57-35.npz,0.07537304351079288,0.27454151509524544,0.07537304351079288
rat0313,real_run,19.0,,/Users/Hannah/Programming/data_eyeblink/geometry_preservation_outputs/geometry_preservation_rat0313_set0313_dim3_bins5_2026-04-29_07-57-35.npz,0.1063371813392586,0.32609382290877337,0.10633718133925847
rat0313,shuffle_null_mean,,0.0,/Users/Hannah/Programming/data_eyeblink/geometry_preservation_outputs/geometry_preservation_rat0313_set0313_dim3_bins5_2026-04-29_07-57-35.npz,0.5809191069592605,0.7485461913865389,0.5809191069592607
rat0313,shuffle_null_mean,,1.0,/Users/Hannah/Programming/data_eyeblink/geometry_preservation_outputs/geometry_preservation_rat0313_set0313_dim3_bins5_2026-04-29_07-57-35.npz,0.5744313140494317,0.7405910641779051,0.5744313140494317
rat0313,shuffle_null_mean,,2.0,/Users/Hannah/Programming/data_eyeblink/geometry_preservation_outputs/geometry_preservation_rat0313_set0313_dim3_bins5_2026-04-29_07-57-35.npz,0.625462665817783,0.7818768808083891,0.6254626658177829
rat0313,shuffle_null_mean,,3.0,/Users/Hannah/Programming/data_eyeblink/geometry_preservation_outputs/geometry_preservation_rat0313_set0313_dim3_bins5_2026-04-29_07-57-35.npz,0.584005969105778,0.7468966594217566,0.5840059691057781
rat0313,shuffle_null_mean,,4.0,/Users/Hannah/Programming/data_eyeblink/geometry_preservation_outputs/geometry_preservation_rat0313_set0313_dim3_bins5_2026-04-29_07-57-35.npz,0.6323043103021598,0.7902107544504493,0.6323043103021598
rat0313,shuffle_null_mean,,5.0,/Users/Hannah/Programming/data_eyeblink/geometry_preservation_outputs/geometry_preservation_rat0313_set0313_dim3_bins5_2026-04-29_07-57-35.npz,0.5821279477420089,0.7544780999449813,0.5821279477420092
rat0313,shuffle_null_mean,,6.0,/Users/Hannah/Programming/data_eyeblink/geometry_preservation_outputs/geometry_preservation_rat0313_set0313_dim3_bins5_2026-04-29_07-57-35.npz,0.5342206495276117,0.6995360484923375,0.5342206495276116
rat0313,shuffle_null_mean,,7.0,/Users/Hannah/Programming/data_eyeblink/geometry_preservation_outputs/geometry_preservation_rat0313_set0313_dim3_bins5_2026-04-29_07-57-35.npz,0.6066423120832349,0.769892102237044,0.6066423120832349
rat0313,shuffle_null_mean,,8.0,/Users/Hannah/Programming/data_eyeblink/geometry_preservation_outputs/geometry_preservation_rat0313_set0313_dim3_bins5_2026-04-29_07-57-35.npz,0.6464221048276633,0.7953672454977687,0.6464221048276633
rat0313,shuffle_null_mean,,9.0,/Users/Hannah/Programming/data_eyeblink/geometry_preservation_outputs/geometry_preservation_rat0313_set0313_dim3_bins5_2026-04-29_07-57-35.npz,0.5321688669470681,0.7154332630733193,0.5321688669470681
rat0313,shuffle_null_mean,,10.0,/Users/Hannah/Programming/data_eyeblink/geometry_preservation_outputs/geometry_preservation_rat0313_set0313_dim3_bins5_2026-04-29_07-57-35.npz,0.6264833035536902,0.7865372590845895,0.6264833035536902
rat0313,shuffle_null_mean,,11.0,/Users/Hannah/Programming/data_eyeblink/geometry_preservation_outputs/geometry_preservation_rat0313_set0313_dim3_bins5_2026-04-29_07-57-35.npz,0.6242819557212023,0.7821841269819576,0.6242819557212023
rat0313,shuffle_null_mean,,12.0,/Users/Hannah/Programming/data_eyeblink/geometry_preservation_outputs/geometry_preservation_rat0313_set0313_dim3_bins5_2026-04-29_07-57-35.npz,0.577296424824835,0.7515120643896096,0.5772964248248351
rat0313,shuffle_null_mean,,13.0,/Users/Hannah/Programming/data_eyeblink/geometry_preservation_outputs/geometry_preservation_rat0313_set0313_dim3_bins5_2026-04-29_07-57-35.npz,0.6764078792954507,0.8140723523220966,0.6764078792954505
rat0313,shuffle_null_mean,,14.0,/Users/Hannah/Programming/data_eyeblink/geometry_preservation_outputs/geometry_preservation_rat0313_set0313_dim3_bins5_2026-04-29_07-57-35.npz,0.6490414606067317,0.7933858764506441,0.6490414606067317
rat0313,shuffle_null_mean,,15.0,/Users/Hannah/Programming/data_eyeblink/geometry_preservation_outputs/geometry_preservation_rat0313_set0313_dim3_bins5_2026-04-29_07-57-35.npz,0.5904319408707066,0.7606958612626734,0.5904319408707066
rat0313,shuffle_null_mean,,16.0,/Users/Hannah/Programming/data_eyeblink/geometry_preservation_outputs/geometry_preservation_rat0313_set0313_dim3_bins5_2026-04-29_07-57-35.npz,0.6026362121823464,0.7656646593669465,0.6026362121823465
rat0313,shuffle_null_mean,,17.0,/Users/Hannah/Programming/data_eyeblink/geometry_preservation_outputs/geometry_preservation_rat0313_set0313_dim3_bins5_2026-04-29_07-57-35.npz,0.5312303772658693,0.7164262534621453,0.5312303772658693
rat0313,shuffle_null_mean,,18.0,/Users/Hannah/Programming/data_eyeblink/geometry_preservation_outputs/geometry_preservation_rat0313_set0313_dim3_bins5_2026-04-29_07-57-35.npz,0.6040253227962584,0.7651337581874191,0.6040253227962584
rat0313,shuffle_null_mean,,19.0,/Users/Hannah/Programming/data_eyeblink/geometry_preservation_outputs/geometry_preservation_rat0313_set0313_dim3_bins5_2026-04-29_07-57-35.npz,0.5287071800819658,0.7167311197205497,0.5287071800819658
rat0313,shuffle_null_mean,,20.0,/Users/Hannah/Programming/data_eyeblink/geometry_preservation_outputs/geometry_preservation_rat0313_set0313_dim3_bins5_2026-04-29_07-57-35.npz,0.5828544051642077,0.7557778614108607,0.582854405164208
rat0313,shuffle_null_mean,,21.0,/Users/Hannah/Programming/data_eyeblink/geometry_preservation_outputs/geometry_preservation_rat0313_set0313_dim3_bins5_2026-04-29_07-57-35.npz,0.5994302295588672,0.7621471556582792,0.5994302295588672
rat0313,shuffle_null_mean,,22.0,/Users/Hannah/Programming/data_eyeblink/geometry_preservation_outputs/geometry_preservation_rat0313_set0313_dim3_bins5_2026-04-29_07-57-35.npz,0.6203762375970978,0.7768018182185547,0.6203762375970978
rat0313,shuffle_null_mean,,23.0,/Users/Hannah/Programming/data_eyeblink/geometry_preservation_outputs/geometry_preservation_rat0313_set0313_dim3_bins5_2026-04-29_07-57-35.npz,0.6034004882961934,0.7597973841713321,0.6034004882961934
rat0313,shuffle_null_mean,,24.0,/Users/Hannah/Programming/data_eyeblink/geometry_preservation_outputs/geometry_preservation_rat0313_set0313_dim3_bins5_2026-04-29_07-57-35.npz,0.5549277852802075,0.7350946203094472,0.5549277852802075
rat0313,shuffle_null_mean,,25.0,/Users/Hannah/Programming/data_eyeblink/geometry_preservation_outputs/geometry_preservation_rat0313_set0313_dim3_bins5_2026-04-29_07-57-35.npz,0.6965856895064456,0.8291573580390391,0.6965856895064456
rat0313,shuffle_null_mean,,26.0,/Users/Hannah/Programming/data_eyeblink/geometry_preservation_outputs/geometry_preservation_rat0313_set0313_dim3_bins5_2026-04-29_07-57-35.npz,0.5334040307277579,0.7170588871003114,0.533404030727758
rat0313,shuffle_null_mean,,27.0,/Users/Hannah/Programming/data_eyeblink/geometry_preservation_outputs/geometry_preservation_rat0313_set0313_dim3_bins5_2026-04-29_07-57-35.npz,0.6377263771594183,0.7906194684810218,0.6377263771594184
rat0313,shuffle_null_mean,,28.0,/Users/Hannah/Programming/data_eyeblink/geometry_preservation_outputs/geometry_preservation_rat0313_set0313_dim3_bins5_2026-04-29_07-57-35.npz,0.6694787598635933,0.8099895058560225,0.6694787598635933
rat0313,shuffle_null_mean,,29.0,/Users/Hannah/Programming/data_eyeblink/geometry_preservation_outputs/geometry_preservation_rat0313_set0313_dim3_bins5_2026-04-29_07-57-35.npz,0.6394352396844946,0.7953338714956126,0.6394352396844947
rat0313,shuffle_null_mean,,30.0,/Users/Hannah/Programming/data_eyeblink/geometry_preservation_outputs/geometry_preservation_rat0313_set0313_dim3_bins5_2026-04-29_07-57-35.npz,0.590615486643252,0.7535697943650532,0.590615486643252
rat0313,shuffle_null_mean,,31.0,/Users/Hannah/Programming/data_eyeblink/geometry_preservation_outputs/geometry_preservation_rat0313_set0313_dim3_bins5_2026-04-29_07-57-35.npz,0.5225121027851427,0.709518037996735,0.5225121027851427
rat0313,shuffle_null_mean,,32.0,/Users/Hannah/Programming/data_eyeblink/geometry_preservation_outputs/geometry_preservation_rat0313_set0313_dim3_bins5_2026-04-29_07-57-35.npz,0.5396848245752894,0.727515247580576,0.5396848245752894
rat0313,shuffle_null_mean,,33.0,/Users/Hannah/Programming/data_eyeblink/geometry_preservation_outputs/geometry_preservation_rat0313_set0313_dim3_bins5_2026-04-29_07-57-35.npz,0.5928265011145174,0.7564093983763596,0.5928265011145176
rat0313,shuffle_null_mean,,34.0,/Users/Hannah/Programming/data_eyeblink/geometry_preservation_outputs/geometry_preservation_rat0313_set0313_dim3_bins5_2026-04-29_07-57-35.npz,0.6240373285356099,0.784429570815298,0.62403732853561
rat0313,shuffle_null_mean,,35.0,/Users/Hannah/Programming/data_eyeblink/geometry_preservation_outputs/geometry_preservation_rat0313_set0313_dim3_bins5_2026-04-29_07-57-35.npz,0.5706952814979046,0.7423286444776305,0.5706952814979045
rat0313,shuffle_null_mean,,36.0,/Users/Hannah/Programming/data_eyeblink/geometry_preservation_outputs/geometry_preservation_rat0313_set0313_dim3_bins5_2026-04-29_07-57-35.npz,0.5847060108059604,0.7560072767838055,0.5847060108059604
rat0313,shuffle_null_mean,,37.0,/Users/Hannah/Programming/data_eyeblink/geometry_preservation_outputs/geometry_preservation_rat0313_set0313_dim3_bins5_2026-04-29_07-57-35.npz,0.5673552753277289,0.7242949486394518,0.5673552753277289
rat0313,shuffle_null_mean,,38.0,/Users/Hannah/Programming/data_eyeblink/geometry_preservation_outputs/geometry_preservation_rat0313_set0313_dim3_bins5_2026-04-29_07-57-35.npz,0.5668609817481253,0.7406440551703644,0.5668609817481254
rat0313,shuffle_null_mean,,39.0,/Users/Hannah/Programming/data_eyeblink/geometry_preservation_outputs/geometry_preservation_rat0313_set0313_dim3_bins5_2026-04-29_07-57-35.npz,0.5766779368767218,0.7511662139870053,0.5766779368767219
rat0313,shuffle_null_mean,,40.0,/Users/Hannah/Programming/data_eyeblink/geometry_preservation_outputs/geometry_preservation_rat0313_set0313_dim3_bins5_2026-04-29_07-57-35.npz,0.5904279618935354,0.7564939648769448,0.5904279618935354
rat0313,shuffle_null_mean,,41.0,/Users/Hannah/Programming/data_eyeblink/geometry_preservation_outputs/geometry_preservation_rat0313_set0313_dim3_bins5_2026-04-29_07-57-35.npz,0.5363510581274264,0.7195952316959646,0.5363510581274267
rat0313,shuffle_null_mean,,42.0,/Users/Hannah/Programming/data_eyeblink/geometry_preservation_outputs/geometry_preservation_rat0313_set0313_dim3_bins5_2026-04-29_07-57-35.npz,0.6360456368167766,0.7921051682416824,0.6360456368167767
rat0313,shuffle_null_mean,,43.0,/Users/Hannah/Programming/data_eyeblink/geometry_preservation_outputs/geometry_preservation_rat0313_set0313_dim3_bins5_2026-04-29_07-57-35.npz,0.5665009627306589,0.7447519394387258,0.5665009627306589
rat0313,shuffle_null_mean,,44.0,/Users/Hannah/Programming/data_eyeblink/geometry_preservation_outputs/geometry_preservation_rat0313_set0313_dim3_bins5_2026-04-29_07-57-35.npz,0.5247938116733877,0.7064349337076405,0.5247938116733877
rat0313,shuffle_null_mean,,45.0,/Users/Hannah/Programming/data_eyeblink/geometry_preservation_outputs/geometry_preservation_rat0313_set0313_dim3_bins5_2026-04-29_07-57-35.npz,0.6576656605797845,0.8054688654564417,0.6576656605797843
rat0313,shuffle_null_mean,,46.0,/Users/Hannah/Programming/data_eyeblink/geometry_preservation_outputs/geometry_preservation_rat0313_set0313_dim3_bins5_2026-04-29_07-57-35.npz,0.5786685440394644,0.7505169568324087,0.5786685440394644
rat0313,shuffle_null_mean,,47.0,/Users/Hannah/Programming/data_eyeblink/geometry_preservation_outputs/geometry_preservation_rat0313_set0313_dim3_bins5_2026-04-29_07-57-35.npz,0.7056171152211791,0.8319990097744514,0.7056171152211791
rat0313,shuffle_null_mean,,48.0,/Users/Hannah/Programming/data_eyeblink/geometry_preservation_outputs/geometry_preservation_rat0313_set0313_dim3_bins5_2026-04-29_07-57-35.npz,0.5694375021822651,0.7472697810296384,0.5694375021822651
rat0313,shuffle_null_mean,,49.0,/Users/Hannah/Programming/data_eyeblink/geometry_preservation_outputs/geometry_preservation_rat0313_set0313_dim3_bins5_2026-04-29_07-57-35.npz,0.5697508249212178,0.7482054451088866,0.5697508249212176
rat0313,shuffle_null_mean,,50.0,/Users/Hannah/Programming/data_eyeblink/geometry_preservation_outputs/geometry_preservation_rat0313_set0313_dim3_bins5_2026-04-29_07-57-35.npz,0.5684635341836775,0.7428238212316046,0.5684635341836775
rat0313,shuffle_null_mean,,51.0,/Users/Hannah/Programming/data_eyeblink/geometry_preservation_outputs/geometry_preservation_rat0313_set0313_dim3_bins5_2026-04-29_07-57-35.npz,0.5493871336799213,0.7236160951995088,0.5493871336799214
rat0313,shuffle_null_mean,,52.0,/Users/Hannah/Programming/data_eyeblink/geometry_preservation_outputs/geometry_preservation_rat0313_set0313_dim3_bins5_2026-04-29_07-57-35.npz,0.5876522230684648,0.7594484906367676,0.5876522230684648
rat0313,shuffle_null_mean,,53.0,/Users/Hannah/Programming/data_eyeblink/geometry_preservation_outputs/geometry_preservation_rat0313_set0313_dim3_bins5_2026-04-29_07-57-35.npz,0.5807258797078043,0.7496531139608427,0.5807258797078043
rat0313,shuffle_null_mean,,54.0,/Users/Hannah/Programming/data_eyeblink/geometry_preservation_outputs/geometry_preservation_rat0313_set0313_dim3_bins5_2026-04-29_07-57-35.npz,0.6077595280959486,0.7658665500249406,0.6077595280959486
rat0313,shuffle_null_mean,,55.0,/Users/Hannah/Programming/data_eyeblink/geometry_preservation_outputs/geometry_preservation_rat0313_set0313_dim3_bins5_2026-04-29_07-57-35.npz,0.635298045081605,0.7900640141232401,0.635298045081605
rat0313,shuffle_null_mean,,56.0,/Users/Hannah/Programming/data_eyeblink/geometry_preservation_outputs/geometry_preservation_rat0313_set0313_dim3_bins5_2026-04-29_07-57-35.npz,0.6625034311794938,0.8059933653082734,0.6625034311794938
rat0313,shuffle_null_mean,,57.0,/Users/Hannah/Programming/data_eyeblink/geometry_preservation_outputs/geometry_preservation_rat0313_set0313_dim3_bins5_2026-04-29_07-57-35.npz,0.6141464517881011,0.7773630500596707,0.6141464517881012
rat0313,shuffle_null_mean,,58.0,/Users/Hannah/Programming/data_eyeblink/geometry_preservation_outputs/geometry_preservation_rat0313_set0313_dim3_bins5_2026-04-29_07-57-35.npz,0.5854432009700858,0.7552765696329681,0.5854432009700858
rat0313,shuffle_null_mean,,59.0,/Users/Hannah/Programming/data_eyeblink/geometry_preservation_outputs/geometry_preservation_rat0313_set0313_dim3_bins5_2026-04-29_07-57-35.npz,0.6356045733910409,0.7861938920584498,0.635604573391041
rat0313,shuffle_null_mean,,60.0,/Users/Hannah/Programming/data_eyeblink/geometry_preservation_outputs/geometry_preservation_rat0313_set0313_dim3_bins5_2026-04-29_07-57-35.npz,0.5699932126581281,0.7491625030210445,0.569993212658128
rat0313,shuffle_null_mean,,61.0,/Users/Hannah/Programming/data_eyeblink/geometry_preservation_outputs/geometry_preservation_rat0313_set0313_dim3_bins5_2026-04-29_07-57-35.npz,0.617146091885948,0.7787293953553942,0.617146091885948
rat0313,shuffle_null_mean,,62.0,/Users/Hannah/Programming/data_eyeblink/geometry_preservation_outputs/geometry_preservation_rat0313_set0313_dim3_bins5_2026-04-29_07-57-35.npz,0.6002665690647077,0.7664262204537804,0.6002665690647077
rat0313,shuffle_null_mean,,63.0,/Users/Hannah/Programming/data_eyeblink/geometry_preservation_outputs/geometry_preservation_rat0313_set0313_dim3_bins5_2026-04-29_07-57-35.npz,0.6116543387630612,0.7756458663700063,0.6116543387630611
rat0313,shuffle_null_mean,,64.0,/Users/Hannah/Programming/data_eyeblink/geometry_preservation_outputs/geometry_preservation_rat0313_set0313_dim3_bins5_2026-04-29_07-57-35.npz,0.5406596383050291,0.7172597576017543,0.5406596383050291
rat0313,shuffle_null_mean,,65.0,/Users/Hannah/Programming/data_eyeblink/geometry_preservation_outputs/geometry_preservation_rat0313_set0313_dim3_bins5_2026-04-29_07-57-35.npz,0.6077622678907809,0.7661528545647215,0.607762267890781
rat0313,shuffle_null_mean,,66.0,/Users/Hannah/Programming/data_eyeblink/geometry_preservation_outputs/geometry_preservation_rat0313_set0313_dim3_bins5_2026-04-29_07-57-35.npz,0.5419715530008682,0.7225089403148953,0.5419715530008682
rat0313,shuffle_null_mean,,67.0,/Users/Hannah/Programming/data_eyeblink/geometry_preservation_outputs/geometry_preservation_rat0313_set0313_dim3_bins5_2026-04-29_07-57-35.npz,0.6202417373559168,0.7725307322711807,0.6202417373559168
rat0313,shuffle_null_mean,,68.0,/Users/Hannah/Programming/data_eyeblink/geometry_preservation_outputs/geometry_preservation_rat0313_set0313_dim3_bins5_2026-04-29_07-57-35.npz,0.5691578941166211,0.7431103744361935,0.5691578941166211
rat0313,shuffle_null_mean,,69.0,/Users/Hannah/Programming/data_eyeblink/geometry_preservation_outputs/geometry_preservation_rat0313_set0313_dim3_bins5_2026-04-29_07-57-35.npz,0.5875688413362475,0.7518758192206579,0.5875688413362476
rat0313,shuffle_null_mean,,70.0,/Users/Hannah/Programming/data_eyeblink/geometry_preservation_outputs/geometry_preservation_rat0313_set0313_dim3_bins5_2026-04-29_07-57-35.npz,0.5884648396649388,0.7520928415016784,0.5884648396649388
rat0313,shuffle_null_mean,,71.0,/Users/Hannah/Programming/data_eyeblink/geometry_preservation_outputs/geometry_preservation_rat0313_set0313_dim3_bins5_2026-04-29_07-57-35.npz,0.6439821392488392,0.7930602893384884,0.6439821392488391
rat0313,shuffle_null_mean,,72.0,/Users/Hannah/Programming/data_eyeblink/geometry_preservation_outputs/geometry_preservation_rat0313_set0313_dim3_bins5_2026-04-29_07-57-35.npz,0.6789842088787392,0.8137104777863641,0.678984208878739
rat0313,shuffle_null_mean,,73.0,/Users/Hannah/Programming/data_eyeblink/geometry_preservation_outputs/geometry_preservation_rat0313_set0313_dim3_bins5_2026-04-29_07-57-35.npz,0.563289221142665,0.7314584392303273,0.5632892211426651
rat0313,shuffle_null_mean,,74.0,/Users/Hannah/Programming/data_eyeblink/geometry_preservation_outputs/geometry_preservation_rat0313_set0313_dim3_bins5_2026-04-29_07-57-35.npz,0.5991720385286625,0.7691095794142603,0.5991720385286625
rat0313,shuffle_null_mean,,75.0,/Users/Hannah/Programming/data_eyeblink/geometry_preservation_outputs/geometry_preservation_rat0313_set0313_dim3_bins5_2026-04-29_07-57-35.npz,0.5521211189690352,0.7332006802492776,0.5521211189690352
rat0313,shuffle_null_mean,,76.0,/Users/Hannah/Programming/data_eyeblink/geometry_preservation_outputs/geometry_preservation_rat0313_set0313_dim3_bins5_2026-04-29_07-57-35.npz,0.6011664490510226,0.7643499565586603,0.6011664490510226
rat0313,shuffle_null_mean,,77.0,/Users/Hannah/Programming/data_eyeblink/geometry_preservation_outputs/geometry_preservation_rat0313_set0313_dim3_bins5_2026-04-29_07-57-35.npz,0.5471947340968523,0.7311341432991524,0.5471947340968524
rat0313,shuffle_null_mean,,78.0,/Users/Hannah/Programming/data_eyeblink/geometry_preservation_outputs/geometry_preservation_rat0313_set0313_dim3_bins5_2026-04-29_07-57-35.npz,0.601395289996254,0.7686730805971054,0.601395289996254
rat0313,shuffle_null_mean,,79.0,/Users/Hannah/Programming/data_eyeblink/geometry_preservation_outputs/geometry_preservation_rat0313_set0313_dim3_bins5_2026-04-29_07-57-35.npz,0.5713695287870776,0.7464830284176679,0.5713695287870776
rat0313,shuffle_null_mean,,80.0,/Users/Hannah/Programming/data_eyeblink/geometry_preservation_outputs/geometry_preservation_rat0313_set0313_dim3_bins5_2026-04-29_07-57-35.npz,0.6452429951672414,0.7959378245454056,0.6452429951672414
rat0313,shuffle_null_mean,,81.0,/Users/Hannah/Programming/data_eyeblink/geometry_preservation_outputs/geometry_preservation_rat0313_set0313_dim3_bins5_2026-04-29_07-57-35.npz,0.624836554628658,0.7844421121416845,0.6248365546286578
rat0313,shuffle_null_mean,,82.0,/Users/Hannah/Programming/data_eyeblink/geometry_preservation_outputs/geometry_preservation_rat0313_set0313_dim3_bins5_2026-04-29_07-57-35.npz,0.60611286974758,0.7697673008829596,0.60611286974758
rat0313,shuffle_null_mean,,83.0,/Users/Hannah/Programming/data_eyeblink/geometry_preservation_outputs/geometry_preservation_rat0313_set0313_dim3_bins5_2026-04-29_07-57-35.npz,0.5917266163741817,0.7604146867776134,0.5917266163741818
rat0313,shuffle_null_mean,,84.0,/Users/Hannah/Programming/data_eyeblink/geometry_preservation_outputs/geometry_preservation_rat0313_set0313_dim3_bins5_2026-04-29_07-57-35.npz,0.5786739239602126,0.7553236564561443,0.5786739239602126
rat0313,shuffle_null_mean,,85.0,/Users/Hannah/Programming/data_eyeblink/geometry_preservation_outputs/geometry_preservation_rat0313_set0313_dim3_bins5_2026-04-29_07-57-35.npz,0.6052096323418711,0.771133056910785,0.6052096323418711
rat0313,shuffle_null_mean,,86.0,/Users/Hannah/Programming/data_eyeblink/geometry_preservation_outputs/geometry_preservation_rat0313_set0313_dim3_bins5_2026-04-29_07-57-35.npz,0.575760033340251,0.7441399647663866,0.5757600333402509
rat0313,shuffle_null_mean,,87.0,/Users/Hannah/Programming/data_eyeblink/geometry_preservation_outputs/geometry_preservation_rat0313_set0313_dim3_bins5_2026-04-29_07-57-35.npz,0.5293816425920239,0.7097419581705166,0.5293816425920239
rat0313,shuffle_null_mean,,88.0,/Users/Hannah/Programming/data_eyeblink/geometry_preservation_outputs/geometry_preservation_rat0313_set0313_dim3_bins5_2026-04-29_07-57-35.npz,0.6638058427641744,0.8100436002018743,0.6638058427641743
rat0313,shuffle_null_mean,,89.0,/Users/Hannah/Programming/data_eyeblink/geometry_preservation_outputs/geometry_preservation_rat0313_set0313_dim3_bins5_2026-04-29_07-57-35.npz,0.6099104862095984,0.7722019649893613,0.6099104862095986
rat0313,shuffle_null_mean,,90.0,/Users/Hannah/Programming/data_eyeblink/geometry_preservation_outputs/geometry_preservation_rat0313_set0313_dim3_bins5_2026-04-29_07-57-35.npz,0.5130946384382752,0.6949233783757471,0.5130946384382751
rat0313,shuffle_null_mean,,91.0,/Users/Hannah/Programming/data_eyeblink/geometry_preservation_outputs/geometry_preservation_rat0313_set0313_dim3_bins5_2026-04-29_07-57-35.npz,0.6072350281792114,0.7622747096147287,0.6072350281792114
rat0313,shuffle_null_mean,,92.0,/Users/Hannah/Programming/data_eyeblink/geometry_preservation_outputs/geometry_preservation_rat0313_set0313_dim3_bins5_2026-04-29_07-57-35.npz,0.422221808862723,0.6334766079533948,0.422221808862723
rat0313,shuffle_null_mean,,93.0,/Users/Hannah/Programming/data_eyeblink/geometry_preservation_outputs/geometry_preservation_rat0313_set0313_dim3_bins5_2026-04-29_07-57-35.npz,0.5697647974087118,0.7328880579251957,0.5697647974087118
rat0313,shuffle_null_mean,,94.0,/Users/Hannah/Programming/data_eyeblink/geometry_preservation_outputs/geometry_preservation_rat0313_set0313_dim3_bins5_2026-04-29_07-57-35.npz,0.6492156580442553,0.8024295532777849,0.6492156580442555
rat0313,shuffle_null_mean,,95.0,/Users/Hannah/Programming/data_eyeblink/geometry_preservation_outputs/geometry_preservation_rat0313_set0313_dim3_bins5_2026-04-29_07-57-35.npz,0.5601051617075272,0.7334724039251828,0.5601051617075272
rat0313,shuffle_null_mean,,96.0,/Users/Hannah/Programming/data_eyeblink/geometry_preservation_outputs/geometry_preservation_rat0313_set0313_dim3_bins5_2026-04-29_07-57-35.npz,0.53010164329665,0.7119182628123493,0.53010164329665
rat0313,shuffle_null_mean,,97.0,/Users/Hannah/Programming/data_eyeblink/geometry_preservation_outputs/geometry_preservation_rat0313_set0313_dim3_bins5_2026-04-29_07-57-35.npz,0.6165321848754898,0.7781386168673543,0.6165321848754898
rat0313,shuffle_null_mean,,98.0,/Users/Hannah/Programming/data_eyeblink/geometry_preservation_outputs/geometry_preservation_rat0313_set0313_dim3_bins5_2026-04-29_07-57-35.npz,0.5887545316163216,0.7556041917866907,0.5887545316163217
rat0313,shuffle_null_mean,,99.0,/Users/Hannah/Programming/data_eyeblink/geometry_preservation_outputs/geometry_preservation_rat0313_set0313_dim3_bins5_2026-04-29_07-57-35.npz,0.6143800469748953,0.7780428739989548,0.6143800469748953
rat0313,shuffle_null_mean,,100.0,/Users/Hannah/Programming/data_eyeblink/geometry_preservation_outputs/geometry_preservation_rat0313_set0313_dim3_bins5_2026-04-29_07-57-35.npz,0.6081597162995787,0.7650893127331161,0.6081597162995787
rat0313,shuffle_null_mean,,101.0,/Users/Hannah/Programming/data_eyeblink/geometry_preservation_outputs/geometry_preservation_rat0313_set0313_dim3_bins5_2026-04-29_07-57-35.npz,0.5846825270973668,0.7530028841106592,0.5846825270973667
rat0313,shuffle_null_mean,,102.0,/Users/Hannah/Programming/data_eyeblink/geometry_preservation_outputs/geometry_preservation_rat0313_set0313_dim3_bins5_2026-04-29_07-57-35.npz,0.6069290511556307,0.7714638124421824,0.6069290511556307
rat0313,shuffle_null_mean,,103.0,/Users/Hannah/Programming/data_eyeblink/geometry_preservation_outputs/geometry_preservation_rat0313_set0313_dim3_bins5_2026-04-29_07-57-35.npz,0.5449163083514488,0.7244518974119463,0.5449163083514487
rat0313,shuffle_null_mean,,104.0,/Users/Hannah/Programming/data_eyeblink/geometry_preservation_outputs/geometry_preservation_rat0313_set0313_dim3_bins5_2026-04-29_07-57-35.npz,0.5472711512277222,0.7319983017209558,0.5472711512277223
rat0313,shuffle_null_mean,,105.0,/Users/Hannah/Programming/data_eyeblink/geometry_preservation_outputs/geometry_preservation_rat0313_set0313_dim3_bins5_2026-04-29_07-57-35.npz,0.552793438912888,0.7261377857917735,0.552793438912888
rat0313,shuffle_null_mean,,106.0,/Users/Hannah/Programming/data_eyeblink/geometry_preservation_outputs/geometry_preservation_rat0313_set0313_dim3_bins5_2026-04-29_07-57-35.npz,0.6269507241467374,0.7862365785850154,0.6269507241467372
rat0313,shuffle_null_mean,,107.0,/Users/Hannah/Programming/data_eyeblink/geometry_preservation_outputs/geometry_preservation_rat0313_set0313_dim3_bins5_2026-04-29_07-57-35.npz,0.6320137337893684,0.7888832975443707,0.6320137337893684
rat0313,shuffle_null_mean,,108.0,/Users/Hannah/Programming/data_eyeblink/geometry_preservation_outputs/geometry_preservation_rat0313_set0313_dim3_bins5_2026-04-29_07-57-35.npz,0.6664432961976141,0.8116997990161632,0.6664432961976141
rat0313,shuffle_null_mean,,109.0,/Users/Hannah/Programming/data_eyeblink/geometry_preservation_outputs/geometry_preservation_rat0313_set0313_dim3_bins5_2026-04-29_07-57-35.npz,0.6179643035103897,0.779281832935352,0.6179643035103897
rat0313,shuffle_null_mean,,110.0,/Users/Hannah/Programming/data_eyeblink/geometry_preservation_outputs/geometry_preservation_rat0313_set0313_dim3_bins5_2026-04-29_07-57-35.npz,0.5018687479016413,0.6935693910763734,0.5018687479016414
rat0313,shuffle_null_mean,,111.0,/Users/Hannah/Programming/data_eyeblink/geometry_preservation_outputs/geometry_preservation_rat0313_set0313_dim3_bins5_2026-04-29_07-57-35.npz,0.687095843610539,0.8235437539930981,0.6870958436105388
rat0313,shuffle_null_mean,,112.0,/Users/Hannah/Programming/data_eyeblink/geometry_preservation_outputs/geometry_preservation_rat0313_set0313_dim3_bins5_2026-04-29_07-57-35.npz,0.6333424664320989,0.7874682043044258,0.633342466432099
rat0313,shuffle_null_mean,,113.0,/Users/Hannah/Programming/data_eyeblink/geometry_preservation_outputs/geometry_preservation_rat0313_set0313_dim3_bins5_2026-04-29_07-57-35.npz,0.594826224113425,0.7652798289912984,0.594826224113425
rat0313,shuffle_null_mean,,114.0,/Users/Hannah/Programming/data_eyeblink/geometry_preservation_outputs/geometry_preservation_rat0313_set0313_dim3_bins5_2026-04-29_07-57-35.npz,0.7007943398423976,0.8307223761641133,0.7007943398423976
rat0313,shuffle_null_mean,,115.0,/Users/Hannah/Programming/data_eyeblink/geometry_preservation_outputs/geometry_preservation_rat0313_set0313_dim3_bins5_2026-04-29_07-57-35.npz,0.6392493912908239,0.7896476621832,0.6392493912908238
rat0313,shuffle_null_mean,,116.0,/Users/Hannah/Programming/data_eyeblink/geometry_preservation_outputs/geometry_preservation_rat0313_set0313_dim3_bins5_2026-04-29_07-57-35.npz,0.6233008913707007,0.7793615481460036,0.6233008913707005
rat0313,shuffle_null_mean,,117.0,/Users/Hannah/Programming/data_eyeblink/geometry_preservation_outputs/geometry_preservation_rat0313_set0313_dim3_bins5_2026-04-29_07-57-35.npz,0.6170595497646134,0.7793838650578686,0.6170595497646134
rat0313,shuffle_null_mean,,118.0,/Users/Hannah/Programming/data_eyeblink/geometry_preservation_outputs/geometry_preservation_rat0313_set0313_dim3_bins5_2026-04-29_07-57-35.npz,0.5738144241934149,0.7441344476542604,0.5738144241934149
rat0313,shuffle_null_mean,,119.0,/Users/Hannah/Programming/data_eyeblink/geometry_preservation_outputs/geometry_preservation_rat0313_set0313_dim3_bins5_2026-04-29_07-57-35.npz,0.6434234934707985,0.79452560383709,0.6434234934707985
rat0313,shuffle_null_mean,,120.0,/Users/Hannah/Programming/data_eyeblink/geometry_preservation_outputs/geometry_preservation_rat0313_set0313_dim3_bins5_2026-04-29_07-57-35.npz,0.615338599827364,0.7666509931233844,0.615338599827364
rat0313,shuffle_null_mean,,121.0,/Users/Hannah/Programming/data_eyeblink/geometry_preservation_outputs/geometry_preservation_rat0313_set0313_dim3_bins5_2026-04-29_07-57-35.npz,0.5629462544107375,0.7431352050282979,0.5629462544107376
rat0313,shuffle_null_mean,,122.0,/Users/Hannah/Programming/data_eyeblink/geometry_preservation_outputs/geometry_preservation_rat0313_set0313_dim3_bins5_2026-04-29_07-57-35.npz,0.6087309798523953,0.7653301764362824,0.6087309798523952
rat0313,shuffle_null_mean,,123.0,/Users/Hannah/Programming/data_eyeblink/geometry_preservation_outputs/geometry_preservation_rat0313_set0313_dim3_bins5_2026-04-29_07-57-35.npz,0.6187079940994084,0.7758781788333626,0.6187079940994085
rat0313,shuffle_null_mean,,124.0,/Users/Hannah/Programming/data_eyeblink/geometry_preservation_outputs/geometry_preservation_rat0313_set0313_dim3_bins5_2026-04-29_07-57-35.npz,0.5878032426010826,0.7588404076791566,0.5878032426010826
rat0313,shuffle_null_mean,,125.0,/Users/Hannah/Programming/data_eyeblink/geometry_preservation_outputs/geometry_preservation_rat0313_set0313_dim3_bins5_2026-04-29_07-57-35.npz,0.59610992081472,0.7605149020990624,0.5961099208147201
rat0313,shuffle_null_mean,,126.0,/Users/Hannah/Programming/data_eyeblink/geometry_preservation_outputs/geometry_preservation_rat0313_set0313_dim3_bins5_2026-04-29_07-57-35.npz,0.6207545643943915,0.7778503646227233,0.6207545643943914
rat0313,shuffle_null_mean,,127.0,/Users/Hannah/Programming/data_eyeblink/geometry_preservation_outputs/geometry_preservation_rat0313_set0313_dim3_bins5_2026-04-29_07-57-35.npz,0.6663857071528045,0.8114843369388908,0.6663857071528044
rat0313,shuffle_null_mean,,128.0,/Users/Hannah/Programming/data_eyeblink/geometry_preservation_outputs/geometry_preservation_rat0313_set0313_dim3_bins5_2026-04-29_07-57-35.npz,0.5689439216785052,0.7398784537079351,0.5689439216785052
rat0313,shuffle_null_mean,,129.0,/Users/Hannah/Programming/data_eyeblink/geometry_preservation_outputs/geometry_preservation_rat0313_set0313_dim3_bins5_2026-04-29_07-57-35.npz,0.6685951517588188,0.8028716748861735,0.6685951517588188
rat0313,shuffle_null_mean,,130.0,/Users/Hannah/Programming/data_eyeblink/geometry_preservation_outputs/geometry_preservation_rat0313_set0313_dim3_bins5_2026-04-29_07-57-35.npz,0.6640257593290342,0.8097187455874852,0.6640257593290341
rat0313,shuffle_null_mean,,131.0,/Users/Hannah/Programming/data_eyeblink/geometry_preservation_outputs/geometry_preservation_rat0313_set0313_dim3_bins5_2026-04-29_07-57-35.npz,0.5951725552781115,0.7630895487963126,0.5951725552781114
rat0313,shuffle_null_mean,,132.0,/Users/Hannah/Programming/data_eyeblink/geometry_preservation_outputs/geometry_preservation_rat0313_set0313_dim3_bins5_2026-04-29_07-57-35.npz,0.5967355582672614,0.7608995221013041,0.5967355582672615
rat0313,shuffle_null_mean,,133.0,/Users/Hannah/Programming/data_eyeblink/geometry_preservation_outputs/geometry_preservation_rat0313_set0313_dim3_bins5_2026-04-29_07-57-35.npz,0.5907093219898085,0.7552432440242437,0.5907093219898085
rat0313,shuffle_null_mean,,134.0,/Users/Hannah/Programming/data_eyeblink/geometry_preservation_outputs/geometry_preservation_rat0313_set0313_dim3_bins5_2026-04-29_07-57-35.npz,0.5753168155981192,0.7490102929807867,0.5753168155981192
rat0313,shuffle_null_mean,,135.0,/Users/Hannah/Programming/data_eyeblink/geometry_preservation_outputs/geometry_preservation_rat0313_set0313_dim3_bins5_2026-04-29_07-57-35.npz,0.654725245145209,0.8054387842473572,0.6547252451452089
rat0313,shuffle_null_mean,,136.0,/Users/Hannah/Programming/data_eyeblink/geometry_preservation_outputs/geometry_preservation_rat0313_set0313_dim3_bins5_2026-04-29_07-57-35.npz,0.5209660726653047,0.7108524174822763,0.5209660726653047
rat0313,shuffle_null_mean,,137.0,/Users/Hannah/Programming/data_eyeblink/geometry_preservation_outputs/geometry_preservation_rat0313_set0313_dim3_bins5_2026-04-29_07-57-35.npz,0.5553567163487257,0.737366440277001,0.5553567163487257
rat0313,shuffle_null_mean,,138.0,/Users/Hannah/Programming/data_eyeblink/geometry_preservation_outputs/geometry_preservation_rat0313_set0313_dim3_bins5_2026-04-29_07-57-35.npz,0.6028995549307451,0.7684885754394118,0.6028995549307451
rat0313,shuffle_null_mean,,139.0,/Users/Hannah/Programming/data_eyeblink/geometry_preservation_outputs/geometry_preservation_rat0313_set0313_dim3_bins5_2026-04-29_07-57-35.npz,0.6495695282556757,0.7942746329698949,0.6495695282556756
rat0313,shuffle_null_mean,,140.0,/Users/Hannah/Programming/data_eyeblink/geometry_preservation_outputs/geometry_preservation_rat0313_set0313_dim3_bins5_2026-04-29_07-57-35.npz,0.5748095054755624,0.7446825653068514,0.5748095054755624
rat0313,shuffle_null_mean,,141.0,/Users/Hannah/Programming/data_eyeblink/geometry_preservation_outputs/geometry_preservation_rat0313_set0313_dim3_bins5_2026-04-29_07-57-35.npz,0.5598536199820029,0.732761150575169,0.5598536199820029
rat0313,shuffle_null_mean,,142.0,/Users/Hannah/Programming/data_eyeblink/geometry_preservation_outputs/geometry_preservation_rat0313_set0313_dim3_bins5_2026-04-29_07-57-35.npz,0.5876106053742693,0.7599362821285678,0.5876106053742693
rat0313,shuffle_null_mean,,143.0,/Users/Hannah/Programming/data_eyeblink/geometry_preservation_outputs/geometry_preservation_rat0313_set0313_dim3_bins5_2026-04-29_07-57-35.npz,0.6264559574014095,0.7841725029148712,0.6264559574014095
rat0313,shuffle_null_mean,,144.0,/Users/Hannah/Programming/data_eyeblink/geometry_preservation_outputs/geometry_preservation_rat0313_set0313_dim3_bins5_2026-04-29_07-57-35.npz,0.6136704070605951,0.7679215058293869,0.6136704070605951
rat0313,shuffle_null_mean,,145.0,/Users/Hannah/Programming/data_eyeblink/geometry_preservation_outputs/geometry_preservation_rat0313_set0313_dim3_bins5_2026-04-29_07-57-35.npz,0.5701167070468836,0.7438142753234902,0.5701167070468836
rat0313,shuffle_null_mean,,146.0,/Users/Hannah/Programming/data_eyeblink/geometry_preservation_outputs/geometry_preservation_rat0313_set0313_dim3_bins5_2026-04-29_07-57-35.npz,0.6197692037994228,0.7693554218469956,0.6197692037994228
rat0313,shuffle_null_mean,,147.0,/Users/Hannah/Programming/data_eyeblink/geometry_preservation_outputs/geometry_preservation_rat0313_set0313_dim3_bins5_2026-04-29_07-57-35.npz,0.6018100380195816,0.7607573590786842,0.6018100380195817
rat0313,shuffle_null_mean,,148.0,/Users/Hannah/Programming/data_eyeblink/geometry_preservation_outputs/geometry_preservation_rat0313_set0313_dim3_bins5_2026-04-29_07-57-35.npz,0.6110521905262469,0.7685895062647907,0.6110521905262469
rat0313,shuffle_null_mean,,149.0,/Users/Hannah/Programming/data_eyeblink/geometry_preservation_outputs/geometry_preservation_rat0313_set0313_dim3_bins5_2026-04-29_07-57-35.npz,0.5589083730457266,0.7296533726805392,0.5589083730457267
rat0313,shuffle_null_mean,,150.0,/Users/Hannah/Programming/data_eyeblink/geometry_preservation_outputs/geometry_preservation_rat0313_set0313_dim3_bins5_2026-04-29_07-57-35.npz,0.5872945590947202,0.7619989558589931,0.5872945590947202
rat0313,shuffle_null_mean,,151.0,/Users/Hannah/Programming/data_eyeblink/geometry_preservation_outputs/geometry_preservation_rat0313_set0313_dim3_bins5_2026-04-29_07-57-35.npz,0.49407264687280883,0.6920646606817145,0.4940726468728089
rat0313,shuffle_null_mean,,152.0,/Users/Hannah/Programming/data_eyeblink/geometry_preservation_outputs/geometry_preservation_rat0313_set0313_dim3_bins5_2026-04-29_07-57-35.npz,0.6023124586429669,0.755965644244897,0.6023124586429669
rat0313,shuffle_null_mean,,153.0,/Users/Hannah/Programming/data_eyeblink/geometry_preservation_outputs/geometry_preservation_rat0313_set0313_dim3_bins5_2026-04-29_07-57-35.npz,0.6526612325901314,0.8002605380099057,0.6526612325901313
rat0313,shuffle_null_mean,,154.0,/Users/Hannah/Programming/data_eyeblink/geometry_preservation_outputs/geometry_preservation_rat0313_set0313_dim3_bins5_2026-04-29_07-57-35.npz,0.5316889578701327,0.7092026130365919,0.5316889578701328
rat0313,shuffle_null_mean,,155.0,/Users/Hannah/Programming/data_eyeblink/geometry_preservation_outputs/geometry_preservation_rat0313_set0313_dim3_bins5_2026-04-29_07-57-35.npz,0.6115812686106477,0.7778368774460968,0.6115812686106477
rat0313,shuffle_null_mean,,156.0,/Users/Hannah/Programming/data_eyeblink/geometry_preservation_outputs/geometry_preservation_rat0313_set0313_dim3_bins5_2026-04-29_07-57-35.npz,0.6448873830422637,0.7953061175846882,0.6448873830422637
rat0313,shuffle_null_mean,,157.0,/Users/Hannah/Programming/data_eyeblink/geometry_preservation_outputs/geometry_preservation_rat0313_set0313_dim3_bins5_2026-04-29_07-57-35.npz,0.6115426325306171,0.7689394965997882,0.6115426325306171
rat0313,shuffle_null_mean,,158.0,/Users/Hannah/Programming/data_eyeblink/geometry_preservation_outputs/geometry_preservation_rat0313_set0313_dim3_bins5_2026-04-29_07-57-35.npz,0.5842015430741486,0.7586283976846346,0.5842015430741486
rat0313,shuffle_null_mean,,159.0,/Users/Hannah/Programming/data_eyeblink/geometry_preservation_outputs/geometry_preservation_rat0313_set0313_dim3_bins5_2026-04-29_07-57-35.npz,0.6077500689252272,0.7679778451835072,0.6077500689252272
rat0313,shuffle_null_mean,,160.0,/Users/Hannah/Programming/data_eyeblink/geometry_preservation_outputs/geometry_preservation_rat0313_set0313_dim3_bins5_2026-04-29_07-57-35.npz,0.6290147705782759,0.7866915500577641,0.6290147705782759
rat0313,shuffle_null_mean,,161.0,/Users/Hannah/Programming/data_eyeblink/geometry_preservation_outputs/geometry_preservation_rat0313_set0313_dim3_bins5_2026-04-29_07-57-35.npz,0.5811609289756818,0.7503304161503365,0.581160928975682
rat0313,shuffle_null_mean,,162.0,/Users/Hannah/Programming/data_eyeblink/geometry_preservation_outputs/geometry_preservation_rat0313_set0313_dim3_bins5_2026-04-29_07-57-35.npz,0.6410176024435917,0.7949702322383974,0.6410176024435918
rat0313,shuffle_null_mean,,163.0,/Users/Hannah/Programming/data_eyeblink/geometry_preservation_outputs/geometry_preservation_rat0313_set0313_dim3_bins5_2026-04-29_07-57-35.npz,0.617775284149571,0.775002656193329,0.617775284149571
rat0313,shuffle_null_mean,,164.0,/Users/Hannah/Programming/data_eyeblink/geometry_preservation_outputs/geometry_preservation_rat0313_set0313_dim3_bins5_2026-04-29_07-57-35.npz,0.6024663733845959,0.7699483118450254,0.6024663733845959
rat0313,shuffle_null_mean,,165.0,/Users/Hannah/Programming/data_eyeblink/geometry_preservation_outputs/geometry_preservation_rat0313_set0313_dim3_bins5_2026-04-29_07-57-35.npz,0.5497430981878395,0.7333488587937429,0.5497430981878395
rat0313,shuffle_null_mean,,166.0,/Users/Hannah/Programming/data_eyeblink/geometry_preservation_outputs/geometry_preservation_rat0313_set0313_dim3_bins5_2026-04-29_07-57-35.npz,0.5682217827582324,0.7481389087305754,0.5682217827582325
rat0313,shuffle_null_mean,,167.0,/Users/Hannah/Programming/data_eyeblink/geometry_preservation_outputs/geometry_preservation_rat0313_set0313_dim3_bins5_2026-04-29_07-57-35.npz,0.6389898011980855,0.7911375537999087,0.6389898011980855
rat0313,shuffle_null_mean,,168.0,/Users/Hannah/Programming/data_eyeblink/geometry_preservation_outputs/geometry_preservation_rat0313_set0313_dim3_bins5_2026-04-29_07-57-35.npz,0.5918648172004386,0.7602506847520305,0.5918648172004386
rat0313,shuffle_null_mean,,169.0,/Users/Hannah/Programming/data_eyeblink/geometry_preservation_outputs/geometry_preservation_rat0313_set0313_dim3_bins5_2026-04-29_07-57-35.npz,0.6539180593241715,0.797585336705444,0.6539180593241715
rat0313,shuffle_null_mean,,170.0,/Users/Hannah/Programming/data_eyeblink/geometry_preservation_outputs/geometry_preservation_rat0313_set0313_dim3_bins5_2026-04-29_07-57-35.npz,0.6608208380364993,0.8018270729088236,0.6608208380364993
rat0313,shuffle_null_mean,,171.0,/Users/Hannah/Programming/data_eyeblink/geometry_preservation_outputs/geometry_preservation_rat0313_set0313_dim3_bins5_2026-04-29_07-57-35.npz,0.5241294126427098,0.7165523039209883,0.5241294126427098
rat0313,shuffle_null_mean,,172.0,/Users/Hannah/Programming/data_eyeblink/geometry_preservation_outputs/geometry_preservation_rat0313_set0313_dim3_bins5_2026-04-29_07-57-35.npz,0.6134169817757531,0.7692014555610569,0.6134169817757531
rat0313,shuffle_null_mean,,173.0,/Users/Hannah/Programming/data_eyeblink/geometry_preservation_outputs/geometry_preservation_rat0313_set0313_dim3_bins5_2026-04-29_07-57-35.npz,0.562107689321648,0.7333604578059324,0.562107689321648
rat0313,shuffle_null_mean,,174.0,/Users/Hannah/Programming/data_eyeblink/geometry_preservation_outputs/geometry_preservation_rat0313_set0313_dim3_bins5_2026-04-29_07-57-35.npz,0.6091772738496759,0.7704734279972331,0.6091772738496759
rat0313,shuffle_null_mean,,175.0,/Users/Hannah/Programming/data_eyeblink/geometry_preservation_outputs/geometry_preservation_rat0313_set0313_dim3_bins5_2026-04-29_07-57-35.npz,0.6494166921846551,0.7959371414387244,0.649416692184655
rat0313,shuffle_null_mean,,176.0,/Users/Hannah/Programming/data_eyeblink/geometry_preservation_outputs/geometry_preservation_rat0313_set0313_dim3_bins5_2026-04-29_07-57-35.npz,0.6232860890386673,0.7845449279506319,0.6232860890386674
rat0313,shuffle_null_mean,,177.0,/Users/Hannah/Programming/data_eyeblink/geometry_preservation_outputs/geometry_preservation_rat0313_set0313_dim3_bins5_2026-04-29_07-57-35.npz,0.5580741675203444,0.7357922402905896,0.5580741675203444
rat0313,shuffle_null_mean,,178.0,/Users/Hannah/Programming/data_eyeblink/geometry_preservation_outputs/geometry_preservation_rat0313_set0313_dim3_bins5_2026-04-29_07-57-35.npz,0.5439609032231283,0.7261209811833126,0.5439609032231283
rat0313,shuffle_null_mean,,179.0,/Users/Hannah/Programming/data_eyeblink/geometry_preservation_outputs/geometry_preservation_rat0313_set0313_dim3_bins5_2026-04-29_07-57-35.npz,0.6641969576122175,0.8077950190095541,0.6641969576122175
rat0313,shuffle_null_mean,,180.0,/Users/Hannah/Programming/data_eyeblink/geometry_preservation_outputs/geometry_preservation_rat0313_set0313_dim3_bins5_2026-04-29_07-57-35.npz,0.5802836898984284,0.7558302981654286,0.5802836898984284
rat0313,shuffle_null_mean,,181.0,/Users/Hannah/Programming/data_eyeblink/geometry_preservation_outputs/geometry_preservation_rat0313_set0313_dim3_bins5_2026-04-29_07-57-35.npz,0.6225938807884402,0.7817162552010097,0.6225938807884404
rat0313,shuffle_null_mean,,182.0,/Users/Hannah/Programming/data_eyeblink/geometry_preservation_outputs/geometry_preservation_rat0313_set0313_dim3_bins5_2026-04-29_07-57-35.npz,0.5358167793413745,0.7196487197514705,0.5358167793413745
rat0313,shuffle_null_mean,,183.0,/Users/Hannah/Programming/data_eyeblink/geometry_preservation_outputs/geometry_preservation_rat0313_set0313_dim3_bins5_2026-04-29_07-57-35.npz,0.5560771899352243,0.7373497609254696,0.5560771899352243
rat0313,shuffle_null_mean,,184.0,/Users/Hannah/Programming/data_eyeblink/geometry_preservation_outputs/geometry_preservation_rat0313_set0313_dim3_bins5_2026-04-29_07-57-35.npz,0.575463853058393,0.7462829916376598,0.575463853058393
rat0313,shuffle_null_mean,,185.0,/Users/Hannah/Programming/data_eyeblink/geometry_preservation_outputs/geometry_preservation_rat0313_set0313_dim3_bins5_2026-04-29_07-57-35.npz,0.6252922685301014,0.7796340773214132,0.6252922685301016
rat0313,shuffle_null_mean,,186.0,/Users/Hannah/Programming/data_eyeblink/geometry_preservation_outputs/geometry_preservation_rat0313_set0313_dim3_bins5_2026-04-29_07-57-35.npz,0.6411115151357336,0.7903534005704939,0.6411115151357337
rat0313,shuffle_null_mean,,187.0,/Users/Hannah/Programming/data_eyeblink/geometry_preservation_outputs/geometry_preservation_rat0313_set0313_dim3_bins5_2026-04-29_07-57-35.npz,0.6158720318697878,0.7759937270697816,0.6158720318697879
rat0313,shuffle_null_mean,,188.0,/Users/Hannah/Programming/data_eyeblink/geometry_preservation_outputs/geometry_preservation_rat0313_set0313_dim3_bins5_2026-04-29_07-57-35.npz,0.5654707277925677,0.7421630734831863,0.5654707277925676
rat0313,shuffle_null_mean,,189.0,/Users/Hannah/Programming/data_eyeblink/geometry_preservation_outputs/geometry_preservation_rat0313_set0313_dim3_bins5_2026-04-29_07-57-35.npz,0.5803536220459895,0.7477998719106439,0.5803536220459895
rat0313,shuffle_null_mean,,190.0,/Users/Hannah/Programming/data_eyeblink/geometry_preservation_outputs/geometry_preservation_rat0313_set0313_dim3_bins5_2026-04-29_07-57-35.npz,0.6008082796107103,0.7643045573035498,0.6008082796107101
rat0313,shuffle_null_mean,,191.0,/Users/Hannah/Programming/data_eyeblink/geometry_preservation_outputs/geometry_preservation_rat0313_set0313_dim3_bins5_2026-04-29_07-57-35.npz,0.5889372668192376,0.7600064006883379,0.5889372668192376
rat0313,shuffle_null_mean,,192.0,/Users/Hannah/Programming/data_eyeblink/geometry_preservation_outputs/geometry_preservation_rat0313_set0313_dim3_bins5_2026-04-29_07-57-35.npz,0.5650454149449216,0.7426256670343884,0.5650454149449216
rat0313,shuffle_null_mean,,193.0,/Users/Hannah/Programming/data_eyeblink/geometry_preservation_outputs/geometry_preservation_rat0313_set0313_dim3_bins5_2026-04-29_07-57-35.npz,0.6296883241670408,0.7834750855878083,0.6296883241670408
rat0313,shuffle_null_mean,,194.0,/Users/Hannah/Programming/data_eyeblink/geometry_preservation_outputs/geometry_preservation_rat0313_set0313_dim3_bins5_2026-04-29_07-57-35.npz,0.5955982072132301,0.7620293005482865,0.5955982072132301
rat0313,shuffle_null_mean,,195.0,/Users/Hannah/Programming/data_eyeblink/geometry_preservation_outputs/geometry_preservation_rat0313_set0313_dim3_bins5_2026-04-29_07-57-35.npz,0.5352181196233621,0.7176339773686632,0.5352181196233621
rat0313,shuffle_null_mean,,196.0,/Users/Hannah/Programming/data_eyeblink/geometry_preservation_outputs/geometry_preservation_rat0313_set0313_dim3_bins5_2026-04-29_07-57-35.npz,0.5520241233364789,0.730692670293606,0.5520241233364789
rat0313,shuffle_null_mean,,197.0,/Users/Hannah/Programming/data_eyeblink/geometry_preservation_outputs/geometry_preservation_rat0313_set0313_dim3_bins5_2026-04-29_07-57-35.npz,0.5520336341565255,0.7320761953215442,0.5520336341565255
rat0313,shuffle_null_mean,,198.0,/Users/Hannah/Programming/data_eyeblink/geometry_preservation_outputs/geometry_preservation_rat0313_set0313_dim3_bins5_2026-04-29_07-57-35.npz,0.5659420959116087,0.7292512392047821,0.5659420959116087
rat0313,shuffle_null_mean,,199.0,/Users/Hannah/Programming/data_eyeblink/geometry_preservation_outputs/geometry_preservation_rat0313_set0313_dim3_bins5_2026-04-29_07-57-35.npz,0.552666120913228,0.7338099892677385,0.552666120913228
rat0313,shuffle_null_mean,,200.0,/Users/Hannah/Programming/data_eyeblink/geometry_preservation_outputs/geometry_preservation_rat0313_set0313_dim3_bins5_2026-04-29_07-57-35.npz,0.6163418810168753,0.7721404576911808,0.6163418810168753
rat0313,shuffle_null_mean,,201.0,/Users/Hannah/Programming/data_eyeblink/geometry_preservation_outputs/geometry_preservation_rat0313_set0313_dim3_bins5_2026-04-29_07-57-35.npz,0.5240734487814456,0.715248564708509,0.5240734487814456
rat0313,shuffle_null_mean,,202.0,/Users/Hannah/Programming/data_eyeblink/geometry_preservation_outputs/geometry_preservation_rat0313_set0313_dim3_bins5_2026-04-29_07-57-35.npz,0.6000491198971297,0.7663818030523776,0.6000491198971297
rat0313,shuffle_null_mean,,203.0,/Users/Hannah/Programming/data_eyeblink/geometry_preservation_outputs/geometry_preservation_rat0313_set0313_dim3_bins5_2026-04-29_07-57-35.npz,0.5562582319544358,0.7356996774484343,0.5562582319544358
rat0313,shuffle_null_mean,,204.0,/Users/Hannah/Programming/data_eyeblink/geometry_preservation_outputs/geometry_preservation_rat0313_set0313_dim3_bins5_2026-04-29_07-57-35.npz,0.5654277704026884,0.7343628049132072,0.5654277704026884
rat0313,shuffle_null_mean,,205.0,/Users/Hannah/Programming/data_eyeblink/geometry_preservation_outputs/geometry_preservation_rat0313_set0313_dim3_bins5_2026-04-29_07-57-35.npz,0.6359229676084307,0.7883287591506889,0.6359229676084308
rat0313,shuffle_null_mean,,206.0,/Users/Hannah/Programming/data_eyeblink/geometry_preservation_outputs/geometry_preservation_rat0313_set0313_dim3_bins5_2026-04-29_07-57-35.npz,0.6166482634850762,0.7757097228521191,0.6166482634850763
rat0313,shuffle_null_mean,,207.0,/Users/Hannah/Programming/data_eyeblink/geometry_preservation_outputs/geometry_preservation_rat0313_set0313_dim3_bins5_2026-04-29_07-57-35.npz,0.5770854990543356,0.7463711265511874,0.5770854990543356
rat0313,shuffle_null_mean,,208.0,/Users/Hannah/Programming/data_eyeblink/geometry_preservation_outputs/geometry_preservation_rat0313_set0313_dim3_bins5_2026-04-29_07-57-35.npz,0.6479692917246033,0.7978940531750371,0.6479692917246034
rat0313,shuffle_null_mean,,209.0,/Users/Hannah/Programming/data_eyeblink/geometry_preservation_outputs/geometry_preservation_rat0313_set0313_dim3_bins5_2026-04-29_07-57-35.npz,0.49011504204774947,0.6732910248927378,0.49011504204774947
rat0313,shuffle_null_mean,,210.0,/Users/Hannah/Programming/data_eyeblink/geometry_preservation_outputs/geometry_preservation_rat0313_set0313_dim3_bins5_2026-04-29_07-57-35.npz,0.5703984924233187,0.7436107336300569,0.5703984924233187
rat0313,shuffle_null_mean,,211.0,/Users/Hannah/Programming/data_eyeblink/geometry_preservation_outputs/geometry_preservation_rat0313_set0313_dim3_bins5_2026-04-29_07-57-35.npz,0.6548803257028599,0.8064683038051653,0.65488032570286
rat0313,shuffle_null_mean,,212.0,/Users/Hannah/Programming/data_eyeblink/geometry_preservation_outputs/geometry_preservation_rat0313_set0313_dim3_bins5_2026-04-29_07-57-35.npz,0.5549668339841267,0.7355093018802507,0.5549668339841267
rat0313,shuffle_null_mean,,213.0,/Users/Hannah/Programming/data_eyeblink/geometry_preservation_outputs/geometry_preservation_rat0313_set0313_dim3_bins5_2026-04-29_07-57-35.npz,0.5926185541744701,0.7598885272788583,0.5926185541744702
rat0313,shuffle_null_mean,,214.0,/Users/Hannah/Programming/data_eyeblink/geometry_preservation_outputs/geometry_preservation_rat0313_set0313_dim3_bins5_2026-04-29_07-57-35.npz,0.5572554210709034,0.7340246359125808,0.5572554210709033
rat0313,shuffle_null_mean,,215.0,/Users/Hannah/Programming/data_eyeblink/geometry_preservation_outputs/geometry_preservation_rat0313_set0313_dim3_bins5_2026-04-29_07-57-35.npz,0.5444867836471523,0.7279371456707923,0.5444867836471523
rat0313,shuffle_null_mean,,216.0,/Users/Hannah/Programming/data_eyeblink/geometry_preservation_outputs/geometry_preservation_rat0313_set0313_dim3_bins5_2026-04-29_07-57-35.npz,0.5527292353412235,0.7266349145034411,0.5527292353412235
rat0313,shuffle_null_mean,,217.0,/Users/Hannah/Programming/data_eyeblink/geometry_preservation_outputs/geometry_preservation_rat0313_set0313_dim3_bins5_2026-04-29_07-57-35.npz,0.6933974440866402,0.8249297072596059,0.6933974440866401
rat0313,shuffle_null_mean,,218.0,/Users/Hannah/Programming/data_eyeblink/geometry_preservation_outputs/geometry_preservation_rat0313_set0313_dim3_bins5_2026-04-29_07-57-35.npz,0.5031035498349452,0.694232295459343,0.5031035498349452
rat0313,shuffle_null_mean,,219.0,/Users/Hannah/Programming/data_eyeblink/geometry_preservation_outputs/geometry_preservation_rat0313_set0313_dim3_bins5_2026-04-29_07-57-35.npz,0.659857196940872,0.8035950983602632,0.659857196940872
rat0313,shuffle_null_mean,,220.0,/Users/Hannah/Programming/data_eyeblink/geometry_preservation_outputs/geometry_preservation_rat0313_set0313_dim3_bins5_2026-04-29_07-57-35.npz,0.6959666405012336,0.8311411783281386,0.6959666405012336
rat0313,shuffle_null_mean,,221.0,/Users/Hannah/Programming/data_eyeblink/geometry_preservation_outputs/geometry_preservation_rat0313_set0313_dim3_bins5_2026-04-29_07-57-35.npz,0.5920104557965582,0.7567634361279973,0.5920104557965582
rat0313,shuffle_null_mean,,222.0,/Users/Hannah/Programming/data_eyeblink/geometry_preservation_outputs/geometry_preservation_rat0313_set0313_dim3_bins5_2026-04-29_07-57-35.npz,0.5908403852246467,0.7619765023093478,0.5908403852246467
rat0313,shuffle_null_mean,,223.0,/Users/Hannah/Programming/data_eyeblink/geometry_preservation_outputs/geometry_preservation_rat0313_set0313_dim3_bins5_2026-04-29_07-57-35.npz,0.5965527910803177,0.7621541282797143,0.5965527910803177
rat0313,shuffle_null_mean,,224.0,/Users/Hannah/Programming/data_eyeblink/geometry_preservation_outputs/geometry_preservation_rat0313_set0313_dim3_bins5_2026-04-29_07-57-35.npz,0.5357466581868645,0.721152350153719,0.5357466581868644
rat0313,shuffle_null_mean,,225.0,/Users/Hannah/Programming/data_eyeblink/geometry_preservation_outputs/geometry_preservation_rat0313_set0313_dim3_bins5_2026-04-29_07-57-35.npz,0.6183098312960742,0.7766200095167731,0.618309831296074
rat0313,shuffle_null_mean,,226.0,/Users/Hannah/Programming/data_eyeblink/geometry_preservation_outputs/geometry_preservation_rat0313_set0313_dim3_bins5_2026-04-29_07-57-35.npz,0.5163211840092699,0.702897113071974,0.5163211840092699
rat0313,shuffle_null_mean,,227.0,/Users/Hannah/Programming/data_eyeblink/geometry_preservation_outputs/geometry_preservation_rat0313_set0313_dim3_bins5_2026-04-29_07-57-35.npz,0.6544541591763038,0.7967463543681843,0.6544541591763038
rat0313,shuffle_null_mean,,228.0,/Users/Hannah/Programming/data_eyeblink/geometry_preservation_outputs/geometry_preservation_rat0313_set0313_dim3_bins5_2026-04-29_07-57-35.npz,0.5667572285826605,0.7350147136322899,0.5667572285826606
rat0313,shuffle_null_mean,,229.0,/Users/Hannah/Programming/data_eyeblink/geometry_preservation_outputs/geometry_preservation_rat0313_set0313_dim3_bins5_2026-04-29_07-57-35.npz,0.6323443708960766,0.7838204380173315,0.6323443708960765
rat0313,shuffle_null_mean,,230.0,/Users/Hannah/Programming/data_eyeblink/geometry_preservation_outputs/geometry_preservation_rat0313_set0313_dim3_bins5_2026-04-29_07-57-35.npz,0.5860711825721605,0.7582029810101111,0.5860711825721606
rat0313,shuffle_null_mean,,231.0,/Users/Hannah/Programming/data_eyeblink/geometry_preservation_outputs/geometry_preservation_rat0313_set0313_dim3_bins5_2026-04-29_07-57-35.npz,0.5915523938580034,0.7576551436296193,0.5915523938580034
rat0313,shuffle_null_mean,,232.0,/Users/Hannah/Programming/data_eyeblink/geometry_preservation_outputs/geometry_preservation_rat0313_set0313_dim3_bins5_2026-04-29_07-57-35.npz,0.6132595895963959,0.7713033495054752,0.6132595895963959
rat0313,shuffle_null_mean,,233.0,/Users/Hannah/Programming/data_eyeblink/geometry_preservation_outputs/geometry_preservation_rat0313_set0313_dim3_bins5_2026-04-29_07-57-35.npz,0.6691389840600324,0.8104219469536197,0.6691389840600325
rat0313,shuffle_null_mean,,234.0,/Users/Hannah/Programming/data_eyeblink/geometry_preservation_outputs/geometry_preservation_rat0313_set0313_dim3_bins5_2026-04-29_07-57-35.npz,0.6199048406717051,0.7790278981178772,0.6199048406717053
rat0313,shuffle_null_mean,,235.0,/Users/Hannah/Programming/data_eyeblink/geometry_preservation_outputs/geometry_preservation_rat0313_set0313_dim3_bins5_2026-04-29_07-57-35.npz,0.5173412243069051,0.7081169490901568,0.5173412243069052
rat0313,shuffle_null_mean,,236.0,/Users/Hannah/Programming/data_eyeblink/geometry_preservation_outputs/geometry_preservation_rat0313_set0313_dim3_bins5_2026-04-29_07-57-35.npz,0.5828883927462953,0.7540227643020314,0.5828883927462953
rat0313,shuffle_null_mean,,237.0,/Users/Hannah/Programming/data_eyeblink/geometry_preservation_outputs/geometry_preservation_rat0313_set0313_dim3_bins5_2026-04-29_07-57-35.npz,0.6644941552548569,0.8085395851816258,0.6644941552548569
rat0313,shuffle_null_mean,,238.0,/Users/Hannah/Programming/data_eyeblink/geometry_preservation_outputs/geometry_preservation_rat0313_set0313_dim3_bins5_2026-04-29_07-57-35.npz,0.5623814165557011,0.7370153713642175,0.5623814165557011
rat0313,shuffle_null_mean,,239.0,/Users/Hannah/Programming/data_eyeblink/geometry_preservation_outputs/geometry_preservation_rat0313_set0313_dim3_bins5_2026-04-29_07-57-35.npz,0.5993207752038638,0.7681624494220997,0.5993207752038638
rat0313,shuffle_null_mean,,240.0,/Users/Hannah/Programming/data_eyeblink/geometry_preservation_outputs/geometry_preservation_rat0313_set0313_dim3_bins5_2026-04-29_07-57-35.npz,0.6037400119416263,0.7698477092720065,0.6037400119416263
rat0313,shuffle_null_mean,,241.0,/Users/Hannah/Programming/data_eyeblink/geometry_preservation_outputs/geometry_preservation_rat0313_set0313_dim3_bins5_2026-04-29_07-57-35.npz,0.6258607472461339,0.7836868624660227,0.6258607472461339
rat0313,shuffle_null_mean,,242.0,/Users/Hannah/Programming/data_eyeblink/geometry_preservation_outputs/geometry_preservation_rat0313_set0313_dim3_bins5_2026-04-29_07-57-35.npz,0.537032824051878,0.7203822215454614,0.5370328240518779
rat0313,shuffle_null_mean,,243.0,/Users/Hannah/Programming/data_eyeblink/geometry_preservation_outputs/geometry_preservation_rat0313_set0313_dim3_bins5_2026-04-29_07-57-35.npz,0.5930382150435756,0.7595785613229941,0.5930382150435756
rat0313,shuffle_null_mean,,244.0,/Users/Hannah/Programming/data_eyeblink/geometry_preservation_outputs/geometry_preservation_rat0313_set0313_dim3_bins5_2026-04-29_07-57-35.npz,0.5388322005404371,0.7165064884780188,0.5388322005404371
rat0313,shuffle_null_mean,,245.0,/Users/Hannah/Programming/data_eyeblink/geometry_preservation_outputs/geometry_preservation_rat0313_set0313_dim3_bins5_2026-04-29_07-57-35.npz,0.5540641980158312,0.7358508701401353,0.5540641980158311
rat0313,shuffle_null_mean,,246.0,/Users/Hannah/Programming/data_eyeblink/geometry_preservation_outputs/geometry_preservation_rat0313_set0313_dim3_bins5_2026-04-29_07-57-35.npz,0.6334244669456266,0.7911978591364116,0.6334244669456266
rat0313,shuffle_null_mean,,247.0,/Users/Hannah/Programming/data_eyeblink/geometry_preservation_outputs/geometry_preservation_rat0313_set0313_dim3_bins5_2026-04-29_07-57-35.npz,0.6262743783271237,0.7849634567503472,0.6262743783271237
rat0313,shuffle_null_mean,,248.0,/Users/Hannah/Programming/data_eyeblink/geometry_preservation_outputs/geometry_preservation_rat0313_set0313_dim3_bins5_2026-04-29_07-57-35.npz,0.6059994678037197,0.7684140825865884,0.6059994678037196
rat0313,shuffle_null_mean,,249.0,/Users/Hannah/Programming/data_eyeblink/geometry_preservation_outputs/geometry_preservation_rat0313_set0313_dim3_bins5_2026-04-29_07-57-35.npz,0.6069570964164575,0.7644256347651016,0.6069570964164573
rat0313,shuffle_null_mean,,250.0,/Users/Hannah/Programming/data_eyeblink/geometry_preservation_outputs/geometry_preservation_rat0313_set0313_dim3_bins5_2026-04-29_07-57-35.npz,0.5906768668597728,0.7604188109408786,0.5906768668597728
rat0313,shuffle_null_mean,,251.0,/Users/Hannah/Programming/data_eyeblink/geometry_preservation_outputs/geometry_preservation_rat0313_set0313_dim3_bins5_2026-04-29_07-57-35.npz,0.6134169107958802,0.7739298234315355,0.6134169107958802
rat0313,shuffle_null_mean,,252.0,/Users/Hannah/Programming/data_eyeblink/geometry_preservation_outputs/geometry_preservation_rat0313_set0313_dim3_bins5_2026-04-29_07-57-35.npz,0.5007242621590237,0.6939625785151153,0.5007242621590237
rat0313,shuffle_null_mean,,253.0,/Users/Hannah/Programming/data_eyeblink/geometry_preservation_outputs/geometry_preservation_rat0313_set0313_dim3_bins5_2026-04-29_07-57-35.npz,0.5753916573873195,0.7428917130293586,0.5753916573873195
rat0313,shuffle_null_mean,,254.0,/Users/Hannah/Programming/data_eyeblink/geometry_preservation_outputs/geometry_preservation_rat0313_set0313_dim3_bins5_2026-04-29_07-57-35.npz,0.6245295295690567,0.7747661976036572,0.6245295295690568
rat0313,shuffle_null_mean,,255.0,/Users/Hannah/Programming/data_eyeblink/geometry_preservation_outputs/geometry_preservation_rat0313_set0313_dim3_bins5_2026-04-29_07-57-35.npz,0.570483968563732,0.7414019574891567,0.570483968563732
rat0313,shuffle_null_mean,,256.0,/Users/Hannah/Programming/data_eyeblink/geometry_preservation_outputs/geometry_preservation_rat0313_set0313_dim3_bins5_2026-04-29_07-57-35.npz,0.6226031769911492,0.7817791300994282,0.6226031769911492
rat0313,shuffle_null_mean,,257.0,/Users/Hannah/Programming/data_eyeblink/geometry_preservation_outputs/geometry_preservation_rat0313_set0313_dim3_bins5_2026-04-29_07-57-35.npz,0.5643606026520052,0.7352303539387652,0.5643606026520052
rat0313,shuffle_null_mean,,258.0,/Users/Hannah/Programming/data_eyeblink/geometry_preservation_outputs/geometry_preservation_rat0313_set0313_dim3_bins5_2026-04-29_07-57-35.npz,0.6271243681716675,0.7843958822282323,0.6271243681716674
rat0313,shuffle_null_mean,,259.0,/Users/Hannah/Programming/data_eyeblink/geometry_preservation_outputs/geometry_preservation_rat0313_set0313_dim3_bins5_2026-04-29_07-57-35.npz,0.5632260779358484,0.7413480566195336,0.5632260779358484
rat0313,shuffle_null_mean,,260.0,/Users/Hannah/Programming/data_eyeblink/geometry_preservation_outputs/geometry_preservation_rat0313_set0313_dim3_bins5_2026-04-29_07-57-35.npz,0.5365432466579316,0.7171277071665553,0.5365432466579316
rat0313,shuffle_null_mean,,261.0,/Users/Hannah/Programming/data_eyeblink/geometry_preservation_outputs/geometry_preservation_rat0313_set0313_dim3_bins5_2026-04-29_07-57-35.npz,0.5809526813134751,0.7518205234631431,0.5809526813134751
rat0313,shuffle_null_mean,,262.0,/Users/Hannah/Programming/data_eyeblink/geometry_preservation_outputs/geometry_preservation_rat0313_set0313_dim3_bins5_2026-04-29_07-57-35.npz,0.6270931156846824,0.7873970483592883,0.6270931156846824
rat0313,shuffle_null_mean,,263.0,/Users/Hannah/Programming/data_eyeblink/geometry_preservation_outputs/geometry_preservation_rat0313_set0313_dim3_bins5_2026-04-29_07-57-35.npz,0.5848542198216753,0.7587405225407355,0.5848542198216753
rat0313,shuffle_null_mean,,264.0,/Users/Hannah/Programming/data_eyeblink/geometry_preservation_outputs/geometry_preservation_rat0313_set0313_dim3_bins5_2026-04-29_07-57-35.npz,0.6369415239639701,0.7914117065252446,0.6369415239639702
rat0313,shuffle_null_mean,,265.0,/Users/Hannah/Programming/data_eyeblink/geometry_preservation_outputs/geometry_preservation_rat0313_set0313_dim3_bins5_2026-04-29_07-57-35.npz,0.5663836608855417,0.7436761758450677,0.5663836608855417
rat0313,shuffle_null_mean,,266.0,/Users/Hannah/Programming/data_eyeblink/geometry_preservation_outputs/geometry_preservation_rat0313_set0313_dim3_bins5_2026-04-29_07-57-35.npz,0.5266389622073679,0.7122986972757409,0.5266389622073679
rat0313,shuffle_null_mean,,267.0,/Users/Hannah/Programming/data_eyeblink/geometry_preservation_outputs/geometry_preservation_rat0313_set0313_dim3_bins5_2026-04-29_07-57-35.npz,0.6430794278252691,0.7939897754556947,0.6430794278252691
rat0313,shuffle_null_mean,,268.0,/Users/Hannah/Programming/data_eyeblink/geometry_preservation_outputs/geometry_preservation_rat0313_set0313_dim3_bins5_2026-04-29_07-57-35.npz,0.5736924982362783,0.737290641671559,0.5736924982362784
rat0313,shuffle_null_mean,,269.0,/Users/Hannah/Programming/data_eyeblink/geometry_preservation_outputs/geometry_preservation_rat0313_set0313_dim3_bins5_2026-04-29_07-57-35.npz,0.6142148618972519,0.7750937944864108,0.614214861897252
rat0313,shuffle_null_mean,,270.0,/Users/Hannah/Programming/data_eyeblink/geometry_preservation_outputs/geometry_preservation_rat0313_set0313_dim3_bins5_2026-04-29_07-57-35.npz,0.664129805098928,0.8088416321427461,0.664129805098928
rat0313,shuffle_null_mean,,271.0,/Users/Hannah/Programming/data_eyeblink/geometry_preservation_outputs/geometry_preservation_rat0313_set0313_dim3_bins5_2026-04-29_07-57-35.npz,0.5295511451503718,0.7166413117936689,0.5295511451503718
rat0313,shuffle_null_mean,,272.0,/Users/Hannah/Programming/data_eyeblink/geometry_preservation_outputs/geometry_preservation_rat0313_set0313_dim3_bins5_2026-04-29_07-57-35.npz,0.5290788281586504,0.7142347644052084,0.5290788281586504
rat0313,shuffle_null_mean,,273.0,/Users/Hannah/Programming/data_eyeblink/geometry_preservation_outputs/geometry_preservation_rat0313_set0313_dim3_bins5_2026-04-29_07-57-35.npz,0.6316539057838263,0.7847082145441122,0.6316539057838263
rat0313,shuffle_null_mean,,274.0,/Users/Hannah/Programming/data_eyeblink/geometry_preservation_outputs/geometry_preservation_rat0313_set0313_dim3_bins5_2026-04-29_07-57-35.npz,0.5522836810566487,0.7311226352611508,0.5522836810566487
rat0313,shuffle_null_mean,,275.0,/Users/Hannah/Programming/data_eyeblink/geometry_preservation_outputs/geometry_preservation_rat0313_set0313_dim3_bins5_2026-04-29_07-57-35.npz,0.6018400029834827,0.7630233018305393,0.6018400029834827
rat0313,shuffle_null_mean,,276.0,/Users/Hannah/Programming/data_eyeblink/geometry_preservation_outputs/geometry_preservation_rat0313_set0313_dim3_bins5_2026-04-29_07-57-35.npz,0.6372500775347646,0.7910329202390262,0.6372500775347645
rat0313,shuffle_null_mean,,277.0,/Users/Hannah/Programming/data_eyeblink/geometry_preservation_outputs/geometry_preservation_rat0313_set0313_dim3_bins5_2026-04-29_07-57-35.npz,0.6768207427629868,0.8154524602122851,0.6768207427629868
rat0313,shuffle_null_mean,,278.0,/Users/Hannah/Programming/data_eyeblink/geometry_preservation_outputs/geometry_preservation_rat0313_set0313_dim3_bins5_2026-04-29_07-57-35.npz,0.6074242393955005,0.7712801306446739,0.6074242393955005
rat0313,shuffle_null_mean,,279.0,/Users/Hannah/Programming/data_eyeblink/geometry_preservation_outputs/geometry_preservation_rat0313_set0313_dim3_bins5_2026-04-29_07-57-35.npz,0.6496678500726105,0.8040983123850118,0.6496678500726107
rat0313,shuffle_null_mean,,280.0,/Users/Hannah/Programming/data_eyeblink/geometry_preservation_outputs/geometry_preservation_rat0313_set0313_dim3_bins5_2026-04-29_07-57-35.npz,0.6274903788329731,0.7898031147194212,0.6274903788329731
rat0313,shuffle_null_mean,,281.0,/Users/Hannah/Programming/data_eyeblink/geometry_preservation_outputs/geometry_preservation_rat0313_set0313_dim3_bins5_2026-04-29_07-57-35.npz,0.5828735910333132,0.7515233025336541,0.5828735910333132
rat0313,shuffle_null_mean,,282.0,/Users/Hannah/Programming/data_eyeblink/geometry_preservation_outputs/geometry_preservation_rat0313_set0313_dim3_bins5_2026-04-29_07-57-35.npz,0.540842925218712,0.7271413151359875,0.5408429252187121
rat0313,shuffle_null_mean,,283.0,/Users/Hannah/Programming/data_eyeblink/geometry_preservation_outputs/geometry_preservation_rat0313_set0313_dim3_bins5_2026-04-29_07-57-35.npz,0.5969769633610496,0.7641359107127352,0.5969769633610496
rat0313,shuffle_null_mean,,284.0,/Users/Hannah/Programming/data_eyeblink/geometry_preservation_outputs/geometry_preservation_rat0313_set0313_dim3_bins5_2026-04-29_07-57-35.npz,0.6286986408206722,0.7863931600366973,0.6286986408206723
rat0313,shuffle_null_mean,,285.0,/Users/Hannah/Programming/data_eyeblink/geometry_preservation_outputs/geometry_preservation_rat0313_set0313_dim3_bins5_2026-04-29_07-57-35.npz,0.5934227638149558,0.763635771705848,0.5934227638149558
rat0313,shuffle_null_mean,,286.0,/Users/Hannah/Programming/data_eyeblink/geometry_preservation_outputs/geometry_preservation_rat0313_set0313_dim3_bins5_2026-04-29_07-57-35.npz,0.617715382880576,0.7788974623522921,0.617715382880576
rat0313,shuffle_null_mean,,287.0,/Users/Hannah/Programming/data_eyeblink/geometry_preservation_outputs/geometry_preservation_rat0313_set0313_dim3_bins5_2026-04-29_07-57-35.npz,0.6080358538219264,0.7686412407720151,0.6080358538219263
rat0313,shuffle_null_mean,,288.0,/Users/Hannah/Programming/data_eyeblink/geometry_preservation_outputs/geometry_preservation_rat0313_set0313_dim3_bins5_2026-04-29_07-57-35.npz,0.5906459657267302,0.7574041461881353,0.5906459657267302
rat0313,shuffle_null_mean,,289.0,/Users/Hannah/Programming/data_eyeblink/geometry_preservation_outputs/geometry_preservation_rat0313_set0313_dim3_bins5_2026-04-29_07-57-35.npz,0.6478957751230041,0.8022495995721188,0.647895775123004
rat0313,shuffle_null_mean,,290.0,/Users/Hannah/Programming/data_eyeblink/geometry_preservation_outputs/geometry_preservation_rat0313_set0313_dim3_bins5_2026-04-29_07-57-35.npz,0.6088001495013549,0.7678700396507792,0.608800149501355
rat0313,shuffle_null_mean,,291.0,/Users/Hannah/Programming/data_eyeblink/geometry_preservation_outputs/geometry_preservation_rat0313_set0313_dim3_bins5_2026-04-29_07-57-35.npz,0.5582886402783123,0.7280090649486427,0.5582886402783123
rat0313,shuffle_null_mean,,292.0,/Users/Hannah/Programming/data_eyeblink/geometry_preservation_outputs/geometry_preservation_rat0313_set0313_dim3_bins5_2026-04-29_07-57-35.npz,0.6051752635595702,0.771251717638692,0.6051752635595703
rat0313,shuffle_null_mean,,293.0,/Users/Hannah/Programming/data_eyeblink/geometry_preservation_outputs/geometry_preservation_rat0313_set0313_dim3_bins5_2026-04-29_07-57-35.npz,0.5384255153780764,0.7218344034601308,0.5384255153780763
rat0313,shuffle_null_mean,,294.0,/Users/Hannah/Programming/data_eyeblink/geometry_preservation_outputs/geometry_preservation_rat0313_set0313_dim3_bins5_2026-04-29_07-57-35.npz,0.5424198284024409,0.7271545360895016,0.5424198284024409
rat0313,shuffle_null_mean,,295.0,/Users/Hannah/Programming/data_eyeblink/geometry_preservation_outputs/geometry_preservation_rat0313_set0313_dim3_bins5_2026-04-29_07-57-35.npz,0.5586656802639511,0.7265134612756753,0.5586656802639511
rat0313,shuffle_null_mean,,296.0,/Users/Hannah/Programming/data_eyeblink/geometry_preservation_outputs/geometry_preservation_rat0313_set0313_dim3_bins5_2026-04-29_07-57-35.npz,0.55394169911633,0.7299423903650376,0.55394169911633
rat0313,shuffle_null_mean,,297.0,/Users/Hannah/Programming/data_eyeblink/geometry_preservation_outputs/geometry_preservation_rat0313_set0313_dim3_bins5_2026-04-29_07-57-35.npz,0.5858764172062977,0.7580560281079343,0.5858764172062979
rat0313,shuffle_null_mean,,298.0,/Users/Hannah/Programming/data_eyeblink/geometry_preservation_outputs/geometry_preservation_rat0313_set0313_dim3_bins5_2026-04-29_07-57-35.npz,0.582824083145824,0.7534513285459564,0.582824083145824
rat0313,shuffle_null_mean,,299.0,/Users/Hannah/Programming/data_eyeblink/geometry_preservation_outputs/geometry_preservation_rat0313_set0313_dim3_bins5_2026-04-29_07-57-35.npz,0.6272675757495738,0.7856609363463168,0.6272675757495738
rat0313,shuffle_null_mean,,300.0,/Users/Hannah/Programming/data_eyeblink/geometry_preservation_outputs/geometry_preservation_rat0313_set0313_dim3_bins5_2026-04-29_07-57-35.npz,0.5940968387472947,0.7616565849765455,0.5940968387472948
rat0313,shuffle_null_mean,,301.0,/Users/Hannah/Programming/data_eyeblink/geometry_preservation_outputs/geometry_preservation_rat0313_set0313_dim3_bins5_2026-04-29_07-57-35.npz,0.6221881960841511,0.7803721163618496,0.6221881960841511
rat0313,shuffle_null_mean,,302.0,/Users/Hannah/Programming/data_eyeblink/geometry_preservation_outputs/geometry_preservation_rat0313_set0313_dim3_bins5_2026-04-29_07-57-35.npz,0.5414117537279397,0.7234708271527931,0.5414117537279398
rat0313,shuffle_null_mean,,303.0,/Users/Hannah/Programming/data_eyeblink/geometry_preservation_outputs/geometry_preservation_rat0313_set0313_dim3_bins5_2026-04-29_07-57-35.npz,0.4813874993604196,0.6791811980064899,0.4813874993604196
rat0313,shuffle_null_mean,,304.0,/Users/Hannah/Programming/data_eyeblink/geometry_preservation_outputs/geometry_preservation_rat0313_set0313_dim3_bins5_2026-04-29_07-57-35.npz,0.6081109984642377,0.7712334716621643,0.6081109984642377
rat0313,shuffle_null_mean,,305.0,/Users/Hannah/Programming/data_eyeblink/geometry_preservation_outputs/geometry_preservation_rat0313_set0313_dim3_bins5_2026-04-29_07-57-35.npz,0.6086157909358125,0.7733695630922355,0.6086157909358125
rat0313,shuffle_null_mean,,306.0,/Users/Hannah/Programming/data_eyeblink/geometry_preservation_outputs/geometry_preservation_rat0313_set0313_dim3_bins5_2026-04-29_07-57-35.npz,0.6198740197488346,0.7795933046716439,0.6198740197488346
rat0313,shuffle_null_mean,,307.0,/Users/Hannah/Programming/data_eyeblink/geometry_preservation_outputs/geometry_preservation_rat0313_set0313_dim3_bins5_2026-04-29_07-57-35.npz,0.587463993473381,0.7541876239934198,0.587463993473381
rat0313,shuffle_null_mean,,308.0,/Users/Hannah/Programming/data_eyeblink/geometry_preservation_outputs/geometry_preservation_rat0313_set0313_dim3_bins5_2026-04-29_07-57-35.npz,0.5419717944366702,0.7280629404969922,0.5419717944366702
rat0313,shuffle_null_mean,,309.0,/Users/Hannah/Programming/data_eyeblink/geometry_preservation_outputs/geometry_preservation_rat0313_set0313_dim3_bins5_2026-04-29_07-57-35.npz,0.5797033147209286,0.7468554097884326,0.5797033147209285
rat0313,shuffle_null_mean,,310.0,/Users/Hannah/Programming/data_eyeblink/geometry_preservation_outputs/geometry_preservation_rat0313_set0313_dim3_bins5_2026-04-29_07-57-35.npz,0.5934331650086879,0.7616448415523306,0.5934331650086879
rat0313,shuffle_null_mean,,311.0,/Users/Hannah/Programming/data_eyeblink/geometry_preservation_outputs/geometry_preservation_rat0313_set0313_dim3_bins5_2026-04-29_07-57-35.npz,0.5733888311510944,0.7435162569043342,0.5733888311510944
rat0313,shuffle_null_mean,,312.0,/Users/Hannah/Programming/data_eyeblink/geometry_preservation_outputs/geometry_preservation_rat0313_set0313_dim3_bins5_2026-04-29_07-57-35.npz,0.612447627907935,0.7738566433244521,0.612447627907935
rat0313,shuffle_null_mean,,313.0,/Users/Hannah/Programming/data_eyeblink/geometry_preservation_outputs/geometry_preservation_rat0313_set0313_dim3_bins5_2026-04-29_07-57-35.npz,0.4725705455703343,0.6584888288603004,0.4725705455703343
rat0313,shuffle_null_mean,,314.0,/Users/Hannah/Programming/data_eyeblink/geometry_preservation_outputs/geometry_preservation_rat0313_set0313_dim3_bins5_2026-04-29_07-57-35.npz,0.6166251625460955,0.7785678568549823,0.6166251625460955
rat0313,shuffle_null_mean,,315.0,/Users/Hannah/Programming/data_eyeblink/geometry_preservation_outputs/geometry_preservation_rat0313_set0313_dim3_bins5_2026-04-29_07-57-35.npz,0.5978280634054716,0.7613174089655117,0.5978280634054718
rat0313,shuffle_null_mean,,316.0,/Users/Hannah/Programming/data_eyeblink/geometry_preservation_outputs/geometry_preservation_rat0313_set0313_dim3_bins5_2026-04-29_07-57-35.npz,0.5548447616041433,0.7302532624747016,0.5548447616041432
rat0313,shuffle_null_mean,,317.0,/Users/Hannah/Programming/data_eyeblink/geometry_preservation_outputs/geometry_preservation_rat0313_set0313_dim3_bins5_2026-04-29_07-57-35.npz,0.5935973764726228,0.7583509944236633,0.5935973764726229
rat0313,shuffle_null_mean,,318.0,/Users/Hannah/Programming/data_eyeblink/geometry_preservation_outputs/geometry_preservation_rat0313_set0313_dim3_bins5_2026-04-29_07-57-35.npz,0.561841793525859,0.7362115623768309,0.561841793525859
rat0313,shuffle_null_mean,,319.0,/Users/Hannah/Programming/data_eyeblink/geometry_preservation_outputs/geometry_preservation_rat0313_set0313_dim3_bins5_2026-04-29_07-57-35.npz,0.5961214865192586,0.7643970285596956,0.5961214865192586
rat0313,shuffle_null_mean,,320.0,/Users/Hannah/Programming/data_eyeblink/geometry_preservation_outputs/geometry_preservation_rat0313_set0313_dim3_bins5_2026-04-29_07-57-35.npz,0.6550720186707653,0.803347699999431,0.6550720186707651
rat0313,shuffle_null_mean,,321.0,/Users/Hannah/Programming/data_eyeblink/geometry_preservation_outputs/geometry_preservation_rat0313_set0313_dim3_bins5_2026-04-29_07-57-35.npz,0.6713123823651379,0.8120352124513559,0.6713123823651379
rat0313,shuffle_null_mean,,322.0,/Users/Hannah/Programming/data_eyeblink/geometry_preservation_outputs/geometry_preservation_rat0313_set0313_dim3_bins5_2026-04-29_07-57-35.npz,0.5867935362598404,0.755701236078222,0.5867935362598404
rat0313,shuffle_null_mean,,323.0,/Users/Hannah/Programming/data_eyeblink/geometry_preservation_outputs/geometry_preservation_rat0313_set0313_dim3_bins5_2026-04-29_07-57-35.npz,0.6111350619097977,0.774722711262067,0.6111350619097977
rat0313,shuffle_null_mean,,324.0,/Users/Hannah/Programming/data_eyeblink/geometry_preservation_outputs/geometry_preservation_rat0313_set0313_dim3_bins5_2026-04-29_07-57-35.npz,0.5248226245971284,0.7105662989837778,0.5248226245971284
rat0313,shuffle_null_mean,,325.0,/Users/Hannah/Programming/data_eyeblink/geometry_preservation_outputs/geometry_preservation_rat0313_set0313_dim3_bins5_2026-04-29_07-57-35.npz,0.5571994816091611,0.7285531710344886,0.5571994816091611
rat0313,shuffle_null_mean,,326.0,/Users/Hannah/Programming/data_eyeblink/geometry_preservation_outputs/geometry_preservation_rat0313_set0313_dim3_bins5_2026-04-29_07-57-35.npz,0.6056210751391528,0.7665337394243514,0.6056210751391526
rat0313,shuffle_null_mean,,327.0,/Users/Hannah/Programming/data_eyeblink/geometry_preservation_outputs/geometry_preservation_rat0313_set0313_dim3_bins5_2026-04-29_07-57-35.npz,0.5620398443058691,0.7350854729394183,0.5620398443058691
rat0313,shuffle_null_mean,,328.0,/Users/Hannah/Programming/data_eyeblink/geometry_preservation_outputs/geometry_preservation_rat0313_set0313_dim3_bins5_2026-04-29_07-57-35.npz,0.6362082108274772,0.7934592869248257,0.6362082108274772
rat0313,shuffle_null_mean,,329.0,/Users/Hannah/Programming/data_eyeblink/geometry_preservation_outputs/geometry_preservation_rat0313_set0313_dim3_bins5_2026-04-29_07-57-35.npz,0.5941584617694153,0.7558624179830424,0.5941584617694154
rat0313,shuffle_null_mean,,330.0,/Users/Hannah/Programming/data_eyeblink/geometry_preservation_outputs/geometry_preservation_rat0313_set0313_dim3_bins5_2026-04-29_07-57-35.npz,0.6031176512454433,0.76485416279311,0.6031176512454433
rat0313,shuffle_null_mean,,331.0,/Users/Hannah/Programming/data_eyeblink/geometry_preservation_outputs/geometry_preservation_rat0313_set0313_dim3_bins5_2026-04-29_07-57-35.npz,0.5495218030420232,0.7312008763713598,0.5495218030420232
rat0313,shuffle_null_mean,,332.0,/Users/Hannah/Programming/data_eyeblink/geometry_preservation_outputs/geometry_preservation_rat0313_set0313_dim3_bins5_2026-04-29_07-57-35.npz,0.5860851423523699,0.7568573069302588,0.5860851423523699
rat0313,shuffle_null_mean,,333.0,/Users/Hannah/Programming/data_eyeblink/geometry_preservation_outputs/geometry_preservation_rat0313_set0313_dim3_bins5_2026-04-29_07-57-35.npz,0.6186115132826614,0.7726109499861411,0.6186115132826613
rat0313,shuffle_null_mean,,334.0,/Users/Hannah/Programming/data_eyeblink/geometry_preservation_outputs/geometry_preservation_rat0313_set0313_dim3_bins5_2026-04-29_07-57-35.npz,0.5279865843220457,0.7067090686729498,0.5279865843220456
rat0313,shuffle_null_mean,,335.0,/Users/Hannah/Programming/data_eyeblink/geometry_preservation_outputs/geometry_preservation_rat0313_set0313_dim3_bins5_2026-04-29_07-57-35.npz,0.5883257465438968,0.7581343410567603,0.5883257465438968
rat0313,shuffle_null_mean,,336.0,/Users/Hannah/Programming/data_eyeblink/geometry_preservation_outputs/geometry_preservation_rat0313_set0313_dim3_bins5_2026-04-29_07-57-35.npz,0.5462144765284261,0.7304819474085625,0.5462144765284261
rat0313,shuffle_null_mean,,337.0,/Users/Hannah/Programming/data_eyeblink/geometry_preservation_outputs/geometry_preservation_rat0313_set0313_dim3_bins5_2026-04-29_07-57-35.npz,0.5838702245950627,0.7564720733845108,0.5838702245950624
rat0313,shuffle_null_mean,,338.0,/Users/Hannah/Programming/data_eyeblink/geometry_preservation_outputs/geometry_preservation_rat0313_set0313_dim3_bins5_2026-04-29_07-57-35.npz,0.6165180783809217,0.7784729808759621,0.6165180783809217
rat0313,shuffle_null_mean,,339.0,/Users/Hannah/Programming/data_eyeblink/geometry_preservation_outputs/geometry_preservation_rat0313_set0313_dim3_bins5_2026-04-29_07-57-35.npz,0.5319239111134465,0.716123501450731,0.5319239111134465
rat0313,shuffle_null_mean,,340.0,/Users/Hannah/Programming/data_eyeblink/geometry_preservation_outputs/geometry_preservation_rat0313_set0313_dim3_bins5_2026-04-29_07-57-35.npz,0.5677301409683182,0.7384735670367676,0.5677301409683182
rat0313,shuffle_null_mean,,341.0,/Users/Hannah/Programming/data_eyeblink/geometry_preservation_outputs/geometry_preservation_rat0313_set0313_dim3_bins5_2026-04-29_07-57-35.npz,0.6504763633163512,0.799430645510783,0.6504763633163512
rat0313,shuffle_null_mean,,342.0,/Users/Hannah/Programming/data_eyeblink/geometry_preservation_outputs/geometry_preservation_rat0313_set0313_dim3_bins5_2026-04-29_07-57-35.npz,0.5148532971365457,0.7124398530505673,0.5148532971365457
rat0313,shuffle_null_mean,,343.0,/Users/Hannah/Programming/data_eyeblink/geometry_preservation_outputs/geometry_preservation_rat0313_set0313_dim3_bins5_2026-04-29_07-57-35.npz,0.5830695209638972,0.7592596216467851,0.5830695209638972
rat0313,shuffle_null_mean,,344.0,/Users/Hannah/Programming/data_eyeblink/geometry_preservation_outputs/geometry_preservation_rat0313_set0313_dim3_bins5_2026-04-29_07-57-35.npz,0.6258034601817559,0.7847139748040881,0.6258034601817559
rat0313,shuffle_null_mean,,345.0,/Users/Hannah/Programming/data_eyeblink/geometry_preservation_outputs/geometry_preservation_rat0313_set0313_dim3_bins5_2026-04-29_07-57-35.npz,0.5660011186247792,0.7428827099508095,0.5660011186247793
rat0313,shuffle_null_mean,,346.0,/Users/Hannah/Programming/data_eyeblink/geometry_preservation_outputs/geometry_preservation_rat0313_set0313_dim3_bins5_2026-04-29_07-57-35.npz,0.5780031224528942,0.7475931053967154,0.5780031224528943
rat0313,shuffle_null_mean,,347.0,/Users/Hannah/Programming/data_eyeblink/geometry_preservation_outputs/geometry_preservation_rat0313_set0313_dim3_bins5_2026-04-29_07-57-35.npz,0.6201144257548074,0.770461182492668,0.6201144257548074
rat0313,shuffle_null_mean,,348.0,/Users/Hannah/Programming/data_eyeblink/geometry_preservation_outputs/geometry_preservation_rat0313_set0313_dim3_bins5_2026-04-29_07-57-35.npz,0.5319230879376378,0.7220160796937941,0.5319230879376378
rat0313,shuffle_null_mean,,349.0,/Users/Hannah/Programming/data_eyeblink/geometry_preservation_outputs/geometry_preservation_rat0313_set0313_dim3_bins5_2026-04-29_07-57-35.npz,0.598733409962058,0.7642682120089914,0.598733409962058
rat0313,shuffle_null_mean,,350.0,/Users/Hannah/Programming/data_eyeblink/geometry_preservation_outputs/geometry_preservation_rat0313_set0313_dim3_bins5_2026-04-29_07-57-35.npz,0.6429783973991073,0.7960212778950939,0.6429783973991072
rat0313,shuffle_null_mean,,351.0,/Users/Hannah/Programming/data_eyeblink/geometry_preservation_outputs/geometry_preservation_rat0313_set0313_dim3_bins5_2026-04-29_07-57-35.npz,0.6541618935816166,0.8022239815249886,0.6541618935816166
rat0313,shuffle_null_mean,,352.0,/Users/Hannah/Programming/data_eyeblink/geometry_preservation_outputs/geometry_preservation_rat0313_set0313_dim3_bins5_2026-04-29_07-57-35.npz,0.5718556004784536,0.7470751038372164,0.5718556004784536
rat0313,shuffle_null_mean,,353.0,/Users/Hannah/Programming/data_eyeblink/geometry_preservation_outputs/geometry_preservation_rat0313_set0313_dim3_bins5_2026-04-29_07-57-35.npz,0.5352079699855667,0.7093356869843983,0.5352079699855669
rat0313,shuffle_null_mean,,354.0,/Users/Hannah/Programming/data_eyeblink/geometry_preservation_outputs/geometry_preservation_rat0313_set0313_dim3_bins5_2026-04-29_07-57-35.npz,0.5565415436999621,0.7385630637059638,0.5565415436999621
rat0313,shuffle_null_mean,,355.0,/Users/Hannah/Programming/data_eyeblink/geometry_preservation_outputs/geometry_preservation_rat0313_set0313_dim3_bins5_2026-04-29_07-57-35.npz,0.5484040285814286,0.726520364266244,0.5484040285814287
rat0313,shuffle_null_mean,,356.0,/Users/Hannah/Programming/data_eyeblink/geometry_preservation_outputs/geometry_preservation_rat0313_set0313_dim3_bins5_2026-04-29_07-57-35.npz,0.5742371167403941,0.7465469544042785,0.5742371167403941
rat0313,shuffle_null_mean,,357.0,/Users/Hannah/Programming/data_eyeblink/geometry_preservation_outputs/geometry_preservation_rat0313_set0313_dim3_bins5_2026-04-29_07-57-35.npz,0.596179729517435,0.765570057394892,0.596179729517435
rat0313,shuffle_null_mean,,358.0,/Users/Hannah/Programming/data_eyeblink/geometry_preservation_outputs/geometry_preservation_rat0313_set0313_dim3_bins5_2026-04-29_07-57-35.npz,0.5770683736271014,0.7467087472295132,0.5770683736271013
rat0313,shuffle_null_mean,,359.0,/Users/Hannah/Programming/data_eyeblink/geometry_preservation_outputs/geometry_preservation_rat0313_set0313_dim3_bins5_2026-04-29_07-57-35.npz,0.5780123957922731,0.7522215135980473,0.5780123957922731
rat0313,shuffle_null_mean,,360.0,/Users/Hannah/Programming/data_eyeblink/geometry_preservation_outputs/geometry_preservation_rat0313_set0313_dim3_bins5_2026-04-29_07-57-35.npz,0.5190188362711552,0.7096918653465847,0.5190188362711552
rat0313,shuffle_null_mean,,361.0,/Users/Hannah/Programming/data_eyeblink/geometry_preservation_outputs/geometry_preservation_rat0313_set0313_dim3_bins5_2026-04-29_07-57-35.npz,0.5936819100580873,0.7580020236167162,0.5936819100580872
rat0313,shuffle_null_mean,,362.0,/Users/Hannah/Programming/data_eyeblink/geometry_preservation_outputs/geometry_preservation_rat0313_set0313_dim3_bins5_2026-04-29_07-57-35.npz,0.6106065038843653,0.7688518685791598,0.6106065038843653
rat0313,shuffle_null_mean,,363.0,/Users/Hannah/Programming/data_eyeblink/geometry_preservation_outputs/geometry_preservation_rat0313_set0313_dim3_bins5_2026-04-29_07-57-35.npz,0.6257642976659741,0.7883918682348338,0.6257642976659741
rat0313,shuffle_null_mean,,364.0,/Users/Hannah/Programming/data_eyeblink/geometry_preservation_outputs/geometry_preservation_rat0313_set0313_dim3_bins5_2026-04-29_07-57-35.npz,0.598273465233252,0.7639344688097738,0.598273465233252
rat0313,shuffle_null_mean,,365.0,/Users/Hannah/Programming/data_eyeblink/geometry_preservation_outputs/geometry_preservation_rat0313_set0313_dim3_bins5_2026-04-29_07-57-35.npz,0.5716564658458761,0.7449251315403933,0.5716564658458761
rat0313,shuffle_null_mean,,366.0,/Users/Hannah/Programming/data_eyeblink/geometry_preservation_outputs/geometry_preservation_rat0313_set0313_dim3_bins5_2026-04-29_07-57-35.npz,0.5645225378675073,0.741717185397676,0.5645225378675072
rat0313,shuffle_null_mean,,367.0,/Users/Hannah/Programming/data_eyeblink/geometry_preservation_outputs/geometry_preservation_rat0313_set0313_dim3_bins5_2026-04-29_07-57-35.npz,0.6494130156219011,0.797144693466439,0.6494130156219009
rat0313,shuffle_null_mean,,368.0,/Users/Hannah/Programming/data_eyeblink/geometry_preservation_outputs/geometry_preservation_rat0313_set0313_dim3_bins5_2026-04-29_07-57-35.npz,0.6325959377936611,0.7877994838681596,0.632595937793661
rat0313,shuffle_null_mean,,369.0,/Users/Hannah/Programming/data_eyeblink/geometry_preservation_outputs/geometry_preservation_rat0313_set0313_dim3_bins5_2026-04-29_07-57-35.npz,0.5399167993862573,0.7257274116657246,0.5399167993862573
rat0313,shuffle_null_mean,,370.0,/Users/Hannah/Programming/data_eyeblink/geometry_preservation_outputs/geometry_preservation_rat0313_set0313_dim3_bins5_2026-04-29_07-57-35.npz,0.5932706925172136,0.7603472948476218,0.5932706925172138
rat0313,shuffle_null_mean,,371.0,/Users/Hannah/Programming/data_eyeblink/geometry_preservation_outputs/geometry_preservation_rat0313_set0313_dim3_bins5_2026-04-29_07-57-35.npz,0.5864755380892899,0.7564494176442719,0.5864755380892899
rat0313,shuffle_null_mean,,372.0,/Users/Hannah/Programming/data_eyeblink/geometry_preservation_outputs/geometry_preservation_rat0313_set0313_dim3_bins5_2026-04-29_07-57-35.npz,0.5940633401049865,0.7480337870303538,0.5940633401049867
rat0313,shuffle_null_mean,,373.0,/Users/Hannah/Programming/data_eyeblink/geometry_preservation_outputs/geometry_preservation_rat0313_set0313_dim3_bins5_2026-04-29_07-57-35.npz,0.559714167756977,0.7327769792265026,0.559714167756977
rat0313,shuffle_null_mean,,374.0,/Users/Hannah/Programming/data_eyeblink/geometry_preservation_outputs/geometry_preservation_rat0313_set0313_dim3_bins5_2026-04-29_07-57-35.npz,0.5433186560591945,0.7230892110455687,0.5433186560591945
rat0313,shuffle_null_mean,,375.0,/Users/Hannah/Programming/data_eyeblink/geometry_preservation_outputs/geometry_preservation_rat0313_set0313_dim3_bins5_2026-04-29_07-57-35.npz,0.5726038239493135,0.7457523236637316,0.5726038239493135
rat0313,shuffle_null_mean,,376.0,/Users/Hannah/Programming/data_eyeblink/geometry_preservation_outputs/geometry_preservation_rat0313_set0313_dim3_bins5_2026-04-29_07-57-35.npz,0.5908843928967279,0.7534258505614846,0.5908843928967281
rat0313,shuffle_null_mean,,377.0,/Users/Hannah/Programming/data_eyeblink/geometry_preservation_outputs/geometry_preservation_rat0313_set0313_dim3_bins5_2026-04-29_07-57-35.npz,0.608104009152389,0.7680567582397245,0.6081040091523888
rat0313,shuffle_null_mean,,378.0,/Users/Hannah/Programming/data_eyeblink/geometry_preservation_outputs/geometry_preservation_rat0313_set0313_dim3_bins5_2026-04-29_07-57-35.npz,0.5774949064283648,0.7523667872581766,0.5774949064283648
rat0313,shuffle_null_mean,,379.0,/Users/Hannah/Programming/data_eyeblink/geometry_preservation_outputs/geometry_preservation_rat0313_set0313_dim3_bins5_2026-04-29_07-57-35.npz,0.6133346388828473,0.7690417305632564,0.6133346388828473
rat0313,shuffle_null_mean,,380.0,/Users/Hannah/Programming/data_eyeblink/geometry_preservation_outputs/geometry_preservation_rat0313_set0313_dim3_bins5_2026-04-29_07-57-35.npz,0.647016865260191,0.7960487455699008,0.647016865260191
rat0313,shuffle_null_mean,,381.0,/Users/Hannah/Programming/data_eyeblink/geometry_preservation_outputs/geometry_preservation_rat0313_set0313_dim3_bins5_2026-04-29_07-57-35.npz,0.5923889466700178,0.7646081120020836,0.5923889466700178
rat0313,shuffle_null_mean,,382.0,/Users/Hannah/Programming/data_eyeblink/geometry_preservation_outputs/geometry_preservation_rat0313_set0313_dim3_bins5_2026-04-29_07-57-35.npz,0.5867330018710396,0.7578905403162531,0.5867330018710396
rat0313,shuffle_null_mean,,383.0,/Users/Hannah/Programming/data_eyeblink/geometry_preservation_outputs/geometry_preservation_rat0313_set0313_dim3_bins5_2026-04-29_07-57-35.npz,0.5624700730743569,0.7376989075312269,0.5624700730743569
rat0313,shuffle_null_mean,,384.0,/Users/Hannah/Programming/data_eyeblink/geometry_preservation_outputs/geometry_preservation_rat0313_set0313_dim3_bins5_2026-04-29_07-57-35.npz,0.5725099435667174,0.7508931276651194,0.5725099435667171
rat0313,shuffle_null_mean,,385.0,/Users/Hannah/Programming/data_eyeblink/geometry_preservation_outputs/geometry_preservation_rat0313_set0313_dim3_bins5_2026-04-29_07-57-35.npz,0.6082485763801146,0.7647419224575571,0.6082485763801148
rat0313,shuffle_null_mean,,386.0,/Users/Hannah/Programming/data_eyeblink/geometry_preservation_outputs/geometry_preservation_rat0313_set0313_dim3_bins5_2026-04-29_07-57-35.npz,0.5350163837698847,0.7163953506202136,0.5350163837698849
rat0313,shuffle_null_mean,,387.0,/Users/Hannah/Programming/data_eyeblink/geometry_preservation_outputs/geometry_preservation_rat0313_set0313_dim3_bins5_2026-04-29_07-57-35.npz,0.6368126947411218,0.7889946081344885,0.6368126947411218
rat0313,shuffle_null_mean,,388.0,/Users/Hannah/Programming/data_eyeblink/geometry_preservation_outputs/geometry_preservation_rat0313_set0313_dim3_bins5_2026-04-29_07-57-35.npz,0.5580139522068024,0.7344678513621952,0.5580139522068024
rat0313,shuffle_null_mean,,389.0,/Users/Hannah/Programming/data_eyeblink/geometry_preservation_outputs/geometry_preservation_rat0313_set0313_dim3_bins5_2026-04-29_07-57-35.npz,0.6197324339143784,0.7773725174153526,0.6197324339143784
rat0313,shuffle_null_mean,,390.0,/Users/Hannah/Programming/data_eyeblink/geometry_preservation_outputs/geometry_preservation_rat0313_set0313_dim3_bins5_2026-04-29_07-57-35.npz,0.5949092807355846,0.758874495787756,0.5949092807355847
rat0313,shuffle_null_mean,,391.0,/Users/Hannah/Programming/data_eyeblink/geometry_preservation_outputs/geometry_preservation_rat0313_set0313_dim3_bins5_2026-04-29_07-57-35.npz,0.535673145034964,0.7222638172471705,0.5356731450349641
rat0313,shuffle_null_mean,,392.0,/Users/Hannah/Programming/data_eyeblink/geometry_preservation_outputs/geometry_preservation_rat0313_set0313_dim3_bins5_2026-04-29_07-57-35.npz,0.5646975366509032,0.7392654557292515,0.5646975366509033
rat0313,shuffle_null_mean,,393.0,/Users/Hannah/Programming/data_eyeblink/geometry_preservation_outputs/geometry_preservation_rat0313_set0313_dim3_bins5_2026-04-29_07-57-35.npz,0.6797937284008031,0.8183186168762763,0.6797937284008031
rat0313,shuffle_null_mean,,394.0,/Users/Hannah/Programming/data_eyeblink/geometry_preservation_outputs/geometry_preservation_rat0313_set0313_dim3_bins5_2026-04-29_07-57-35.npz,0.5599405392406889,0.724571509522213,0.5599405392406889
rat0313,shuffle_null_mean,,395.0,/Users/Hannah/Programming/data_eyeblink/geometry_preservation_outputs/geometry_preservation_rat0313_set0313_dim3_bins5_2026-04-29_07-57-35.npz,0.5312759414473958,0.7164359501022459,0.5312759414473958
rat0313,shuffle_null_mean,,396.0,/Users/Hannah/Programming/data_eyeblink/geometry_preservation_outputs/geometry_preservation_rat0313_set0313_dim3_bins5_2026-04-29_07-57-35.npz,0.6690466259084769,0.8086983811436458,0.6690466259084769
rat0313,shuffle_null_mean,,397.0,/Users/Hannah/Programming/data_eyeblink/geometry_preservation_outputs/geometry_preservation_rat0313_set0313_dim3_bins5_2026-04-29_07-57-35.npz,0.5706379822104639,0.7479605688183388,0.5706379822104639
rat0313,shuffle_null_mean,,398.0,/Users/Hannah/Programming/data_eyeblink/geometry_preservation_outputs/geometry_preservation_rat0313_set0313_dim3_bins5_2026-04-29_07-57-35.npz,0.5563449000969021,0.7279492268134519,0.5563449000969021
rat0313,shuffle_null_mean,,399.0,/Users/Hannah/Programming/data_eyeblink/geometry_preservation_outputs/geometry_preservation_rat0313_set0313_dim3_bins5_2026-04-29_07-57-35.npz,0.6169838580250352,0.7787000790181735,0.6169838580250352
rat0313,shuffle_null_mean,,400.0,/Users/Hannah/Programming/data_eyeblink/geometry_preservation_outputs/geometry_preservation_rat0313_set0313_dim3_bins5_2026-04-29_07-57-35.npz,0.5285850822381548,0.7095782533502472,0.5285850822381548
rat0313,shuffle_null_mean,,401.0,/Users/Hannah/Programming/data_eyeblink/geometry_preservation_outputs/geometry_preservation_rat0313_set0313_dim3_bins5_2026-04-29_07-57-35.npz,0.6446071483127737,0.7963366656368985,0.6446071483127737
rat0313,shuffle_null_mean,,402.0,/Users/Hannah/Programming/data_eyeblink/geometry_preservation_outputs/geometry_preservation_rat0313_set0313_dim3_bins5_2026-04-29_07-57-35.npz,0.5272729359315459,0.7082037126464804,0.5272729359315458
rat0313,shuffle_null_mean,,403.0,/Users/Hannah/Programming/data_eyeblink/geometry_preservation_outputs/geometry_preservation_rat0313_set0313_dim3_bins5_2026-04-29_07-57-35.npz,0.5846214472034678,0.7467947154902644,0.5846214472034678
rat0313,shuffle_null_mean,,404.0,/Users/Hannah/Programming/data_eyeblink/geometry_preservation_outputs/geometry_preservation_rat0313_set0313_dim3_bins5_2026-04-29_07-57-35.npz,0.6222548833345337,0.7825739165367748,0.6222548833345338
rat0313,shuffle_null_mean,,405.0,/Users/Hannah/Programming/data_eyeblink/geometry_preservation_outputs/geometry_preservation_rat0313_set0313_dim3_bins5_2026-04-29_07-57-35.npz,0.5582944408836605,0.7287157428764146,0.5582944408836605
rat0313,shuffle_null_mean,,406.0,/Users/Hannah/Programming/data_eyeblink/geometry_preservation_outputs/geometry_preservation_rat0313_set0313_dim3_bins5_2026-04-29_07-57-35.npz,0.5123543217020763,0.6908230981473381,0.5123543217020763
rat0313,shuffle_null_mean,,407.0,/Users/Hannah/Programming/data_eyeblink/geometry_preservation_outputs/geometry_preservation_rat0313_set0313_dim3_bins5_2026-04-29_07-57-35.npz,0.5320287855665876,0.7218840192761221,0.5320287855665876
rat0313,shuffle_null_mean,,408.0,/Users/Hannah/Programming/data_eyeblink/geometry_preservation_outputs/geometry_preservation_rat0313_set0313_dim3_bins5_2026-04-29_07-57-35.npz,0.5599046575224473,0.7243841355822731,0.5599046575224473
rat0313,shuffle_null_mean,,409.0,/Users/Hannah/Programming/data_eyeblink/geometry_preservation_outputs/geometry_preservation_rat0313_set0313_dim3_bins5_2026-04-29_07-57-35.npz,0.6246085566941435,0.7853968381250709,0.6246085566941434
rat0313,shuffle_null_mean,,410.0,/Users/Hannah/Programming/data_eyeblink/geometry_preservation_outputs/geometry_preservation_rat0313_set0313_dim3_bins5_2026-04-29_07-57-35.npz,0.5858936126159902,0.7539215076454262,0.5858936126159902
rat0313,shuffle_null_mean,,411.0,/Users/Hannah/Programming/data_eyeblink/geometry_preservation_outputs/geometry_preservation_rat0313_set0313_dim3_bins5_2026-04-29_07-57-35.npz,0.5480086369245936,0.7321699495816565,0.5480086369245936
rat0313,shuffle_null_mean,,412.0,/Users/Hannah/Programming/data_eyeblink/geometry_preservation_outputs/geometry_preservation_rat0313_set0313_dim3_bins5_2026-04-29_07-57-35.npz,0.6207926370737491,0.7836226901731266,0.6207926370737492
rat0313,shuffle_null_mean,,413.0,/Users/Hannah/Programming/data_eyeblink/geometry_preservation_outputs/geometry_preservation_rat0313_set0313_dim3_bins5_2026-04-29_07-57-35.npz,0.5832172799816817,0.7537596073524064,0.5832172799816817
rat0313,shuffle_null_mean,,414.0,/Users/Hannah/Programming/data_eyeblink/geometry_preservation_outputs/geometry_preservation_rat0313_set0313_dim3_bins5_2026-04-29_07-57-35.npz,0.635124870592726,0.7870610742893085,0.6351248705927259
rat0313,shuffle_null_mean,,415.0,/Users/Hannah/Programming/data_eyeblink/geometry_preservation_outputs/geometry_preservation_rat0313_set0313_dim3_bins5_2026-04-29_07-57-35.npz,0.6177791292939607,0.7784280251008727,0.6177791292939607
rat0313,shuffle_null_mean,,416.0,/Users/Hannah/Programming/data_eyeblink/geometry_preservation_outputs/geometry_preservation_rat0313_set0313_dim3_bins5_2026-04-29_07-57-35.npz,0.6871791495331182,0.8227140172744184,0.6871791495331182
rat0313,shuffle_null_mean,,417.0,/Users/Hannah/Programming/data_eyeblink/geometry_preservation_outputs/geometry_preservation_rat0313_set0313_dim3_bins5_2026-04-29_07-57-35.npz,0.6429102094721818,0.7961592249408527,0.6429102094721819
rat0313,shuffle_null_mean,,418.0,/Users/Hannah/Programming/data_eyeblink/geometry_preservation_outputs/geometry_preservation_rat0313_set0313_dim3_bins5_2026-04-29_07-57-35.npz,0.5785661860851625,0.7536676767279904,0.5785661860851625
rat0313,shuffle_null_mean,,419.0,/Users/Hannah/Programming/data_eyeblink/geometry_preservation_outputs/geometry_preservation_rat0313_set0313_dim3_bins5_2026-04-29_07-57-35.npz,0.5679130170120021,0.7352966217094481,0.5679130170120021
rat0313,shuffle_null_mean,,420.0,/Users/Hannah/Programming/data_eyeblink/geometry_preservation_outputs/geometry_preservation_rat0313_set0313_dim3_bins5_2026-04-29_07-57-35.npz,0.5905084391693178,0.7486069313337527,0.590508439169318
rat0313,shuffle_null_mean,,421.0,/Users/Hannah/Programming/data_eyeblink/geometry_preservation_outputs/geometry_preservation_rat0313_set0313_dim3_bins5_2026-04-29_07-57-35.npz,0.5972353140347563,0.7646562920182495,0.5972353140347563
rat0313,shuffle_null_mean,,422.0,/Users/Hannah/Programming/data_eyeblink/geometry_preservation_outputs/geometry_preservation_rat0313_set0313_dim3_bins5_2026-04-29_07-57-35.npz,0.5839632525995099,0.7543401418800938,0.5839632525995099
rat0313,shuffle_null_mean,,423.0,/Users/Hannah/Programming/data_eyeblink/geometry_preservation_outputs/geometry_preservation_rat0313_set0313_dim3_bins5_2026-04-29_07-57-35.npz,0.5989521731087317,0.7618069576237556,0.5989521731087317
rat0313,shuffle_null_mean,,424.0,/Users/Hannah/Programming/data_eyeblink/geometry_preservation_outputs/geometry_preservation_rat0313_set0313_dim3_bins5_2026-04-29_07-57-35.npz,0.5190211850061734,0.7018777064808707,0.5190211850061734
rat0313,shuffle_null_mean,,425.0,/Users/Hannah/Programming/data_eyeblink/geometry_preservation_outputs/geometry_preservation_rat0313_set0313_dim3_bins5_2026-04-29_07-57-35.npz,0.535271669573816,0.720960748759672,0.535271669573816
rat0313,shuffle_null_mean,,426.0,/Users/Hannah/Programming/data_eyeblink/geometry_preservation_outputs/geometry_preservation_rat0313_set0313_dim3_bins5_2026-04-29_07-57-35.npz,0.6309157704545323,0.7901422591614177,0.6309157704545324
rat0313,shuffle_null_mean,,427.0,/Users/Hannah/Programming/data_eyeblink/geometry_preservation_outputs/geometry_preservation_rat0313_set0313_dim3_bins5_2026-04-29_07-57-35.npz,0.6423851617872195,0.7955472466548603,0.6423851617872195
rat0313,shuffle_null_mean,,428.0,/Users/Hannah/Programming/data_eyeblink/geometry_preservation_outputs/geometry_preservation_rat0313_set0313_dim3_bins5_2026-04-29_07-57-35.npz,0.5135775746105959,0.7011450885324241,0.5135775746105958
rat0313,shuffle_null_mean,,429.0,/Users/Hannah/Programming/data_eyeblink/geometry_preservation_outputs/geometry_preservation_rat0313_set0313_dim3_bins5_2026-04-29_07-57-35.npz,0.6334089250772814,0.7819312172104381,0.6334089250772815
rat0313,shuffle_null_mean,,430.0,/Users/Hannah/Programming/data_eyeblink/geometry_preservation_outputs/geometry_preservation_rat0313_set0313_dim3_bins5_2026-04-29_07-57-35.npz,0.5868489307532954,0.7579541151014898,0.5868489307532954
rat0313,shuffle_null_mean,,431.0,/Users/Hannah/Programming/data_eyeblink/geometry_preservation_outputs/geometry_preservation_rat0313_set0313_dim3_bins5_2026-04-29_07-57-35.npz,0.6061186560265577,0.7686973690058574,0.6061186560265577
rat0313,shuffle_null_mean,,432.0,/Users/Hannah/Programming/data_eyeblink/geometry_preservation_outputs/geometry_preservation_rat0313_set0313_dim3_bins5_2026-04-29_07-57-35.npz,0.6062134733649004,0.7709039419405105,0.6062134733649005
rat0313,shuffle_null_mean,,433.0,/Users/Hannah/Programming/data_eyeblink/geometry_preservation_outputs/geometry_preservation_rat0313_set0313_dim3_bins5_2026-04-29_07-57-35.npz,0.5771196373452391,0.7524544305810872,0.5771196373452391
rat0313,shuffle_null_mean,,434.0,/Users/Hannah/Programming/data_eyeblink/geometry_preservation_outputs/geometry_preservation_rat0313_set0313_dim3_bins5_2026-04-29_07-57-35.npz,0.5788964965261393,0.7484135002990394,0.5788964965261393
rat0313,shuffle_null_mean,,435.0,/Users/Hannah/Programming/data_eyeblink/geometry_preservation_outputs/geometry_preservation_rat0313_set0313_dim3_bins5_2026-04-29_07-57-35.npz,0.563272180094785,0.7352611473832582,0.563272180094785
rat0313,shuffle_null_mean,,436.0,/Users/Hannah/Programming/data_eyeblink/geometry_preservation_outputs/geometry_preservation_rat0313_set0313_dim3_bins5_2026-04-29_07-57-35.npz,0.5762080021585507,0.7517176043789389,0.5762080021585506
rat0313,shuffle_null_mean,,437.0,/Users/Hannah/Programming/data_eyeblink/geometry_preservation_outputs/geometry_preservation_rat0313_set0313_dim3_bins5_2026-04-29_07-57-35.npz,0.5981104758484288,0.7626601808158935,0.5981104758484288
rat0313,shuffle_null_mean,,438.0,/Users/Hannah/Programming/data_eyeblink/geometry_preservation_outputs/geometry_preservation_rat0313_set0313_dim3_bins5_2026-04-29_07-57-35.npz,0.6138165506850555,0.7782876586604033,0.6138165506850555
rat0313,shuffle_null_mean,,439.0,/Users/Hannah/Programming/data_eyeblink/geometry_preservation_outputs/geometry_preservation_rat0313_set0313_dim3_bins5_2026-04-29_07-57-35.npz,0.6422752317338878,0.7926187276912305,0.6422752317338879
rat0313,shuffle_null_mean,,440.0,/Users/Hannah/Programming/data_eyeblink/geometry_preservation_outputs/geometry_preservation_rat0313_set0313_dim3_bins5_2026-04-29_07-57-35.npz,0.5817987207619985,0.7511829298295591,0.5817987207619985
rat0313,shuffle_null_mean,,441.0,/Users/Hannah/Programming/data_eyeblink/geometry_preservation_outputs/geometry_preservation_rat0313_set0313_dim3_bins5_2026-04-29_07-57-35.npz,0.5709249201522069,0.7417162969430868,0.5709249201522069
rat0313,shuffle_null_mean,,442.0,/Users/Hannah/Programming/data_eyeblink/geometry_preservation_outputs/geometry_preservation_rat0313_set0313_dim3_bins5_2026-04-29_07-57-35.npz,0.5839719317792997,0.7515786770042212,0.5839719317792997
rat0313,shuffle_null_mean,,443.0,/Users/Hannah/Programming/data_eyeblink/geometry_preservation_outputs/geometry_preservation_rat0313_set0313_dim3_bins5_2026-04-29_07-57-35.npz,0.6424116488763421,0.7946960232990482,0.6424116488763421
rat0313,shuffle_null_mean,,444.0,/Users/Hannah/Programming/data_eyeblink/geometry_preservation_outputs/geometry_preservation_rat0313_set0313_dim3_bins5_2026-04-29_07-57-35.npz,0.546244878990257,0.7304383819688985,0.546244878990257
rat0313,shuffle_null_mean,,445.0,/Users/Hannah/Programming/data_eyeblink/geometry_preservation_outputs/geometry_preservation_rat0313_set0313_dim3_bins5_2026-04-29_07-57-35.npz,0.5776376966727786,0.7555781326984061,0.5776376966727786
rat0313,shuffle_null_mean,,446.0,/Users/Hannah/Programming/data_eyeblink/geometry_preservation_outputs/geometry_preservation_rat0313_set0313_dim3_bins5_2026-04-29_07-57-35.npz,0.6487031029893212,0.7970394132997445,0.6487031029893212
rat0313,shuffle_null_mean,,447.0,/Users/Hannah/Programming/data_eyeblink/geometry_preservation_outputs/geometry_preservation_rat0313_set0313_dim3_bins5_2026-04-29_07-57-35.npz,0.5874691798630901,0.7571044318981841,0.5874691798630901
rat0313,shuffle_null_mean,,448.0,/Users/Hannah/Programming/data_eyeblink/geometry_preservation_outputs/geometry_preservation_rat0313_set0313_dim3_bins5_2026-04-29_07-57-35.npz,0.5664566389608442,0.7441849185806158,0.5664566389608441
rat0313,shuffle_null_mean,,449.0,/Users/Hannah/Programming/data_eyeblink/geometry_preservation_outputs/geometry_preservation_rat0313_set0313_dim3_bins5_2026-04-29_07-57-35.npz,0.5762187199093926,0.7407601005335994,0.5762187199093926
rat0313,shuffle_null_mean,,450.0,/Users/Hannah/Programming/data_eyeblink/geometry_preservation_outputs/geometry_preservation_rat0313_set0313_dim3_bins5_2026-04-29_07-57-35.npz,0.5839159776726169,0.7418464005791896,0.583915977672617
rat0313,shuffle_null_mean,,451.0,/Users/Hannah/Programming/data_eyeblink/geometry_preservation_outputs/geometry_preservation_rat0313_set0313_dim3_bins5_2026-04-29_07-57-35.npz,0.6350305984907465,0.7852875765121995,0.6350305984907466
rat0313,shuffle_null_mean,,452.0,/Users/Hannah/Programming/data_eyeblink/geometry_preservation_outputs/geometry_preservation_rat0313_set0313_dim3_bins5_2026-04-29_07-57-35.npz,0.5507910908840883,0.7286019990173735,0.5507910908840882
rat0313,shuffle_null_mean,,453.0,/Users/Hannah/Programming/data_eyeblink/geometry_preservation_outputs/geometry_preservation_rat0313_set0313_dim3_bins5_2026-04-29_07-57-35.npz,0.5586888089854247,0.7351599376722694,0.5586888089854247
rat0313,shuffle_null_mean,,454.0,/Users/Hannah/Programming/data_eyeblink/geometry_preservation_outputs/geometry_preservation_rat0313_set0313_dim3_bins5_2026-04-29_07-57-35.npz,0.5433202794524522,0.7277098325820666,0.5433202794524522
rat0313,shuffle_null_mean,,455.0,/Users/Hannah/Programming/data_eyeblink/geometry_preservation_outputs/geometry_preservation_rat0313_set0313_dim3_bins5_2026-04-29_07-57-35.npz,0.5700043189049097,0.7413750794846361,0.5700043189049097
rat0313,shuffle_null_mean,,456.0,/Users/Hannah/Programming/data_eyeblink/geometry_preservation_outputs/geometry_preservation_rat0313_set0313_dim3_bins5_2026-04-29_07-57-35.npz,0.6047871662815479,0.7673754830178781,0.6047871662815479
rat0313,shuffle_null_mean,,457.0,/Users/Hannah/Programming/data_eyeblink/geometry_preservation_outputs/geometry_preservation_rat0313_set0313_dim3_bins5_2026-04-29_07-57-35.npz,0.6294776812473636,0.7830300220455567,0.6294776812473636
rat0313,shuffle_null_mean,,458.0,/Users/Hannah/Programming/data_eyeblink/geometry_preservation_outputs/geometry_preservation_rat0313_set0313_dim3_bins5_2026-04-29_07-57-35.npz,0.5054420925073584,0.705746672127125,0.5054420925073584
rat0313,shuffle_null_mean,,459.0,/Users/Hannah/Programming/data_eyeblink/geometry_preservation_outputs/geometry_preservation_rat0313_set0313_dim3_bins5_2026-04-29_07-57-35.npz,0.6309352934202818,0.7884939295810329,0.6309352934202818
rat0313,shuffle_null_mean,,460.0,/Users/Hannah/Programming/data_eyeblink/geometry_preservation_outputs/geometry_preservation_rat0313_set0313_dim3_bins5_2026-04-29_07-57-35.npz,0.6503175280291869,0.8005306495929899,0.6503175280291869
rat0313,shuffle_null_mean,,461.0,/Users/Hannah/Programming/data_eyeblink/geometry_preservation_outputs/geometry_preservation_rat0313_set0313_dim3_bins5_2026-04-29_07-57-35.npz,0.586701873595237,0.7536584300404766,0.586701873595237
rat0313,shuffle_null_mean,,462.0,/Users/Hannah/Programming/data_eyeblink/geometry_preservation_outputs/geometry_preservation_rat0313_set0313_dim3_bins5_2026-04-29_07-57-35.npz,0.5779908452545549,0.7508945587208791,0.5779908452545549
rat0313,shuffle_null_mean,,463.0,/Users/Hannah/Programming/data_eyeblink/geometry_preservation_outputs/geometry_preservation_rat0313_set0313_dim3_bins5_2026-04-29_07-57-35.npz,0.6190682405811884,0.7813179352799808,0.6190682405811885
rat0313,shuffle_null_mean,,464.0,/Users/Hannah/Programming/data_eyeblink/geometry_preservation_outputs/geometry_preservation_rat0313_set0313_dim3_bins5_2026-04-29_07-57-35.npz,0.6151667124551274,0.7777129325813794,0.6151667124551274
rat0313,shuffle_null_mean,,465.0,/Users/Hannah/Programming/data_eyeblink/geometry_preservation_outputs/geometry_preservation_rat0313_set0313_dim3_bins5_2026-04-29_07-57-35.npz,0.5339056602940256,0.7190441635016113,0.5339056602940256
rat0313,shuffle_null_mean,,466.0,/Users/Hannah/Programming/data_eyeblink/geometry_preservation_outputs/geometry_preservation_rat0313_set0313_dim3_bins5_2026-04-29_07-57-35.npz,0.6365020721389447,0.7920432704203002,0.6365020721389447
rat0313,shuffle_null_mean,,467.0,/Users/Hannah/Programming/data_eyeblink/geometry_preservation_outputs/geometry_preservation_rat0313_set0313_dim3_bins5_2026-04-29_07-57-35.npz,0.6516589996167028,0.7999193625656581,0.6516589996167028
rat0313,shuffle_null_mean,,468.0,/Users/Hannah/Programming/data_eyeblink/geometry_preservation_outputs/geometry_preservation_rat0313_set0313_dim3_bins5_2026-04-29_07-57-35.npz,0.5786131473711031,0.7518261157343602,0.578613147371103
rat0313,shuffle_null_mean,,469.0,/Users/Hannah/Programming/data_eyeblink/geometry_preservation_outputs/geometry_preservation_rat0313_set0313_dim3_bins5_2026-04-29_07-57-35.npz,0.6265910597538383,0.7792969470157778,0.6265910597538383
rat0313,shuffle_null_mean,,470.0,/Users/Hannah/Programming/data_eyeblink/geometry_preservation_outputs/geometry_preservation_rat0313_set0313_dim3_bins5_2026-04-29_07-57-35.npz,0.6610110992826879,0.8049695296076947,0.6610110992826879
rat0313,shuffle_null_mean,,471.0,/Users/Hannah/Programming/data_eyeblink/geometry_preservation_outputs/geometry_preservation_rat0313_set0313_dim3_bins5_2026-04-29_07-57-35.npz,0.6373876540330887,0.7908427260727242,0.6373876540330887
rat0313,shuffle_null_mean,,472.0,/Users/Hannah/Programming/data_eyeblink/geometry_preservation_outputs/geometry_preservation_rat0313_set0313_dim3_bins5_2026-04-29_07-57-35.npz,0.6488980000179329,0.7981921636548744,0.648898000017933
rat0313,shuffle_null_mean,,473.0,/Users/Hannah/Programming/data_eyeblink/geometry_preservation_outputs/geometry_preservation_rat0313_set0313_dim3_bins5_2026-04-29_07-57-35.npz,0.670011268843449,0.8104252319356776,0.670011268843449
rat0313,shuffle_null_mean,,474.0,/Users/Hannah/Programming/data_eyeblink/geometry_preservation_outputs/geometry_preservation_rat0313_set0313_dim3_bins5_2026-04-29_07-57-35.npz,0.6452959953209936,0.7950355464402401,0.6452959953209936
rat0313,shuffle_null_mean,,475.0,/Users/Hannah/Programming/data_eyeblink/geometry_preservation_outputs/geometry_preservation_rat0313_set0313_dim3_bins5_2026-04-29_07-57-35.npz,0.6231389068621909,0.780779599540385,0.6231389068621909
rat0313,shuffle_null_mean,,476.0,/Users/Hannah/Programming/data_eyeblink/geometry_preservation_outputs/geometry_preservation_rat0313_set0313_dim3_bins5_2026-04-29_07-57-35.npz,0.572110010545669,0.7476185576897395,0.5721100105456692
rat0313,shuffle_null_mean,,477.0,/Users/Hannah/Programming/data_eyeblink/geometry_preservation_outputs/geometry_preservation_rat0313_set0313_dim3_bins5_2026-04-29_07-57-35.npz,0.5538755327742945,0.7327039307387363,0.5538755327742946
rat0313,shuffle_null_mean,,478.0,/Users/Hannah/Programming/data_eyeblink/geometry_preservation_outputs/geometry_preservation_rat0313_set0313_dim3_bins5_2026-04-29_07-57-35.npz,0.6018807072904754,0.763539896819402,0.6018807072904755
rat0313,shuffle_null_mean,,479.0,/Users/Hannah/Programming/data_eyeblink/geometry_preservation_outputs/geometry_preservation_rat0313_set0313_dim3_bins5_2026-04-29_07-57-35.npz,0.5329726725473636,0.7196947217123587,0.5329726725473635
rat0313,shuffle_null_mean,,480.0,/Users/Hannah/Programming/data_eyeblink/geometry_preservation_outputs/geometry_preservation_rat0313_set0313_dim3_bins5_2026-04-29_07-57-35.npz,0.57650905304846,0.752933099515057,0.57650905304846
rat0313,shuffle_null_mean,,481.0,/Users/Hannah/Programming/data_eyeblink/geometry_preservation_outputs/geometry_preservation_rat0313_set0313_dim3_bins5_2026-04-29_07-57-35.npz,0.5587027877937392,0.7360886060320937,0.5587027877937393
rat0313,shuffle_null_mean,,482.0,/Users/Hannah/Programming/data_eyeblink/geometry_preservation_outputs/geometry_preservation_rat0313_set0313_dim3_bins5_2026-04-29_07-57-35.npz,0.5781079933780793,0.7517719247203676,0.5781079933780793
rat0313,shuffle_null_mean,,483.0,/Users/Hannah/Programming/data_eyeblink/geometry_preservation_outputs/geometry_preservation_rat0313_set0313_dim3_bins5_2026-04-29_07-57-35.npz,0.5612556368575283,0.7338678436875705,0.5612556368575283
rat0313,shuffle_null_mean,,484.0,/Users/Hannah/Programming/data_eyeblink/geometry_preservation_outputs/geometry_preservation_rat0313_set0313_dim3_bins5_2026-04-29_07-57-35.npz,0.6100535618350725,0.7718954738979236,0.6100535618350725
rat0313,shuffle_null_mean,,485.0,/Users/Hannah/Programming/data_eyeblink/geometry_preservation_outputs/geometry_preservation_rat0313_set0313_dim3_bins5_2026-04-29_07-57-35.npz,0.6533659101810436,0.7957778964895248,0.6533659101810436
rat0313,shuffle_null_mean,,486.0,/Users/Hannah/Programming/data_eyeblink/geometry_preservation_outputs/geometry_preservation_rat0313_set0313_dim3_bins5_2026-04-29_07-57-35.npz,0.5583944780848467,0.7398876361158027,0.5583944780848468
rat0313,shuffle_null_mean,,487.0,/Users/Hannah/Programming/data_eyeblink/geometry_preservation_outputs/geometry_preservation_rat0313_set0313_dim3_bins5_2026-04-29_07-57-35.npz,0.546939232398435,0.7178787051862794,0.546939232398435
rat0313,shuffle_null_mean,,488.0,/Users/Hannah/Programming/data_eyeblink/geometry_preservation_outputs/geometry_preservation_rat0313_set0313_dim3_bins5_2026-04-29_07-57-35.npz,0.6381163229984467,0.7906304044691421,0.6381163229984468
rat0313,shuffle_null_mean,,489.0,/Users/Hannah/Programming/data_eyeblink/geometry_preservation_outputs/geometry_preservation_rat0313_set0313_dim3_bins5_2026-04-29_07-57-35.npz,0.6278260725111876,0.7828738463976679,0.6278260725111876
rat0313,shuffle_null_mean,,490.0,/Users/Hannah/Programming/data_eyeblink/geometry_preservation_outputs/geometry_preservation_rat0313_set0313_dim3_bins5_2026-04-29_07-57-35.npz,0.5505274418539537,0.7304175157804437,0.5505274418539539
rat0313,shuffle_null_mean,,491.0,/Users/Hannah/Programming/data_eyeblink/geometry_preservation_outputs/geometry_preservation_rat0313_set0313_dim3_bins5_2026-04-29_07-57-35.npz,0.5471086467506181,0.7313358163586787,0.5471086467506182
rat0313,shuffle_null_mean,,492.0,/Users/Hannah/Programming/data_eyeblink/geometry_preservation_outputs/geometry_preservation_rat0313_set0313_dim3_bins5_2026-04-29_07-57-35.npz,0.5917914164303751,0.7537438039571236,0.5917914164303751
rat0313,shuffle_null_mean,,493.0,/Users/Hannah/Programming/data_eyeblink/geometry_preservation_outputs/geometry_preservation_rat0313_set0313_dim3_bins5_2026-04-29_07-57-35.npz,0.6085096185130952,0.7723720810265815,0.6085096185130952
rat0313,shuffle_null_mean,,494.0,/Users/Hannah/Programming/data_eyeblink/geometry_preservation_outputs/geometry_preservation_rat0313_set0313_dim3_bins5_2026-04-29_07-57-35.npz,0.6999839655393703,0.8329183825833388,0.6999839655393703
rat0313,shuffle_null_mean,,495.0,/Users/Hannah/Programming/data_eyeblink/geometry_preservation_outputs/geometry_preservation_rat0313_set0313_dim3_bins5_2026-04-29_07-57-35.npz,0.6560416237469033,0.8039120992533164,0.6560416237469034
rat0313,shuffle_null_mean,,496.0,/Users/Hannah/Programming/data_eyeblink/geometry_preservation_outputs/geometry_preservation_rat0313_set0313_dim3_bins5_2026-04-29_07-57-35.npz,0.6223641909104873,0.780379873229313,0.6223641909104873
rat0313,shuffle_null_mean,,497.0,/Users/Hannah/Programming/data_eyeblink/geometry_preservation_outputs/geometry_preservation_rat0313_set0313_dim3_bins5_2026-04-29_07-57-35.npz,0.6053297448552983,0.7697651504003129,0.6053297448552984
rat0313,shuffle_null_mean,,498.0,/Users/Hannah/Programming/data_eyeblink/geometry_preservation_outputs/geometry_preservation_rat0313_set0313_dim3_bins5_2026-04-29_07-57-35.npz,0.6265141819557427,0.7824407236065065,0.6265141819557427
rat0313,shuffle_null_mean,,499.0,/Users/Hannah/Programming/data_eyeblink/geometry_preservation_outputs/geometry_preservation_rat0313_set0313_dim3_bins5_2026-04-29_07-57-35.npz,0.5681895032568953,0.7361272418068474,0.5681895032568953
rat0314,real_run,0.0,,/Users/Hannah/Programming/data_eyeblink/geometry_preservation_outputs/geometry_preservation_rat0314_set0314_dim3_bins5_2026-04-29_10-24-36.npz,0.10328132596193661,0.32137412148761546,0.10328132596193661
rat0314,real_run,1.0,,/Users/Hannah/Programming/data_eyeblink/geometry_preservation_outputs/geometry_preservation_rat0314_set0314_dim3_bins5_2026-04-29_10-24-36.npz,0.12207198506673408,0.34938801505880834,0.12207198506673407
rat0314,real_run,2.0,,/Users/Hannah/Programming/data_eyeblink/geometry_preservation_outputs/geometry_preservation_rat0314_set0314_dim3_bins5_2026-04-29_10-24-36.npz,0.09995964691820214,0.31616395575429224,0.09995964691820207
rat0314,real_run,3.0,,/Users/Hannah/Programming/data_eyeblink/geometry_preservation_outputs/geometry_preservation_rat0314_set0314_dim3_bins5_2026-04-29_10-24-36.npz,0.027990210337835025,0.16730275053876137,0.027990210337835022
rat0314,real_run,4.0,,/Users/Hannah/Programming/data_eyeblink/geometry_preservation_outputs/geometry_preservation_rat0314_set0314_dim3_bins5_2026-04-29_10-24-36.npz,0.07899057016865503,0.28105261103333495,0.07899057016865507
rat0314,real_run,5.0,,/Users/Hannah/Programming/data_eyeblink/geometry_preservation_outputs/geometry_preservation_rat0314_set0314_dim3_bins5_2026-04-29_10-24-36.npz,0.23899839728843686,0.488874623281304,0.2389983972884369
rat0314,real_run,6.0,,/Users/Hannah/Programming/data_eyeblink/geometry_preservation_outputs/geometry_preservation_rat0314_set0314_dim3_bins5_2026-04-29_10-24-36.npz,0.0851890011591257,0.29187154907446133,0.08518900115912569
rat0314,real_run,7.0,,/Users/Hannah/Programming/data_eyeblink/geometry_preservation_outputs/geometry_preservation_rat0314_set0314_dim3_bins5_2026-04-29_10-24-36.npz,0.20258895180012382,0.45009882448205085,0.20258895180012404
rat0314,real_run,8.0,,/Users/Hannah/Programming/data_eyeblink/geometry_preservation_outputs/geometry_preservation_rat0314_set0314_dim3_bins5_2026-04-29_10-24-36.npz,0.04266655887889806,0.20655885088491857,0.042666558878898024
rat0314,real_run,9.0,,/Users/Hannah/Programming/data_eyeblink/geometry_preservation_outputs/geometry_preservation_rat0314_set0314_dim3_bins5_2026-04-29_10-24-36.npz,0.13613582979336428,0.368965892452628,0.13613582979336425
rat0314,real_run,10.0,,/Users/Hannah/Programming/data_eyeblink/geometry_preservation_outputs/geometry_preservation_rat0314_set0314_dim3_bins5_2026-04-29_10-24-36.npz,0.09875942038856611,0.31426011580944535,0.09875942038856601
rat0314,real_run,11.0,,/Users/Hannah/Programming/data_eyeblink/geometry_preservation_outputs/geometry_preservation_rat0314_set0314_dim3_bins5_2026-04-29_10-24-36.npz,0.13892005273825572,0.3727198045962351,0.1389200527382557
rat0314,real_run,12.0,,/Users/Hannah/Programming/data_eyeblink/geometry_preservation_outputs/geometry_preservation_rat0314_set0314_dim3_bins5_2026-04-29_10-24-36.npz,0.024367594499427506,0.15610123157562686,0.024367594499427478
rat0314,real_run,13.0,,/Users/Hannah/Programming/data_eyeblink/geometry_preservation_outputs/geometry_preservation_rat0314_set0314_dim3_bins5_2026-04-29_10-24-36.npz,0.233423754371466,0.48313947714036576,0.23342375437146595
rat0314,real_run,14.0,,/Users/Hannah/Programming/data_eyeblink/geometry_preservation_outputs/geometry_preservation_rat0314_set0314_dim3_bins5_2026-04-29_10-24-36.npz,0.05347212506498358,0.23124040534686735,0.05347212506498351
rat0314,real_run,15.0,,/Users/Hannah/Programming/data_eyeblink/geometry_preservation_outputs/geometry_preservation_rat0314_set0314_dim3_bins5_2026-04-29_10-24-36.npz,0.08996032030624156,0.2999338598862115,0.08996032030624157
rat0314,real_run,16.0,,/Users/Hannah/Programming/data_eyeblink/geometry_preservation_outputs/geometry_preservation_rat0314_set0314_dim3_bins5_2026-04-29_10-24-36.npz,0.018626002156322933,0.13647711220685677,0.01862600215632297
rat0314,real_run,17.0,,/Users/Hannah/Programming/data_eyeblink/geometry_preservation_outputs/geometry_preservation_rat0314_set0314_dim3_bins5_2026-04-29_10-24-36.npz,0.09626919661647451,0.31027277775608103,0.09626919661647446
rat0314,real_run,18.0,,/Users/Hannah/Programming/data_eyeblink/geometry_preservation_outputs/geometry_preservation_rat0314_set0314_dim3_bins5_2026-04-29_10-24-36.npz,0.13813118004381944,0.3716600328846505,0.1381311800438195
rat0314,real_run,19.0,,/Users/Hannah/Programming/data_eyeblink/geometry_preservation_outputs/geometry_preservation_rat0314_set0314_dim3_bins5_2026-04-29_10-24-36.npz,0.061269558974332713,0.2475268853565863,0.06126955897433262
rat0314,shuffle_null_mean,,0.0,/Users/Hannah/Programming/data_eyeblink/geometry_preservation_outputs/geometry_preservation_rat0314_set0314_dim3_bins5_2026-04-29_10-24-36.npz,0.6470423975508519,0.785612491048729,0.6470423975508519
rat0314,shuffle_null_mean,,1.0,/Users/Hannah/Programming/data_eyeblink/geometry_preservation_outputs/geometry_preservation_rat0314_set0314_dim3_bins5_2026-04-29_10-24-36.npz,0.5512769819773242,0.7319225561896642,0.5512769819773242
rat0314,shuffle_null_mean,,2.0,/Users/Hannah/Programming/data_eyeblink/geometry_preservation_outputs/geometry_preservation_rat0314_set0314_dim3_bins5_2026-04-29_10-24-36.npz,0.5993887810967009,0.7560942720220827,0.5993887810967009
rat0314,shuffle_null_mean,,3.0,/Users/Hannah/Programming/data_eyeblink/geometry_preservation_outputs/geometry_preservation_rat0314_set0314_dim3_bins5_2026-04-29_10-24-36.npz,0.6451055588613553,0.7894545650709123,0.6451055588613553
rat0314,shuffle_null_mean,,4.0,/Users/Hannah/Programming/data_eyeblink/geometry_preservation_outputs/geometry_preservation_rat0314_set0314_dim3_bins5_2026-04-29_10-24-36.npz,0.5976121482534544,0.7558397772175625,0.5976121482534544
rat0314,shuffle_null_mean,,5.0,/Users/Hannah/Programming/data_eyeblink/geometry_preservation_outputs/geometry_preservation_rat0314_set0314_dim3_bins5_2026-04-29_10-24-36.npz,0.6485392006697441,0.7917435469044635,0.6485392006697441
rat0314,shuffle_null_mean,,6.0,/Users/Hannah/Programming/data_eyeblink/geometry_preservation_outputs/geometry_preservation_rat0314_set0314_dim3_bins5_2026-04-29_10-24-36.npz,0.6593487984699834,0.7984510885131866,0.6593487984699834
rat0314,shuffle_null_mean,,7.0,/Users/Hannah/Programming/data_eyeblink/geometry_preservation_outputs/geometry_preservation_rat0314_set0314_dim3_bins5_2026-04-29_10-24-36.npz,0.677599171075469,0.8158352640883674,0.677599171075469
rat0314,shuffle_null_mean,,8.0,/Users/Hannah/Programming/data_eyeblink/geometry_preservation_outputs/geometry_preservation_rat0314_set0314_dim3_bins5_2026-04-29_10-24-36.npz,0.6536249268077292,0.7932665511372208,0.6536249268077292
rat0314,shuffle_null_mean,,9.0,/Users/Hannah/Programming/data_eyeblink/geometry_preservation_outputs/geometry_preservation_rat0314_set0314_dim3_bins5_2026-04-29_10-24-36.npz,0.684121876644257,0.81650450344905,0.684121876644257
rat0314,shuffle_null_mean,,10.0,/Users/Hannah/Programming/data_eyeblink/geometry_preservation_outputs/geometry_preservation_rat0314_set0314_dim3_bins5_2026-04-29_10-24-36.npz,0.6392178462800653,0.7815641651841564,0.6392178462800653
rat0314,shuffle_null_mean,,11.0,/Users/Hannah/Programming/data_eyeblink/geometry_preservation_outputs/geometry_preservation_rat0314_set0314_dim3_bins5_2026-04-29_10-24-36.npz,0.5054591915221002,0.6907541874980572,0.5054591915221002
rat0314,shuffle_null_mean,,12.0,/Users/Hannah/Programming/data_eyeblink/geometry_preservation_outputs/geometry_preservation_rat0314_set0314_dim3_bins5_2026-04-29_10-24-36.npz,0.6185372887498466,0.770075397588682,0.6185372887498466
rat0314,shuffle_null_mean,,13.0,/Users/Hannah/Programming/data_eyeblink/geometry_preservation_outputs/geometry_preservation_rat0314_set0314_dim3_bins5_2026-04-29_10-24-36.npz,0.6404805549346221,0.7854599492241351,0.6404805549346221
rat0314,shuffle_null_mean,,14.0,/Users/Hannah/Programming/data_eyeblink/geometry_preservation_outputs/geometry_preservation_rat0314_set0314_dim3_bins5_2026-04-29_10-24-36.npz,0.5965814374047798,0.7619741460059004,0.5965814374047798
rat0314,shuffle_null_mean,,15.0,/Users/Hannah/Programming/data_eyeblink/geometry_preservation_outputs/geometry_preservation_rat0314_set0314_dim3_bins5_2026-04-29_10-24-36.npz,0.6373227587415755,0.7864670015864508,0.6373227587415754
rat0314,shuffle_null_mean,,16.0,/Users/Hannah/Programming/data_eyeblink/geometry_preservation_outputs/geometry_preservation_rat0314_set0314_dim3_bins5_2026-04-29_10-24-36.npz,0.5883691133291957,0.7530009988909248,0.5883691133291958
rat0314,shuffle_null_mean,,17.0,/Users/Hannah/Programming/data_eyeblink/geometry_preservation_outputs/geometry_preservation_rat0314_set0314_dim3_bins5_2026-04-29_10-24-36.npz,0.6580805553908959,0.8036081775833136,0.6580805553908959
rat0314,shuffle_null_mean,,18.0,/Users/Hannah/Programming/data_eyeblink/geometry_preservation_outputs/geometry_preservation_rat0314_set0314_dim3_bins5_2026-04-29_10-24-36.npz,0.6718157257497033,0.8059604739197637,0.6718157257497032
rat0314,shuffle_null_mean,,19.0,/Users/Hannah/Programming/data_eyeblink/geometry_preservation_outputs/geometry_preservation_rat0314_set0314_dim3_bins5_2026-04-29_10-24-36.npz,0.5583666106271137,0.738060192914208,0.5583666106271137
rat0314,shuffle_null_mean,,20.0,/Users/Hannah/Programming/data_eyeblink/geometry_preservation_outputs/geometry_preservation_rat0314_set0314_dim3_bins5_2026-04-29_10-24-36.npz,0.6500076768765556,0.7977812709222739,0.6500076768765556
rat0314,shuffle_null_mean,,21.0,/Users/Hannah/Programming/data_eyeblink/geometry_preservation_outputs/geometry_preservation_rat0314_set0314_dim3_bins5_2026-04-29_10-24-36.npz,0.5964103615911855,0.7605566198158769,0.5964103615911857
rat0314,shuffle_null_mean,,22.0,/Users/Hannah/Programming/data_eyeblink/geometry_preservation_outputs/geometry_preservation_rat0314_set0314_dim3_bins5_2026-04-29_10-24-36.npz,0.6010579402016191,0.7608965184733965,0.6010579402016191
rat0314,shuffle_null_mean,,23.0,/Users/Hannah/Programming/data_eyeblink/geometry_preservation_outputs/geometry_preservation_rat0314_set0314_dim3_bins5_2026-04-29_10-24-36.npz,0.5845596732040705,0.7472932610794427,0.5845596732040704
rat0314,shuffle_null_mean,,24.0,/Users/Hannah/Programming/data_eyeblink/geometry_preservation_outputs/geometry_preservation_rat0314_set0314_dim3_bins5_2026-04-29_10-24-36.npz,0.6015976124441579,0.7639224199255081,0.6015976124441581
rat0314,shuffle_null_mean,,25.0,/Users/Hannah/Programming/data_eyeblink/geometry_preservation_outputs/geometry_preservation_rat0314_set0314_dim3_bins5_2026-04-29_10-24-36.npz,0.6371190573180209,0.7877786085401233,0.6371190573180209
rat0314,shuffle_null_mean,,26.0,/Users/Hannah/Programming/data_eyeblink/geometry_preservation_outputs/geometry_preservation_rat0314_set0314_dim3_bins5_2026-04-29_10-24-36.npz,0.5958380963141431,0.7522458788845326,0.5958380963141431
rat0314,shuffle_null_mean,,27.0,/Users/Hannah/Programming/data_eyeblink/geometry_preservation_outputs/geometry_preservation_rat0314_set0314_dim3_bins5_2026-04-29_10-24-36.npz,0.5867907504840865,0.7391610536409103,0.5867907504840866
rat0314,shuffle_null_mean,,28.0,/Users/Hannah/Programming/data_eyeblink/geometry_preservation_outputs/geometry_preservation_rat0314_set0314_dim3_bins5_2026-04-29_10-24-36.npz,0.6561190742676534,0.7966473525682788,0.6561190742676534
rat0314,shuffle_null_mean,,29.0,/Users/Hannah/Programming/data_eyeblink/geometry_preservation_outputs/geometry_preservation_rat0314_set0314_dim3_bins5_2026-04-29_10-24-36.npz,0.6045004861362713,0.7614383864286981,0.6045004861362713
rat0314,shuffle_null_mean,,30.0,/Users/Hannah/Programming/data_eyeblink/geometry_preservation_outputs/geometry_preservation_rat0314_set0314_dim3_bins5_2026-04-29_10-24-36.npz,0.657103172026291,0.7997103157535772,0.6571031720262906
rat0314,shuffle_null_mean,,31.0,/Users/Hannah/Programming/data_eyeblink/geometry_preservation_outputs/geometry_preservation_rat0314_set0314_dim3_bins5_2026-04-29_10-24-36.npz,0.6625835151955723,0.8048546784237074,0.6625835151955723
rat0314,shuffle_null_mean,,32.0,/Users/Hannah/Programming/data_eyeblink/geometry_preservation_outputs/geometry_preservation_rat0314_set0314_dim3_bins5_2026-04-29_10-24-36.npz,0.607558392410098,0.7611689596538009,0.607558392410098
rat0314,shuffle_null_mean,,33.0,/Users/Hannah/Programming/data_eyeblink/geometry_preservation_outputs/geometry_preservation_rat0314_set0314_dim3_bins5_2026-04-29_10-24-36.npz,0.6269533789145356,0.7752894488116955,0.6269533789145356
rat0314,shuffle_null_mean,,34.0,/Users/Hannah/Programming/data_eyeblink/geometry_preservation_outputs/geometry_preservation_rat0314_set0314_dim3_bins5_2026-04-29_10-24-36.npz,0.6787857635514,0.8149725167919974,0.6787857635514
rat0314,shuffle_null_mean,,35.0,/Users/Hannah/Programming/data_eyeblink/geometry_preservation_outputs/geometry_preservation_rat0314_set0314_dim3_bins5_2026-04-29_10-24-36.npz,0.5863036514033273,0.7524301631362224,0.5863036514033271
rat0314,shuffle_null_mean,,36.0,/Users/Hannah/Programming/data_eyeblink/geometry_preservation_outputs/geometry_preservation_rat0314_set0314_dim3_bins5_2026-04-29_10-24-36.npz,0.6617044660630167,0.8054500313086322,0.6617044660630167
rat0314,shuffle_null_mean,,37.0,/Users/Hannah/Programming/data_eyeblink/geometry_preservation_outputs/geometry_preservation_rat0314_set0314_dim3_bins5_2026-04-29_10-24-36.npz,0.5820594013987223,0.7527274486592177,0.5820594013987221
rat0314,shuffle_null_mean,,38.0,/Users/Hannah/Programming/data_eyeblink/geometry_preservation_outputs/geometry_preservation_rat0314_set0314_dim3_bins5_2026-04-29_10-24-36.npz,0.5661719815444445,0.7346837987550804,0.5661719815444444
rat0314,shuffle_null_mean,,39.0,/Users/Hannah/Programming/data_eyeblink/geometry_preservation_outputs/geometry_preservation_rat0314_set0314_dim3_bins5_2026-04-29_10-24-36.npz,0.6560944310953427,0.8012310274940342,0.6560944310953427
rat0314,shuffle_null_mean,,40.0,/Users/Hannah/Programming/data_eyeblink/geometry_preservation_outputs/geometry_preservation_rat0314_set0314_dim3_bins5_2026-04-29_10-24-36.npz,0.5835883796869274,0.7408352405664623,0.5835883796869274
rat0314,shuffle_null_mean,,41.0,/Users/Hannah/Programming/data_eyeblink/geometry_preservation_outputs/geometry_preservation_rat0314_set0314_dim3_bins5_2026-04-29_10-24-36.npz,0.6302125769103374,0.776048649018122,0.6302125769103373
rat0314,shuffle_null_mean,,42.0,/Users/Hannah/Programming/data_eyeblink/geometry_preservation_outputs/geometry_preservation_rat0314_set0314_dim3_bins5_2026-04-29_10-24-36.npz,0.6221172706421141,0.7782699909980814,0.6221172706421141
rat0314,shuffle_null_mean,,43.0,/Users/Hannah/Programming/data_eyeblink/geometry_preservation_outputs/geometry_preservation_rat0314_set0314_dim3_bins5_2026-04-29_10-24-36.npz,0.6114696978589365,0.7645611235199687,0.6114696978589365
rat0314,shuffle_null_mean,,44.0,/Users/Hannah/Programming/data_eyeblink/geometry_preservation_outputs/geometry_preservation_rat0314_set0314_dim3_bins5_2026-04-29_10-24-36.npz,0.5197018807770433,0.7051723682619847,0.5197018807770434
rat0314,shuffle_null_mean,,45.0,/Users/Hannah/Programming/data_eyeblink/geometry_preservation_outputs/geometry_preservation_rat0314_set0314_dim3_bins5_2026-04-29_10-24-36.npz,0.6007508681244184,0.768098251847451,0.6007508681244182
rat0314,shuffle_null_mean,,46.0,/Users/Hannah/Programming/data_eyeblink/geometry_preservation_outputs/geometry_preservation_rat0314_set0314_dim3_bins5_2026-04-29_10-24-36.npz,0.5409773460362581,0.7182367985183863,0.5409773460362581
rat0314,shuffle_null_mean,,47.0,/Users/Hannah/Programming/data_eyeblink/geometry_preservation_outputs/geometry_preservation_rat0314_set0314_dim3_bins5_2026-04-29_10-24-36.npz,0.5620266946178228,0.7343476400157617,0.562026694617823
rat0314,shuffle_null_mean,,48.0,/Users/Hannah/Programming/data_eyeblink/geometry_preservation_outputs/geometry_preservation_rat0314_set0314_dim3_bins5_2026-04-29_10-24-36.npz,0.605707219522695,0.755726862496472,0.605707219522695
rat0314,shuffle_null_mean,,49.0,/Users/Hannah/Programming/data_eyeblink/geometry_preservation_outputs/geometry_preservation_rat0314_set0314_dim3_bins5_2026-04-29_10-24-36.npz,0.5442509070197896,0.7145039705284189,0.5442509070197895
rat0314,shuffle_null_mean,,50.0,/Users/Hannah/Programming/data_eyeblink/geometry_preservation_outputs/geometry_preservation_rat0314_set0314_dim3_bins5_2026-04-29_10-24-36.npz,0.6511128318529201,0.7931478616858751,0.6511128318529201
rat0314,shuffle_null_mean,,51.0,/Users/Hannah/Programming/data_eyeblink/geometry_preservation_outputs/geometry_preservation_rat0314_set0314_dim3_bins5_2026-04-29_10-24-36.npz,0.518272520436966,0.695217556773259,0.518272520436966
rat0314,shuffle_null_mean,,52.0,/Users/Hannah/Programming/data_eyeblink/geometry_preservation_outputs/geometry_preservation_rat0314_set0314_dim3_bins5_2026-04-29_10-24-36.npz,0.6069765055628219,0.7652025849427267,0.6069765055628218
rat0314,shuffle_null_mean,,53.0,/Users/Hannah/Programming/data_eyeblink/geometry_preservation_outputs/geometry_preservation_rat0314_set0314_dim3_bins5_2026-04-29_10-24-36.npz,0.6736381681857229,0.8040698620248398,0.6736381681857229
rat0314,shuffle_null_mean,,54.0,/Users/Hannah/Programming/data_eyeblink/geometry_preservation_outputs/geometry_preservation_rat0314_set0314_dim3_bins5_2026-04-29_10-24-36.npz,0.5398037002085948,0.7201977144159442,0.5398037002085947
rat0314,shuffle_null_mean,,55.0,/Users/Hannah/Programming/data_eyeblink/geometry_preservation_outputs/geometry_preservation_rat0314_set0314_dim3_bins5_2026-04-29_10-24-36.npz,0.6312042055863536,0.7803867401622899,0.6312042055863537
rat0314,shuffle_null_mean,,56.0,/Users/Hannah/Programming/data_eyeblink/geometry_preservation_outputs/geometry_preservation_rat0314_set0314_dim3_bins5_2026-04-29_10-24-36.npz,0.6340998570873412,0.7776917186421913,0.6340998570873412
rat0314,shuffle_null_mean,,57.0,/Users/Hannah/Programming/data_eyeblink/geometry_preservation_outputs/geometry_preservation_rat0314_set0314_dim3_bins5_2026-04-29_10-24-36.npz,0.632669330637863,0.788300131464886,0.632669330637863
rat0314,shuffle_null_mean,,58.0,/Users/Hannah/Programming/data_eyeblink/geometry_preservation_outputs/geometry_preservation_rat0314_set0314_dim3_bins5_2026-04-29_10-24-36.npz,0.5186540275118942,0.6945236053436303,0.5186540275118942
rat0314,shuffle_null_mean,,59.0,/Users/Hannah/Programming/data_eyeblink/geometry_preservation_outputs/geometry_preservation_rat0314_set0314_dim3_bins5_2026-04-29_10-24-36.npz,0.6649214954534538,0.8066552448149007,0.6649214954534539
rat0314,shuffle_null_mean,,60.0,/Users/Hannah/Programming/data_eyeblink/geometry_preservation_outputs/geometry_preservation_rat0314_set0314_dim3_bins5_2026-04-29_10-24-36.npz,0.5319715217491501,0.7071590589574505,0.53197152174915
rat0314,shuffle_null_mean,,61.0,/Users/Hannah/Programming/data_eyeblink/geometry_preservation_outputs/geometry_preservation_rat0314_set0314_dim3_bins5_2026-04-29_10-24-36.npz,0.5313427535940992,0.7095703317323391,0.5313427535940993
rat0314,shuffle_null_mean,,62.0,/Users/Hannah/Programming/data_eyeblink/geometry_preservation_outputs/geometry_preservation_rat0314_set0314_dim3_bins5_2026-04-29_10-24-36.npz,0.6509046793834983,0.7982487849899511,0.6509046793834985
rat0314,shuffle_null_mean,,63.0,/Users/Hannah/Programming/data_eyeblink/geometry_preservation_outputs/geometry_preservation_rat0314_set0314_dim3_bins5_2026-04-29_10-24-36.npz,0.6055986618123899,0.7538911976227177,0.60559866181239
rat0314,shuffle_null_mean,,64.0,/Users/Hannah/Programming/data_eyeblink/geometry_preservation_outputs/geometry_preservation_rat0314_set0314_dim3_bins5_2026-04-29_10-24-36.npz,0.6070548502485212,0.7610807251666754,0.607054850248521
rat0314,shuffle_null_mean,,65.0,/Users/Hannah/Programming/data_eyeblink/geometry_preservation_outputs/geometry_preservation_rat0314_set0314_dim3_bins5_2026-04-29_10-24-36.npz,0.6313524942077634,0.7825992425506595,0.6313524942077634
rat0314,shuffle_null_mean,,66.0,/Users/Hannah/Programming/data_eyeblink/geometry_preservation_outputs/geometry_preservation_rat0314_set0314_dim3_bins5_2026-04-29_10-24-36.npz,0.5692397350634611,0.7412466792312792,0.5692397350634611
rat0314,shuffle_null_mean,,67.0,/Users/Hannah/Programming/data_eyeblink/geometry_preservation_outputs/geometry_preservation_rat0314_set0314_dim3_bins5_2026-04-29_10-24-36.npz,0.5374771563072401,0.7111685036590341,0.5374771563072401
rat0314,shuffle_null_mean,,68.0,/Users/Hannah/Programming/data_eyeblink/geometry_preservation_outputs/geometry_preservation_rat0314_set0314_dim3_bins5_2026-04-29_10-24-36.npz,0.5922615682067188,0.7493270391852773,0.5922615682067189
rat0314,shuffle_null_mean,,69.0,/Users/Hannah/Programming/data_eyeblink/geometry_preservation_outputs/geometry_preservation_rat0314_set0314_dim3_bins5_2026-04-29_10-24-36.npz,0.6531627323338008,0.7972007446420527,0.6531627323338008
rat0314,shuffle_null_mean,,70.0,/Users/Hannah/Programming/data_eyeblink/geometry_preservation_outputs/geometry_preservation_rat0314_set0314_dim3_bins5_2026-04-29_10-24-36.npz,0.6228512316001265,0.7785833035309022,0.6228512316001263
rat0314,shuffle_null_mean,,71.0,/Users/Hannah/Programming/data_eyeblink/geometry_preservation_outputs/geometry_preservation_rat0314_set0314_dim3_bins5_2026-04-29_10-24-36.npz,0.6155285519659947,0.768039622645805,0.6155285519659947
rat0314,shuffle_null_mean,,72.0,/Users/Hannah/Programming/data_eyeblink/geometry_preservation_outputs/geometry_preservation_rat0314_set0314_dim3_bins5_2026-04-29_10-24-36.npz,0.642953015151506,0.7870326062796963,0.6429530151515059
rat0314,shuffle_null_mean,,73.0,/Users/Hannah/Programming/data_eyeblink/geometry_preservation_outputs/geometry_preservation_rat0314_set0314_dim3_bins5_2026-04-29_10-24-36.npz,0.5773070606353337,0.7448368006881169,0.5773070606353337
rat0314,shuffle_null_mean,,74.0,/Users/Hannah/Programming/data_eyeblink/geometry_preservation_outputs/geometry_preservation_rat0314_set0314_dim3_bins5_2026-04-29_10-24-36.npz,0.6843573736144,0.8212109173856394,0.6843573736143999
rat0314,shuffle_null_mean,,75.0,/Users/Hannah/Programming/data_eyeblink/geometry_preservation_outputs/geometry_preservation_rat0314_set0314_dim3_bins5_2026-04-29_10-24-36.npz,0.6147563822633285,0.7749494354156012,0.6147563822633285
rat0314,shuffle_null_mean,,76.0,/Users/Hannah/Programming/data_eyeblink/geometry_preservation_outputs/geometry_preservation_rat0314_set0314_dim3_bins5_2026-04-29_10-24-36.npz,0.6470510792705974,0.7965912169827367,0.6470510792705975
rat0314,shuffle_null_mean,,77.0,/Users/Hannah/Programming/data_eyeblink/geometry_preservation_outputs/geometry_preservation_rat0314_set0314_dim3_bins5_2026-04-29_10-24-36.npz,0.5167146070718293,0.683067242311719,0.5167146070718293
rat0314,shuffle_null_mean,,78.0,/Users/Hannah/Programming/data_eyeblink/geometry_preservation_outputs/geometry_preservation_rat0314_set0314_dim3_bins5_2026-04-29_10-24-36.npz,0.5333697543914534,0.7106502126613401,0.5333697543914533
rat0314,shuffle_null_mean,,79.0,/Users/Hannah/Programming/data_eyeblink/geometry_preservation_outputs/geometry_preservation_rat0314_set0314_dim3_bins5_2026-04-29_10-24-36.npz,0.66794705109155,0.8102646579688424,0.66794705109155
rat0314,shuffle_null_mean,,80.0,/Users/Hannah/Programming/data_eyeblink/geometry_preservation_outputs/geometry_preservation_rat0314_set0314_dim3_bins5_2026-04-29_10-24-36.npz,0.5538416602795834,0.7229095582604035,0.5538416602795833
rat0314,shuffle_null_mean,,81.0,/Users/Hannah/Programming/data_eyeblink/geometry_preservation_outputs/geometry_preservation_rat0314_set0314_dim3_bins5_2026-04-29_10-24-36.npz,0.5603942585423558,0.7265158062133871,0.5603942585423558
rat0314,shuffle_null_mean,,82.0,/Users/Hannah/Programming/data_eyeblink/geometry_preservation_outputs/geometry_preservation_rat0314_set0314_dim3_bins5_2026-04-29_10-24-36.npz,0.6631079525973469,0.8022048109519769,0.6631079525973469
rat0314,shuffle_null_mean,,83.0,/Users/Hannah/Programming/data_eyeblink/geometry_preservation_outputs/geometry_preservation_rat0314_set0314_dim3_bins5_2026-04-29_10-24-36.npz,0.6642509375286789,0.8053944723676632,0.6642509375286789
rat0314,shuffle_null_mean,,84.0,/Users/Hannah/Programming/data_eyeblink/geometry_preservation_outputs/geometry_preservation_rat0314_set0314_dim3_bins5_2026-04-29_10-24-36.npz,0.5792476591527476,0.7372943287074615,0.5792476591527476
rat0314,shuffle_null_mean,,85.0,/Users/Hannah/Programming/data_eyeblink/geometry_preservation_outputs/geometry_preservation_rat0314_set0314_dim3_bins5_2026-04-29_10-24-36.npz,0.6052287724286857,0.7632239572725686,0.6052287724286857
rat0314,shuffle_null_mean,,86.0,/Users/Hannah/Programming/data_eyeblink/geometry_preservation_outputs/geometry_preservation_rat0314_set0314_dim3_bins5_2026-04-29_10-24-36.npz,0.6116816208625966,0.7718894518588156,0.6116816208625966
rat0314,shuffle_null_mean,,87.0,/Users/Hannah/Programming/data_eyeblink/geometry_preservation_outputs/geometry_preservation_rat0314_set0314_dim3_bins5_2026-04-29_10-24-36.npz,0.5415344504870936,0.7103014004570062,0.5415344504870936
rat0314,shuffle_null_mean,,88.0,/Users/Hannah/Programming/data_eyeblink/geometry_preservation_outputs/geometry_preservation_rat0314_set0314_dim3_bins5_2026-04-29_10-24-36.npz,0.6335834058486921,0.7903468866772465,0.6335834058486922
rat0314,shuffle_null_mean,,89.0,/Users/Hannah/Programming/data_eyeblink/geometry_preservation_outputs/geometry_preservation_rat0314_set0314_dim3_bins5_2026-04-29_10-24-36.npz,0.5688001462521304,0.7354888779407462,0.5688001462521305
rat0314,shuffle_null_mean,,90.0,/Users/Hannah/Programming/data_eyeblink/geometry_preservation_outputs/geometry_preservation_rat0314_set0314_dim3_bins5_2026-04-29_10-24-36.npz,0.628175024987639,0.784073921739945,0.628175024987639
rat0314,shuffle_null_mean,,91.0,/Users/Hannah/Programming/data_eyeblink/geometry_preservation_outputs/geometry_preservation_rat0314_set0314_dim3_bins5_2026-04-29_10-24-36.npz,0.5608606394363348,0.7350735725898232,0.5608606394363347
rat0314,shuffle_null_mean,,92.0,/Users/Hannah/Programming/data_eyeblink/geometry_preservation_outputs/geometry_preservation_rat0314_set0314_dim3_bins5_2026-04-29_10-24-36.npz,0.6512748756086155,0.8020411881356347,0.6512748756086155
rat0314,shuffle_null_mean,,93.0,/Users/Hannah/Programming/data_eyeblink/geometry_preservation_outputs/geometry_preservation_rat0314_set0314_dim3_bins5_2026-04-29_10-24-36.npz,0.5710725797943678,0.7407003320790382,0.5710725797943678
rat0314,shuffle_null_mean,,94.0,/Users/Hannah/Programming/data_eyeblink/geometry_preservation_outputs/geometry_preservation_rat0314_set0314_dim3_bins5_2026-04-29_10-24-36.npz,0.5940145435919431,0.7568349575766128,0.594014543591943
rat0314,shuffle_null_mean,,95.0,/Users/Hannah/Programming/data_eyeblink/geometry_preservation_outputs/geometry_preservation_rat0314_set0314_dim3_bins5_2026-04-29_10-24-36.npz,0.7086594556181077,0.8378249959179401,0.7086594556181077
rat0314,shuffle_null_mean,,96.0,/Users/Hannah/Programming/data_eyeblink/geometry_preservation_outputs/geometry_preservation_rat0314_set0314_dim3_bins5_2026-04-29_10-24-36.npz,0.6185793836939839,0.7656753048346656,0.6185793836939839
rat0314,shuffle_null_mean,,97.0,/Users/Hannah/Programming/data_eyeblink/geometry_preservation_outputs/geometry_preservation_rat0314_set0314_dim3_bins5_2026-04-29_10-24-36.npz,0.6317783370929907,0.7826191294580536,0.6317783370929908
rat0314,shuffle_null_mean,,98.0,/Users/Hannah/Programming/data_eyeblink/geometry_preservation_outputs/geometry_preservation_rat0314_set0314_dim3_bins5_2026-04-29_10-24-36.npz,0.5993055266854992,0.7557118200273044,0.5993055266854991
rat0314,shuffle_null_mean,,99.0,/Users/Hannah/Programming/data_eyeblink/geometry_preservation_outputs/geometry_preservation_rat0314_set0314_dim3_bins5_2026-04-29_10-24-36.npz,0.5708798546484068,0.7393449334572728,0.5708798546484068
rat0314,shuffle_null_mean,,100.0,/Users/Hannah/Programming/data_eyeblink/geometry_preservation_outputs/geometry_preservation_rat0314_set0314_dim3_bins5_2026-04-29_10-24-36.npz,0.6147156178699944,0.7572713786364016,0.6147156178699944
rat0314,shuffle_null_mean,,101.0,/Users/Hannah/Programming/data_eyeblink/geometry_preservation_outputs/geometry_preservation_rat0314_set0314_dim3_bins5_2026-04-29_10-24-36.npz,0.6369511405214435,0.7787174272135131,0.6369511405214435
rat0314,shuffle_null_mean,,102.0,/Users/Hannah/Programming/data_eyeblink/geometry_preservation_outputs/geometry_preservation_rat0314_set0314_dim3_bins5_2026-04-29_10-24-36.npz,0.5913466368357038,0.757216443778657,0.5913466368357038
rat0314,shuffle_null_mean,,103.0,/Users/Hannah/Programming/data_eyeblink/geometry_preservation_outputs/geometry_preservation_rat0314_set0314_dim3_bins5_2026-04-29_10-24-36.npz,0.6196590522837975,0.7687530801297731,0.6196590522837975
rat0314,shuffle_null_mean,,104.0,/Users/Hannah/Programming/data_eyeblink/geometry_preservation_outputs/geometry_preservation_rat0314_set0314_dim3_bins5_2026-04-29_10-24-36.npz,0.6792551678539814,0.812040629428974,0.6792551678539814
rat0314,shuffle_null_mean,,105.0,/Users/Hannah/Programming/data_eyeblink/geometry_preservation_outputs/geometry_preservation_rat0314_set0314_dim3_bins5_2026-04-29_10-24-36.npz,0.5521747650092539,0.7278059172697235,0.5521747650092539
rat0314,shuffle_null_mean,,106.0,/Users/Hannah/Programming/data_eyeblink/geometry_preservation_outputs/geometry_preservation_rat0314_set0314_dim3_bins5_2026-04-29_10-24-36.npz,0.5881786334416177,0.7525445339448078,0.5881786334416177
rat0314,shuffle_null_mean,,107.0,/Users/Hannah/Programming/data_eyeblink/geometry_preservation_outputs/geometry_preservation_rat0314_set0314_dim3_bins5_2026-04-29_10-24-36.npz,0.6222653603276842,0.7672857818598398,0.6222653603276842
rat0314,shuffle_null_mean,,108.0,/Users/Hannah/Programming/data_eyeblink/geometry_preservation_outputs/geometry_preservation_rat0314_set0314_dim3_bins5_2026-04-29_10-24-36.npz,0.5944215992512867,0.7465572950305662,0.5944215992512865
rat0314,shuffle_null_mean,,109.0,/Users/Hannah/Programming/data_eyeblink/geometry_preservation_outputs/geometry_preservation_rat0314_set0314_dim3_bins5_2026-04-29_10-24-36.npz,0.6122251604818991,0.7536128142963631,0.6122251604818991
rat0314,shuffle_null_mean,,110.0,/Users/Hannah/Programming/data_eyeblink/geometry_preservation_outputs/geometry_preservation_rat0314_set0314_dim3_bins5_2026-04-29_10-24-36.npz,0.5007568366433608,0.6828262541654261,0.5007568366433607
rat0314,shuffle_null_mean,,111.0,/Users/Hannah/Programming/data_eyeblink/geometry_preservation_outputs/geometry_preservation_rat0314_set0314_dim3_bins5_2026-04-29_10-24-36.npz,0.569827800379699,0.7350420779914955,0.5698278003796988
rat0314,shuffle_null_mean,,112.0,/Users/Hannah/Programming/data_eyeblink/geometry_preservation_outputs/geometry_preservation_rat0314_set0314_dim3_bins5_2026-04-29_10-24-36.npz,0.6469373531399374,0.7984681460945489,0.6469373531399374
rat0314,shuffle_null_mean,,113.0,/Users/Hannah/Programming/data_eyeblink/geometry_preservation_outputs/geometry_preservation_rat0314_set0314_dim3_bins5_2026-04-29_10-24-36.npz,0.5944467991135555,0.7612098310496614,0.5944467991135555
rat0314,shuffle_null_mean,,114.0,/Users/Hannah/Programming/data_eyeblink/geometry_preservation_outputs/geometry_preservation_rat0314_set0314_dim3_bins5_2026-04-29_10-24-36.npz,0.7087079934305966,0.8342478532311812,0.7087079934305968
rat0314,shuffle_null_mean,,115.0,/Users/Hannah/Programming/data_eyeblink/geometry_preservation_outputs/geometry_preservation_rat0314_set0314_dim3_bins5_2026-04-29_10-24-36.npz,0.6030777038218471,0.7631867276002808,0.6030777038218469
rat0314,shuffle_null_mean,,116.0,/Users/Hannah/Programming/data_eyeblink/geometry_preservation_outputs/geometry_preservation_rat0314_set0314_dim3_bins5_2026-04-29_10-24-36.npz,0.5368320438875305,0.7047127483681115,0.5368320438875304
rat0314,shuffle_null_mean,,117.0,/Users/Hannah/Programming/data_eyeblink/geometry_preservation_outputs/geometry_preservation_rat0314_set0314_dim3_bins5_2026-04-29_10-24-36.npz,0.559218001761446,0.7296030023155015,0.559218001761446
rat0314,shuffle_null_mean,,118.0,/Users/Hannah/Programming/data_eyeblink/geometry_preservation_outputs/geometry_preservation_rat0314_set0314_dim3_bins5_2026-04-29_10-24-36.npz,0.6236679019505477,0.7806842049245727,0.6236679019505477
rat0314,shuffle_null_mean,,119.0,/Users/Hannah/Programming/data_eyeblink/geometry_preservation_outputs/geometry_preservation_rat0314_set0314_dim3_bins5_2026-04-29_10-24-36.npz,0.6442358546579922,0.7917310351408016,0.6442358546579922
rat0314,shuffle_null_mean,,120.0,/Users/Hannah/Programming/data_eyeblink/geometry_preservation_outputs/geometry_preservation_rat0314_set0314_dim3_bins5_2026-04-29_10-24-36.npz,0.6008227653295364,0.763208587664558,0.6008227653295363
rat0314,shuffle_null_mean,,121.0,/Users/Hannah/Programming/data_eyeblink/geometry_preservation_outputs/geometry_preservation_rat0314_set0314_dim3_bins5_2026-04-29_10-24-36.npz,0.6345038109285865,0.784866102638573,0.6345038109285864
rat0314,shuffle_null_mean,,122.0,/Users/Hannah/Programming/data_eyeblink/geometry_preservation_outputs/geometry_preservation_rat0314_set0314_dim3_bins5_2026-04-29_10-24-36.npz,0.6725074410025336,0.8067339858254077,0.6725074410025336
rat0314,shuffle_null_mean,,123.0,/Users/Hannah/Programming/data_eyeblink/geometry_preservation_outputs/geometry_preservation_rat0314_set0314_dim3_bins5_2026-04-29_10-24-36.npz,0.5274828671236935,0.7130337962684026,0.5274828671236937
rat0314,shuffle_null_mean,,124.0,/Users/Hannah/Programming/data_eyeblink/geometry_preservation_outputs/geometry_preservation_rat0314_set0314_dim3_bins5_2026-04-29_10-24-36.npz,0.5786442815197922,0.7436690982330382,0.5786442815197921
rat0314,shuffle_null_mean,,125.0,/Users/Hannah/Programming/data_eyeblink/geometry_preservation_outputs/geometry_preservation_rat0314_set0314_dim3_bins5_2026-04-29_10-24-36.npz,0.6070945513895147,0.7617002743049883,0.6070945513895146
rat0314,shuffle_null_mean,,126.0,/Users/Hannah/Programming/data_eyeblink/geometry_preservation_outputs/geometry_preservation_rat0314_set0314_dim3_bins5_2026-04-29_10-24-36.npz,0.6060964557117086,0.7655280193425766,0.6060964557117086
rat0314,shuffle_null_mean,,127.0,/Users/Hannah/Programming/data_eyeblink/geometry_preservation_outputs/geometry_preservation_rat0314_set0314_dim3_bins5_2026-04-29_10-24-36.npz,0.5866142860478828,0.7440230586435772,0.5866142860478829
rat0314,shuffle_null_mean,,128.0,/Users/Hannah/Programming/data_eyeblink/geometry_preservation_outputs/geometry_preservation_rat0314_set0314_dim3_bins5_2026-04-29_10-24-36.npz,0.6436265842552906,0.7938133631023182,0.6436265842552906
rat0314,shuffle_null_mean,,129.0,/Users/Hannah/Programming/data_eyeblink/geometry_preservation_outputs/geometry_preservation_rat0314_set0314_dim3_bins5_2026-04-29_10-24-36.npz,0.6140875098168894,0.7705248969521677,0.6140875098168894
rat0314,shuffle_null_mean,,130.0,/Users/Hannah/Programming/data_eyeblink/geometry_preservation_outputs/geometry_preservation_rat0314_set0314_dim3_bins5_2026-04-29_10-24-36.npz,0.5658664129178371,0.7328899621501256,0.565866412917837
rat0314,shuffle_null_mean,,131.0,/Users/Hannah/Programming/data_eyeblink/geometry_preservation_outputs/geometry_preservation_rat0314_set0314_dim3_bins5_2026-04-29_10-24-36.npz,0.7040205194669904,0.8308947767217274,0.7040205194669903
rat0314,shuffle_null_mean,,132.0,/Users/Hannah/Programming/data_eyeblink/geometry_preservation_outputs/geometry_preservation_rat0314_set0314_dim3_bins5_2026-04-29_10-24-36.npz,0.6420138517123514,0.7926582088598224,0.6420138517123514
rat0314,shuffle_null_mean,,133.0,/Users/Hannah/Programming/data_eyeblink/geometry_preservation_outputs/geometry_preservation_rat0314_set0314_dim3_bins5_2026-04-29_10-24-36.npz,0.6368059630724303,0.7918906411581151,0.6368059630724303
rat0314,shuffle_null_mean,,134.0,/Users/Hannah/Programming/data_eyeblink/geometry_preservation_outputs/geometry_preservation_rat0314_set0314_dim3_bins5_2026-04-29_10-24-36.npz,0.5988482506821801,0.7537165339026022,0.59884825068218
rat0314,shuffle_null_mean,,135.0,/Users/Hannah/Programming/data_eyeblink/geometry_preservation_outputs/geometry_preservation_rat0314_set0314_dim3_bins5_2026-04-29_10-24-36.npz,0.5992552086754592,0.757205773393355,0.5992552086754592
rat0314,shuffle_null_mean,,136.0,/Users/Hannah/Programming/data_eyeblink/geometry_preservation_outputs/geometry_preservation_rat0314_set0314_dim3_bins5_2026-04-29_10-24-36.npz,0.6303256792290342,0.777145784798312,0.6303256792290343
rat0314,shuffle_null_mean,,137.0,/Users/Hannah/Programming/data_eyeblink/geometry_preservation_outputs/geometry_preservation_rat0314_set0314_dim3_bins5_2026-04-29_10-24-36.npz,0.5696939220954327,0.7396256951083731,0.5696939220954326
rat0314,shuffle_null_mean,,138.0,/Users/Hannah/Programming/data_eyeblink/geometry_preservation_outputs/geometry_preservation_rat0314_set0314_dim3_bins5_2026-04-29_10-24-36.npz,0.6179134774443533,0.7720642903882273,0.6179134774443533
rat0314,shuffle_null_mean,,139.0,/Users/Hannah/Programming/data_eyeblink/geometry_preservation_outputs/geometry_preservation_rat0314_set0314_dim3_bins5_2026-04-29_10-24-36.npz,0.5815301675969538,0.7386879022567114,0.5815301675969538
rat0314,shuffle_null_mean,,140.0,/Users/Hannah/Programming/data_eyeblink/geometry_preservation_outputs/geometry_preservation_rat0314_set0314_dim3_bins5_2026-04-29_10-24-36.npz,0.5526217312459668,0.7245960631898604,0.5526217312459668
rat0314,shuffle_null_mean,,141.0,/Users/Hannah/Programming/data_eyeblink/geometry_preservation_outputs/geometry_preservation_rat0314_set0314_dim3_bins5_2026-04-29_10-24-36.npz,0.6548204383354808,0.7954218781018282,0.6548204383354809
rat0314,shuffle_null_mean,,142.0,/Users/Hannah/Programming/data_eyeblink/geometry_preservation_outputs/geometry_preservation_rat0314_set0314_dim3_bins5_2026-04-29_10-24-36.npz,0.671081268099656,0.8111594546110533,0.671081268099656
rat0314,shuffle_null_mean,,143.0,/Users/Hannah/Programming/data_eyeblink/geometry_preservation_outputs/geometry_preservation_rat0314_set0314_dim3_bins5_2026-04-29_10-24-36.npz,0.5730177790747938,0.7358693594641339,0.5730177790747938
rat0314,shuffle_null_mean,,144.0,/Users/Hannah/Programming/data_eyeblink/geometry_preservation_outputs/geometry_preservation_rat0314_set0314_dim3_bins5_2026-04-29_10-24-36.npz,0.5926450828077263,0.7581361759489706,0.5926450828077263
rat0314,shuffle_null_mean,,145.0,/Users/Hannah/Programming/data_eyeblink/geometry_preservation_outputs/geometry_preservation_rat0314_set0314_dim3_bins5_2026-04-29_10-24-36.npz,0.5799480280672666,0.7462016733931793,0.5799480280672666
rat0314,shuffle_null_mean,,146.0,/Users/Hannah/Programming/data_eyeblink/geometry_preservation_outputs/geometry_preservation_rat0314_set0314_dim3_bins5_2026-04-29_10-24-36.npz,0.5888973898084229,0.755345774039614,0.5888973898084229
rat0314,shuffle_null_mean,,147.0,/Users/Hannah/Programming/data_eyeblink/geometry_preservation_outputs/geometry_preservation_rat0314_set0314_dim3_bins5_2026-04-29_10-24-36.npz,0.637452601499608,0.7889554048636558,0.6374526014996079
rat0314,shuffle_null_mean,,148.0,/Users/Hannah/Programming/data_eyeblink/geometry_preservation_outputs/geometry_preservation_rat0314_set0314_dim3_bins5_2026-04-29_10-24-36.npz,0.6868846191639827,0.8241635271806024,0.6868846191639827
rat0314,shuffle_null_mean,,149.0,/Users/Hannah/Programming/data_eyeblink/geometry_preservation_outputs/geometry_preservation_rat0314_set0314_dim3_bins5_2026-04-29_10-24-36.npz,0.564141858830087,0.7308806731087624,0.564141858830087
rat0314,shuffle_null_mean,,150.0,/Users/Hannah/Programming/data_eyeblink/geometry_preservation_outputs/geometry_preservation_rat0314_set0314_dim3_bins5_2026-04-29_10-24-36.npz,0.6273465968376539,0.778538696456099,0.6273465968376539
rat0314,shuffle_null_mean,,151.0,/Users/Hannah/Programming/data_eyeblink/geometry_preservation_outputs/geometry_preservation_rat0314_set0314_dim3_bins5_2026-04-29_10-24-36.npz,0.5541017605565999,0.7270811368617791,0.5541017605566
rat0314,shuffle_null_mean,,152.0,/Users/Hannah/Programming/data_eyeblink/geometry_preservation_outputs/geometry_preservation_rat0314_set0314_dim3_bins5_2026-04-29_10-24-36.npz,0.5473110575813385,0.7117132030531808,0.5473110575813384
rat0314,shuffle_null_mean,,153.0,/Users/Hannah/Programming/data_eyeblink/geometry_preservation_outputs/geometry_preservation_rat0314_set0314_dim3_bins5_2026-04-29_10-24-36.npz,0.6315543832423134,0.7756614956184268,0.6315543832423135
rat0314,shuffle_null_mean,,154.0,/Users/Hannah/Programming/data_eyeblink/geometry_preservation_outputs/geometry_preservation_rat0314_set0314_dim3_bins5_2026-04-29_10-24-36.npz,0.5890490725838113,0.7491180016000734,0.5890490725838113
rat0314,shuffle_null_mean,,155.0,/Users/Hannah/Programming/data_eyeblink/geometry_preservation_outputs/geometry_preservation_rat0314_set0314_dim3_bins5_2026-04-29_10-24-36.npz,0.6337312702929145,0.7834660466306616,0.6337312702929143
rat0314,shuffle_null_mean,,156.0,/Users/Hannah/Programming/data_eyeblink/geometry_preservation_outputs/geometry_preservation_rat0314_set0314_dim3_bins5_2026-04-29_10-24-36.npz,0.6252498904020173,0.7807009282536935,0.6252498904020172
rat0314,shuffle_null_mean,,157.0,/Users/Hannah/Programming/data_eyeblink/geometry_preservation_outputs/geometry_preservation_rat0314_set0314_dim3_bins5_2026-04-29_10-24-36.npz,0.5853739803559828,0.7471138427735105,0.5853739803559828
rat0314,shuffle_null_mean,,158.0,/Users/Hannah/Programming/data_eyeblink/geometry_preservation_outputs/geometry_preservation_rat0314_set0314_dim3_bins5_2026-04-29_10-24-36.npz,0.6063069119130977,0.768614083976674,0.6063069119130977
rat0314,shuffle_null_mean,,159.0,/Users/Hannah/Programming/data_eyeblink/geometry_preservation_outputs/geometry_preservation_rat0314_set0314_dim3_bins5_2026-04-29_10-24-36.npz,0.6514131307045369,0.7963847318217344,0.6514131307045368
rat0314,shuffle_null_mean,,160.0,/Users/Hannah/Programming/data_eyeblink/geometry_preservation_outputs/geometry_preservation_rat0314_set0314_dim3_bins5_2026-04-29_10-24-36.npz,0.6606189483661842,0.7997503052694928,0.660618948366184
rat0314,shuffle_null_mean,,161.0,/Users/Hannah/Programming/data_eyeblink/geometry_preservation_outputs/geometry_preservation_rat0314_set0314_dim3_bins5_2026-04-29_10-24-36.npz,0.5951332805848261,0.7511036993481328,0.5951332805848262
rat0314,shuffle_null_mean,,162.0,/Users/Hannah/Programming/data_eyeblink/geometry_preservation_outputs/geometry_preservation_rat0314_set0314_dim3_bins5_2026-04-29_10-24-36.npz,0.6452017289538051,0.7963684267656961,0.6452017289538051
rat0314,shuffle_null_mean,,163.0,/Users/Hannah/Programming/data_eyeblink/geometry_preservation_outputs/geometry_preservation_rat0314_set0314_dim3_bins5_2026-04-29_10-24-36.npz,0.5558391089484532,0.7215489698297269,0.5558391089484532
rat0314,shuffle_null_mean,,164.0,/Users/Hannah/Programming/data_eyeblink/geometry_preservation_outputs/geometry_preservation_rat0314_set0314_dim3_bins5_2026-04-29_10-24-36.npz,0.6582007167610974,0.8077252002702601,0.6582007167610974
rat0314,shuffle_null_mean,,165.0,/Users/Hannah/Programming/data_eyeblink/geometry_preservation_outputs/geometry_preservation_rat0314_set0314_dim3_bins5_2026-04-29_10-24-36.npz,0.6133700341365546,0.7676337375029196,0.6133700341365544
rat0314,shuffle_null_mean,,166.0,/Users/Hannah/Programming/data_eyeblink/geometry_preservation_outputs/geometry_preservation_rat0314_set0314_dim3_bins5_2026-04-29_10-24-36.npz,0.6923314489601601,0.8278055994620616,0.6923314489601599
rat0314,shuffle_null_mean,,167.0,/Users/Hannah/Programming/data_eyeblink/geometry_preservation_outputs/geometry_preservation_rat0314_set0314_dim3_bins5_2026-04-29_10-24-36.npz,0.588390700891907,0.7451466839701016,0.5883907008919069
rat0314,shuffle_null_mean,,168.0,/Users/Hannah/Programming/data_eyeblink/geometry_preservation_outputs/geometry_preservation_rat0314_set0314_dim3_bins5_2026-04-29_10-24-36.npz,0.5200056626527181,0.7052278486916126,0.5200056626527181
rat0314,shuffle_null_mean,,169.0,/Users/Hannah/Programming/data_eyeblink/geometry_preservation_outputs/geometry_preservation_rat0314_set0314_dim3_bins5_2026-04-29_10-24-36.npz,0.6373766189153902,0.7823092467300421,0.6373766189153902
rat0314,shuffle_null_mean,,170.0,/Users/Hannah/Programming/data_eyeblink/geometry_preservation_outputs/geometry_preservation_rat0314_set0314_dim3_bins5_2026-04-29_10-24-36.npz,0.590010313516472,0.741670132090559,0.590010313516472
rat0314,shuffle_null_mean,,171.0,/Users/Hannah/Programming/data_eyeblink/geometry_preservation_outputs/geometry_preservation_rat0314_set0314_dim3_bins5_2026-04-29_10-24-36.npz,0.6349910233760974,0.782213869962963,0.6349910233760975
rat0314,shuffle_null_mean,,172.0,/Users/Hannah/Programming/data_eyeblink/geometry_preservation_outputs/geometry_preservation_rat0314_set0314_dim3_bins5_2026-04-29_10-24-36.npz,0.6687823245165583,0.8093014018324812,0.6687823245165581
rat0314,shuffle_null_mean,,173.0,/Users/Hannah/Programming/data_eyeblink/geometry_preservation_outputs/geometry_preservation_rat0314_set0314_dim3_bins5_2026-04-29_10-24-36.npz,0.552705025296295,0.7179268472974456,0.552705025296295
rat0314,shuffle_null_mean,,174.0,/Users/Hannah/Programming/data_eyeblink/geometry_preservation_outputs/geometry_preservation_rat0314_set0314_dim3_bins5_2026-04-29_10-24-36.npz,0.6373880302572165,0.7879248321186548,0.6373880302572162
rat0314,shuffle_null_mean,,175.0,/Users/Hannah/Programming/data_eyeblink/geometry_preservation_outputs/geometry_preservation_rat0314_set0314_dim3_bins5_2026-04-29_10-24-36.npz,0.6350805276923724,0.788983641815074,0.6350805276923722
rat0314,shuffle_null_mean,,176.0,/Users/Hannah/Programming/data_eyeblink/geometry_preservation_outputs/geometry_preservation_rat0314_set0314_dim3_bins5_2026-04-29_10-24-36.npz,0.6180289794309255,0.7706973524009596,0.6180289794309255
rat0314,shuffle_null_mean,,177.0,/Users/Hannah/Programming/data_eyeblink/geometry_preservation_outputs/geometry_preservation_rat0314_set0314_dim3_bins5_2026-04-29_10-24-36.npz,0.643192260455821,0.7950709089287968,0.6431922604558209
rat0314,shuffle_null_mean,,178.0,/Users/Hannah/Programming/data_eyeblink/geometry_preservation_outputs/geometry_preservation_rat0314_set0314_dim3_bins5_2026-04-29_10-24-36.npz,0.5330442810299194,0.7139609326803196,0.5330442810299194
rat0314,shuffle_null_mean,,179.0,/Users/Hannah/Programming/data_eyeblink/geometry_preservation_outputs/geometry_preservation_rat0314_set0314_dim3_bins5_2026-04-29_10-24-36.npz,0.6134139044086797,0.7695514424626974,0.6134139044086796
rat0314,shuffle_null_mean,,180.0,/Users/Hannah/Programming/data_eyeblink/geometry_preservation_outputs/geometry_preservation_rat0314_set0314_dim3_bins5_2026-04-29_10-24-36.npz,0.6329803272876737,0.7905679541126259,0.6329803272876737
rat0314,shuffle_null_mean,,181.0,/Users/Hannah/Programming/data_eyeblink/geometry_preservation_outputs/geometry_preservation_rat0314_set0314_dim3_bins5_2026-04-29_10-24-36.npz,0.6598595574375935,0.8004673973987257,0.6598595574375936
rat0314,shuffle_null_mean,,182.0,/Users/Hannah/Programming/data_eyeblink/geometry_preservation_outputs/geometry_preservation_rat0314_set0314_dim3_bins5_2026-04-29_10-24-36.npz,0.5831024240560971,0.7499588945051239,0.583102424056097
rat0314,shuffle_null_mean,,183.0,/Users/Hannah/Programming/data_eyeblink/geometry_preservation_outputs/geometry_preservation_rat0314_set0314_dim3_bins5_2026-04-29_10-24-36.npz,0.6468673055019605,0.78177684523559,0.6468673055019605
rat0314,shuffle_null_mean,,184.0,/Users/Hannah/Programming/data_eyeblink/geometry_preservation_outputs/geometry_preservation_rat0314_set0314_dim3_bins5_2026-04-29_10-24-36.npz,0.5760499544240365,0.7425088326002452,0.5760499544240365
rat0314,shuffle_null_mean,,185.0,/Users/Hannah/Programming/data_eyeblink/geometry_preservation_outputs/geometry_preservation_rat0314_set0314_dim3_bins5_2026-04-29_10-24-36.npz,0.6368581847356303,0.781632237163148,0.6368581847356304
rat0314,shuffle_null_mean,,186.0,/Users/Hannah/Programming/data_eyeblink/geometry_preservation_outputs/geometry_preservation_rat0314_set0314_dim3_bins5_2026-04-29_10-24-36.npz,0.5863640759332899,0.7489556744532738,0.5863640759332899
rat0314,shuffle_null_mean,,187.0,/Users/Hannah/Programming/data_eyeblink/geometry_preservation_outputs/geometry_preservation_rat0314_set0314_dim3_bins5_2026-04-29_10-24-36.npz,0.5721641762649817,0.7430182196035741,0.5721641762649817
rat0314,shuffle_null_mean,,188.0,/Users/Hannah/Programming/data_eyeblink/geometry_preservation_outputs/geometry_preservation_rat0314_set0314_dim3_bins5_2026-04-29_10-24-36.npz,0.5503475100988635,0.7199337067183545,0.5503475100988635
rat0314,shuffle_null_mean,,189.0,/Users/Hannah/Programming/data_eyeblink/geometry_preservation_outputs/geometry_preservation_rat0314_set0314_dim3_bins5_2026-04-29_10-24-36.npz,0.5637492964821078,0.7333762888031801,0.5637492964821077
rat0314,shuffle_null_mean,,190.0,/Users/Hannah/Programming/data_eyeblink/geometry_preservation_outputs/geometry_preservation_rat0314_set0314_dim3_bins5_2026-04-29_10-24-36.npz,0.5934142492478124,0.7515013823082803,0.5934142492478124
rat0314,shuffle_null_mean,,191.0,/Users/Hannah/Programming/data_eyeblink/geometry_preservation_outputs/geometry_preservation_rat0314_set0314_dim3_bins5_2026-04-29_10-24-36.npz,0.6276803208460813,0.7843879388719669,0.6276803208460813
rat0314,shuffle_null_mean,,192.0,/Users/Hannah/Programming/data_eyeblink/geometry_preservation_outputs/geometry_preservation_rat0314_set0314_dim3_bins5_2026-04-29_10-24-36.npz,0.6454144493286079,0.791757729333554,0.6454144493286078
rat0314,shuffle_null_mean,,193.0,/Users/Hannah/Programming/data_eyeblink/geometry_preservation_outputs/geometry_preservation_rat0314_set0314_dim3_bins5_2026-04-29_10-24-36.npz,0.6130295700032857,0.763609149245936,0.6130295700032857
rat0314,shuffle_null_mean,,194.0,/Users/Hannah/Programming/data_eyeblink/geometry_preservation_outputs/geometry_preservation_rat0314_set0314_dim3_bins5_2026-04-29_10-24-36.npz,0.5798362189322575,0.7400690995437433,0.5798362189322577
rat0314,shuffle_null_mean,,195.0,/Users/Hannah/Programming/data_eyeblink/geometry_preservation_outputs/geometry_preservation_rat0314_set0314_dim3_bins5_2026-04-29_10-24-36.npz,0.6689715718082716,0.81139224960229,0.6689715718082716
rat0314,shuffle_null_mean,,196.0,/Users/Hannah/Programming/data_eyeblink/geometry_preservation_outputs/geometry_preservation_rat0314_set0314_dim3_bins5_2026-04-29_10-24-36.npz,0.6926369977845354,0.8252740085517143,0.6926369977845354
rat0314,shuffle_null_mean,,197.0,/Users/Hannah/Programming/data_eyeblink/geometry_preservation_outputs/geometry_preservation_rat0314_set0314_dim3_bins5_2026-04-29_10-24-36.npz,0.6112166955645553,0.7656731814011074,0.6112166955645553
rat0314,shuffle_null_mean,,198.0,/Users/Hannah/Programming/data_eyeblink/geometry_preservation_outputs/geometry_preservation_rat0314_set0314_dim3_bins5_2026-04-29_10-24-36.npz,0.5740892618126419,0.743793605622223,0.5740892618126419
rat0314,shuffle_null_mean,,199.0,/Users/Hannah/Programming/data_eyeblink/geometry_preservation_outputs/geometry_preservation_rat0314_set0314_dim3_bins5_2026-04-29_10-24-36.npz,0.5924363216330238,0.7491875923311928,0.5924363216330238
rat0314,shuffle_null_mean,,200.0,/Users/Hannah/Programming/data_eyeblink/geometry_preservation_outputs/geometry_preservation_rat0314_set0314_dim3_bins5_2026-04-29_10-24-36.npz,0.5929368631483455,0.7572816612448594,0.5929368631483455
rat0314,shuffle_null_mean,,201.0,/Users/Hannah/Programming/data_eyeblink/geometry_preservation_outputs/geometry_preservation_rat0314_set0314_dim3_bins5_2026-04-29_10-24-36.npz,0.6131344945214761,0.7630481451772491,0.613134494521476
rat0314,shuffle_null_mean,,202.0,/Users/Hannah/Programming/data_eyeblink/geometry_preservation_outputs/geometry_preservation_rat0314_set0314_dim3_bins5_2026-04-29_10-24-36.npz,0.5698135506078301,0.7309344699621505,0.5698135506078301
rat0314,shuffle_null_mean,,203.0,/Users/Hannah/Programming/data_eyeblink/geometry_preservation_outputs/geometry_preservation_rat0314_set0314_dim3_bins5_2026-04-29_10-24-36.npz,0.6288249345885963,0.783840610591756,0.6288249345885963
rat0314,shuffle_null_mean,,204.0,/Users/Hannah/Programming/data_eyeblink/geometry_preservation_outputs/geometry_preservation_rat0314_set0314_dim3_bins5_2026-04-29_10-24-36.npz,0.644359245844912,0.7951043618118925,0.644359245844912
rat0314,shuffle_null_mean,,205.0,/Users/Hannah/Programming/data_eyeblink/geometry_preservation_outputs/geometry_preservation_rat0314_set0314_dim3_bins5_2026-04-29_10-24-36.npz,0.6821051886279157,0.8179288156045686,0.6821051886279156
rat0314,shuffle_null_mean,,206.0,/Users/Hannah/Programming/data_eyeblink/geometry_preservation_outputs/geometry_preservation_rat0314_set0314_dim3_bins5_2026-04-29_10-24-36.npz,0.6840421227262914,0.8118165482399806,0.6840421227262914
rat0314,shuffle_null_mean,,207.0,/Users/Hannah/Programming/data_eyeblink/geometry_preservation_outputs/geometry_preservation_rat0314_set0314_dim3_bins5_2026-04-29_10-24-36.npz,0.664988183332379,0.8003915921617288,0.664988183332379
rat0314,shuffle_null_mean,,208.0,/Users/Hannah/Programming/data_eyeblink/geometry_preservation_outputs/geometry_preservation_rat0314_set0314_dim3_bins5_2026-04-29_10-24-36.npz,0.5740455590438339,0.745537256231021,0.5740455590438339
rat0314,shuffle_null_mean,,209.0,/Users/Hannah/Programming/data_eyeblink/geometry_preservation_outputs/geometry_preservation_rat0314_set0314_dim3_bins5_2026-04-29_10-24-36.npz,0.5098733162579754,0.6884627872279778,0.5098733162579755
rat0314,shuffle_null_mean,,210.0,/Users/Hannah/Programming/data_eyeblink/geometry_preservation_outputs/geometry_preservation_rat0314_set0314_dim3_bins5_2026-04-29_10-24-36.npz,0.6854654858599869,0.815157367290724,0.685465485859987
rat0314,shuffle_null_mean,,211.0,/Users/Hannah/Programming/data_eyeblink/geometry_preservation_outputs/geometry_preservation_rat0314_set0314_dim3_bins5_2026-04-29_10-24-36.npz,0.603266172055941,0.7574470588997435,0.6032661720559409
rat0314,shuffle_null_mean,,212.0,/Users/Hannah/Programming/data_eyeblink/geometry_preservation_outputs/geometry_preservation_rat0314_set0314_dim3_bins5_2026-04-29_10-24-36.npz,0.5504372954353984,0.7282105570899304,0.5504372954353984
rat0314,shuffle_null_mean,,213.0,/Users/Hannah/Programming/data_eyeblink/geometry_preservation_outputs/geometry_preservation_rat0314_set0314_dim3_bins5_2026-04-29_10-24-36.npz,0.5865636395279774,0.7338988941757372,0.5865636395279775
rat0314,shuffle_null_mean,,214.0,/Users/Hannah/Programming/data_eyeblink/geometry_preservation_outputs/geometry_preservation_rat0314_set0314_dim3_bins5_2026-04-29_10-24-36.npz,0.6450191653998233,0.784596659890691,0.6450191653998231
rat0314,shuffle_null_mean,,215.0,/Users/Hannah/Programming/data_eyeblink/geometry_preservation_outputs/geometry_preservation_rat0314_set0314_dim3_bins5_2026-04-29_10-24-36.npz,0.66807082891192,0.804122755292982,0.66807082891192
rat0314,shuffle_null_mean,,216.0,/Users/Hannah/Programming/data_eyeblink/geometry_preservation_outputs/geometry_preservation_rat0314_set0314_dim3_bins5_2026-04-29_10-24-36.npz,0.6337917284982317,0.7785454197623689,0.6337917284982316
rat0314,shuffle_null_mean,,217.0,/Users/Hannah/Programming/data_eyeblink/geometry_preservation_outputs/geometry_preservation_rat0314_set0314_dim3_bins5_2026-04-29_10-24-36.npz,0.5614942100751651,0.7371737134503173,0.5614942100751651
rat0314,shuffle_null_mean,,218.0,/Users/Hannah/Programming/data_eyeblink/geometry_preservation_outputs/geometry_preservation_rat0314_set0314_dim3_bins5_2026-04-29_10-24-36.npz,0.6854814396341085,0.8183890698532383,0.6854814396341086
rat0314,shuffle_null_mean,,219.0,/Users/Hannah/Programming/data_eyeblink/geometry_preservation_outputs/geometry_preservation_rat0314_set0314_dim3_bins5_2026-04-29_10-24-36.npz,0.5903299786699049,0.7456903391267828,0.5903299786699049
rat0314,shuffle_null_mean,,220.0,/Users/Hannah/Programming/data_eyeblink/geometry_preservation_outputs/geometry_preservation_rat0314_set0314_dim3_bins5_2026-04-29_10-24-36.npz,0.5695228334085534,0.7297275112718541,0.5695228334085534
rat0314,shuffle_null_mean,,221.0,/Users/Hannah/Programming/data_eyeblink/geometry_preservation_outputs/geometry_preservation_rat0314_set0314_dim3_bins5_2026-04-29_10-24-36.npz,0.6054664927752544,0.7645644179556588,0.6054664927752546
rat0314,shuffle_null_mean,,222.0,/Users/Hannah/Programming/data_eyeblink/geometry_preservation_outputs/geometry_preservation_rat0314_set0314_dim3_bins5_2026-04-29_10-24-36.npz,0.583502884049717,0.7505628123074167,0.583502884049717
rat0314,shuffle_null_mean,,223.0,/Users/Hannah/Programming/data_eyeblink/geometry_preservation_outputs/geometry_preservation_rat0314_set0314_dim3_bins5_2026-04-29_10-24-36.npz,0.6234355901143867,0.770705084856218,0.6234355901143867
rat0314,shuffle_null_mean,,224.0,/Users/Hannah/Programming/data_eyeblink/geometry_preservation_outputs/geometry_preservation_rat0314_set0314_dim3_bins5_2026-04-29_10-24-36.npz,0.6218877701070287,0.7775267081032624,0.6218877701070287
rat0314,shuffle_null_mean,,225.0,/Users/Hannah/Programming/data_eyeblink/geometry_preservation_outputs/geometry_preservation_rat0314_set0314_dim3_bins5_2026-04-29_10-24-36.npz,0.6534246777458189,0.793085673828745,0.653424677745819
rat0314,shuffle_null_mean,,226.0,/Users/Hannah/Programming/data_eyeblink/geometry_preservation_outputs/geometry_preservation_rat0314_set0314_dim3_bins5_2026-04-29_10-24-36.npz,0.5689410017017997,0.7388325827110208,0.5689410017017996
rat0314,shuffle_null_mean,,227.0,/Users/Hannah/Programming/data_eyeblink/geometry_preservation_outputs/geometry_preservation_rat0314_set0314_dim3_bins5_2026-04-29_10-24-36.npz,0.6661858099366789,0.807792620172101,0.6661858099366789
rat0314,shuffle_null_mean,,228.0,/Users/Hannah/Programming/data_eyeblink/geometry_preservation_outputs/geometry_preservation_rat0314_set0314_dim3_bins5_2026-04-29_10-24-36.npz,0.48091995251544173,0.6774890801860064,0.4809199525154416
rat0314,shuffle_null_mean,,229.0,/Users/Hannah/Programming/data_eyeblink/geometry_preservation_outputs/geometry_preservation_rat0314_set0314_dim3_bins5_2026-04-29_10-24-36.npz,0.6258693792746198,0.7809640260334788,0.6258693792746198
rat0314,shuffle_null_mean,,230.0,/Users/Hannah/Programming/data_eyeblink/geometry_preservation_outputs/geometry_preservation_rat0314_set0314_dim3_bins5_2026-04-29_10-24-36.npz,0.6638622319450815,0.809071712040773,0.6638622319450815
rat0314,shuffle_null_mean,,231.0,/Users/Hannah/Programming/data_eyeblink/geometry_preservation_outputs/geometry_preservation_rat0314_set0314_dim3_bins5_2026-04-29_10-24-36.npz,0.6471673056165275,0.7859003256486463,0.6471673056165275
rat0314,shuffle_null_mean,,232.0,/Users/Hannah/Programming/data_eyeblink/geometry_preservation_outputs/geometry_preservation_rat0314_set0314_dim3_bins5_2026-04-29_10-24-36.npz,0.6213146653231394,0.7712077197813684,0.6213146653231394
rat0314,shuffle_null_mean,,233.0,/Users/Hannah/Programming/data_eyeblink/geometry_preservation_outputs/geometry_preservation_rat0314_set0314_dim3_bins5_2026-04-29_10-24-36.npz,0.7024629130209242,0.8329678727442831,0.7024629130209242
rat0314,shuffle_null_mean,,234.0,/Users/Hannah/Programming/data_eyeblink/geometry_preservation_outputs/geometry_preservation_rat0314_set0314_dim3_bins5_2026-04-29_10-24-36.npz,0.5514696705107707,0.7275538910528384,0.5514696705107704
rat0314,shuffle_null_mean,,235.0,/Users/Hannah/Programming/data_eyeblink/geometry_preservation_outputs/geometry_preservation_rat0314_set0314_dim3_bins5_2026-04-29_10-24-36.npz,0.6447341048348454,0.7936493489715698,0.6447341048348454
rat0314,shuffle_null_mean,,236.0,/Users/Hannah/Programming/data_eyeblink/geometry_preservation_outputs/geometry_preservation_rat0314_set0314_dim3_bins5_2026-04-29_10-24-36.npz,0.6320685223421947,0.7801922110833623,0.6320685223421947
rat0314,shuffle_null_mean,,237.0,/Users/Hannah/Programming/data_eyeblink/geometry_preservation_outputs/geometry_preservation_rat0314_set0314_dim3_bins5_2026-04-29_10-24-36.npz,0.5393206284243887,0.709135336419825,0.5393206284243888
rat0314,shuffle_null_mean,,238.0,/Users/Hannah/Programming/data_eyeblink/geometry_preservation_outputs/geometry_preservation_rat0314_set0314_dim3_bins5_2026-04-29_10-24-36.npz,0.6482373625380246,0.7963326002882823,0.6482373625380244
rat0314,shuffle_null_mean,,239.0,/Users/Hannah/Programming/data_eyeblink/geometry_preservation_outputs/geometry_preservation_rat0314_set0314_dim3_bins5_2026-04-29_10-24-36.npz,0.6798940593108509,0.8162813330570657,0.6798940593108509
rat0314,shuffle_null_mean,,240.0,/Users/Hannah/Programming/data_eyeblink/geometry_preservation_outputs/geometry_preservation_rat0314_set0314_dim3_bins5_2026-04-29_10-24-36.npz,0.5741071099515036,0.7417353634934749,0.5741071099515036
rat0314,shuffle_null_mean,,241.0,/Users/Hannah/Programming/data_eyeblink/geometry_preservation_outputs/geometry_preservation_rat0314_set0314_dim3_bins5_2026-04-29_10-24-36.npz,0.5883218002732187,0.757264302053614,0.5883218002732187
rat0314,shuffle_null_mean,,242.0,/Users/Hannah/Programming/data_eyeblink/geometry_preservation_outputs/geometry_preservation_rat0314_set0314_dim3_bins5_2026-04-29_10-24-36.npz,0.5250760512839572,0.6971363693213328,0.5250760512839572
rat0314,shuffle_null_mean,,243.0,/Users/Hannah/Programming/data_eyeblink/geometry_preservation_outputs/geometry_preservation_rat0314_set0314_dim3_bins5_2026-04-29_10-24-36.npz,0.5969030133584534,0.7451749510359511,0.5969030133584534
rat0314,shuffle_null_mean,,244.0,/Users/Hannah/Programming/data_eyeblink/geometry_preservation_outputs/geometry_preservation_rat0314_set0314_dim3_bins5_2026-04-29_10-24-36.npz,0.7009625954590819,0.8287204898251603,0.7009625954590819
rat0314,shuffle_null_mean,,245.0,/Users/Hannah/Programming/data_eyeblink/geometry_preservation_outputs/geometry_preservation_rat0314_set0314_dim3_bins5_2026-04-29_10-24-36.npz,0.6246959889633934,0.7717472274262323,0.6246959889633935
rat0314,shuffle_null_mean,,246.0,/Users/Hannah/Programming/data_eyeblink/geometry_preservation_outputs/geometry_preservation_rat0314_set0314_dim3_bins5_2026-04-29_10-24-36.npz,0.7212727633304419,0.8462456646668146,0.7212727633304418
rat0314,shuffle_null_mean,,247.0,/Users/Hannah/Programming/data_eyeblink/geometry_preservation_outputs/geometry_preservation_rat0314_set0314_dim3_bins5_2026-04-29_10-24-36.npz,0.509792583235769,0.7006955072245405,0.509792583235769
rat0314,shuffle_null_mean,,248.0,/Users/Hannah/Programming/data_eyeblink/geometry_preservation_outputs/geometry_preservation_rat0314_set0314_dim3_bins5_2026-04-29_10-24-36.npz,0.5798781243744071,0.7381652895471393,0.5798781243744072
rat0314,shuffle_null_mean,,249.0,/Users/Hannah/Programming/data_eyeblink/geometry_preservation_outputs/geometry_preservation_rat0314_set0314_dim3_bins5_2026-04-29_10-24-36.npz,0.5564264233905392,0.727435067521902,0.5564264233905393
rat0314,shuffle_null_mean,,250.0,/Users/Hannah/Programming/data_eyeblink/geometry_preservation_outputs/geometry_preservation_rat0314_set0314_dim3_bins5_2026-04-29_10-24-36.npz,0.5367308122848389,0.7186280348898173,0.536730812284839
rat0314,shuffle_null_mean,,251.0,/Users/Hannah/Programming/data_eyeblink/geometry_preservation_outputs/geometry_preservation_rat0314_set0314_dim3_bins5_2026-04-29_10-24-36.npz,0.5629761528817447,0.7352883051027864,0.5629761528817447
rat0314,shuffle_null_mean,,252.0,/Users/Hannah/Programming/data_eyeblink/geometry_preservation_outputs/geometry_preservation_rat0314_set0314_dim3_bins5_2026-04-29_10-24-36.npz,0.6170798995263364,0.7750660028299012,0.6170798995263362
rat0314,shuffle_null_mean,,253.0,/Users/Hannah/Programming/data_eyeblink/geometry_preservation_outputs/geometry_preservation_rat0314_set0314_dim3_bins5_2026-04-29_10-24-36.npz,0.5752931731435067,0.7318107306136239,0.5752931731435068
rat0314,shuffle_null_mean,,254.0,/Users/Hannah/Programming/data_eyeblink/geometry_preservation_outputs/geometry_preservation_rat0314_set0314_dim3_bins5_2026-04-29_10-24-36.npz,0.6844690196464762,0.8206080648314312,0.6844690196464761
rat0314,shuffle_null_mean,,255.0,/Users/Hannah/Programming/data_eyeblink/geometry_preservation_outputs/geometry_preservation_rat0314_set0314_dim3_bins5_2026-04-29_10-24-36.npz,0.6234753609673074,0.7758750996550663,0.6234753609673074
rat0314,shuffle_null_mean,,256.0,/Users/Hannah/Programming/data_eyeblink/geometry_preservation_outputs/geometry_preservation_rat0314_set0314_dim3_bins5_2026-04-29_10-24-36.npz,0.5715633293096711,0.7460895695374176,0.5715633293096712
rat0314,shuffle_null_mean,,257.0,/Users/Hannah/Programming/data_eyeblink/geometry_preservation_outputs/geometry_preservation_rat0314_set0314_dim3_bins5_2026-04-29_10-24-36.npz,0.6306398708336033,0.7849563790137856,0.6306398708336032
rat0314,shuffle_null_mean,,258.0,/Users/Hannah/Programming/data_eyeblink/geometry_preservation_outputs/geometry_preservation_rat0314_set0314_dim3_bins5_2026-04-29_10-24-36.npz,0.5597450509078377,0.720277621507207,0.5597450509078378
rat0314,shuffle_null_mean,,259.0,/Users/Hannah/Programming/data_eyeblink/geometry_preservation_outputs/geometry_preservation_rat0314_set0314_dim3_bins5_2026-04-29_10-24-36.npz,0.576993748378613,0.7434563964833572,0.5769937483786131
rat0314,shuffle_null_mean,,260.0,/Users/Hannah/Programming/data_eyeblink/geometry_preservation_outputs/geometry_preservation_rat0314_set0314_dim3_bins5_2026-04-29_10-24-36.npz,0.5852155871390985,0.7491594723111512,0.5852155871390985
rat0314,shuffle_null_mean,,261.0,/Users/Hannah/Programming/data_eyeblink/geometry_preservation_outputs/geometry_preservation_rat0314_set0314_dim3_bins5_2026-04-29_10-24-36.npz,0.5824087369928697,0.7350106411441306,0.5824087369928697
rat0314,shuffle_null_mean,,262.0,/Users/Hannah/Programming/data_eyeblink/geometry_preservation_outputs/geometry_preservation_rat0314_set0314_dim3_bins5_2026-04-29_10-24-36.npz,0.5349663516743228,0.7129832005458339,0.5349663516743227
rat0314,shuffle_null_mean,,263.0,/Users/Hannah/Programming/data_eyeblink/geometry_preservation_outputs/geometry_preservation_rat0314_set0314_dim3_bins5_2026-04-29_10-24-36.npz,0.6369838186554138,0.7853086132581303,0.6369838186554136
rat0314,shuffle_null_mean,,264.0,/Users/Hannah/Programming/data_eyeblink/geometry_preservation_outputs/geometry_preservation_rat0314_set0314_dim3_bins5_2026-04-29_10-24-36.npz,0.5409526925634515,0.7147502117506832,0.5409526925634515
rat0314,shuffle_null_mean,,265.0,/Users/Hannah/Programming/data_eyeblink/geometry_preservation_outputs/geometry_preservation_rat0314_set0314_dim3_bins5_2026-04-29_10-24-36.npz,0.5459573834786844,0.7173272139480524,0.5459573834786844
rat0314,shuffle_null_mean,,266.0,/Users/Hannah/Programming/data_eyeblink/geometry_preservation_outputs/geometry_preservation_rat0314_set0314_dim3_bins5_2026-04-29_10-24-36.npz,0.5923450540820193,0.7449041546895312,0.5923450540820194
rat0314,shuffle_null_mean,,267.0,/Users/Hannah/Programming/data_eyeblink/geometry_preservation_outputs/geometry_preservation_rat0314_set0314_dim3_bins5_2026-04-29_10-24-36.npz,0.6040877110338759,0.7623978691568797,0.6040877110338759
rat0314,shuffle_null_mean,,268.0,/Users/Hannah/Programming/data_eyeblink/geometry_preservation_outputs/geometry_preservation_rat0314_set0314_dim3_bins5_2026-04-29_10-24-36.npz,0.6151190525472909,0.7721421273894479,0.6151190525472908
rat0314,shuffle_null_mean,,269.0,/Users/Hannah/Programming/data_eyeblink/geometry_preservation_outputs/geometry_preservation_rat0314_set0314_dim3_bins5_2026-04-29_10-24-36.npz,0.6451251733867818,0.7902729141394936,0.6451251733867817
rat0314,shuffle_null_mean,,270.0,/Users/Hannah/Programming/data_eyeblink/geometry_preservation_outputs/geometry_preservation_rat0314_set0314_dim3_bins5_2026-04-29_10-24-36.npz,0.6518294212059953,0.7998104283587397,0.6518294212059952
rat0314,shuffle_null_mean,,271.0,/Users/Hannah/Programming/data_eyeblink/geometry_preservation_outputs/geometry_preservation_rat0314_set0314_dim3_bins5_2026-04-29_10-24-36.npz,0.5423352556928298,0.7178665109946579,0.5423352556928298
rat0314,shuffle_null_mean,,272.0,/Users/Hannah/Programming/data_eyeblink/geometry_preservation_outputs/geometry_preservation_rat0314_set0314_dim3_bins5_2026-04-29_10-24-36.npz,0.49573600831630016,0.6782043000514343,0.4957360083163002
rat0314,shuffle_null_mean,,273.0,/Users/Hannah/Programming/data_eyeblink/geometry_preservation_outputs/geometry_preservation_rat0314_set0314_dim3_bins5_2026-04-29_10-24-36.npz,0.5564548742988094,0.7357801048671797,0.5564548742988095
rat0314,shuffle_null_mean,,274.0,/Users/Hannah/Programming/data_eyeblink/geometry_preservation_outputs/geometry_preservation_rat0314_set0314_dim3_bins5_2026-04-29_10-24-36.npz,0.5800404431880406,0.7512834996101694,0.5800404431880406
rat0314,shuffle_null_mean,,275.0,/Users/Hannah/Programming/data_eyeblink/geometry_preservation_outputs/geometry_preservation_rat0314_set0314_dim3_bins5_2026-04-29_10-24-36.npz,0.6341670658843244,0.7858314410698365,0.6341670658843241
rat0314,shuffle_null_mean,,276.0,/Users/Hannah/Programming/data_eyeblink/geometry_preservation_outputs/geometry_preservation_rat0314_set0314_dim3_bins5_2026-04-29_10-24-36.npz,0.6281875491986407,0.78555014469177,0.6281875491986407
rat0314,shuffle_null_mean,,277.0,/Users/Hannah/Programming/data_eyeblink/geometry_preservation_outputs/geometry_preservation_rat0314_set0314_dim3_bins5_2026-04-29_10-24-36.npz,0.582847104044896,0.7510791574074751,0.5828471040448959
rat0314,shuffle_null_mean,,278.0,/Users/Hannah/Programming/data_eyeblink/geometry_preservation_outputs/geometry_preservation_rat0314_set0314_dim3_bins5_2026-04-29_10-24-36.npz,0.5208384744134961,0.7006360408646481,0.5208384744134961
rat0314,shuffle_null_mean,,279.0,/Users/Hannah/Programming/data_eyeblink/geometry_preservation_outputs/geometry_preservation_rat0314_set0314_dim3_bins5_2026-04-29_10-24-36.npz,0.5847807929446756,0.7540662741192568,0.5847807929446754
rat0314,shuffle_null_mean,,280.0,/Users/Hannah/Programming/data_eyeblink/geometry_preservation_outputs/geometry_preservation_rat0314_set0314_dim3_bins5_2026-04-29_10-24-36.npz,0.6104423798902824,0.7704177274924373,0.6104423798902824
rat0314,shuffle_null_mean,,281.0,/Users/Hannah/Programming/data_eyeblink/geometry_preservation_outputs/geometry_preservation_rat0314_set0314_dim3_bins5_2026-04-29_10-24-36.npz,0.5167073136458752,0.7033598204690168,0.5167073136458752
rat0314,shuffle_null_mean,,282.0,/Users/Hannah/Programming/data_eyeblink/geometry_preservation_outputs/geometry_preservation_rat0314_set0314_dim3_bins5_2026-04-29_10-24-36.npz,0.559462214351099,0.7286655189967373,0.559462214351099
rat0314,shuffle_null_mean,,283.0,/Users/Hannah/Programming/data_eyeblink/geometry_preservation_outputs/geometry_preservation_rat0314_set0314_dim3_bins5_2026-04-29_10-24-36.npz,0.6239995057153209,0.7762781537008208,0.6239995057153209
rat0314,shuffle_null_mean,,284.0,/Users/Hannah/Programming/data_eyeblink/geometry_preservation_outputs/geometry_preservation_rat0314_set0314_dim3_bins5_2026-04-29_10-24-36.npz,0.589408729565555,0.7400289767376154,0.589408729565555
rat0314,shuffle_null_mean,,285.0,/Users/Hannah/Programming/data_eyeblink/geometry_preservation_outputs/geometry_preservation_rat0314_set0314_dim3_bins5_2026-04-29_10-24-36.npz,0.5634791675441618,0.7278236686647126,0.5634791675441617
rat0314,shuffle_null_mean,,286.0,/Users/Hannah/Programming/data_eyeblink/geometry_preservation_outputs/geometry_preservation_rat0314_set0314_dim3_bins5_2026-04-29_10-24-36.npz,0.5881070944619081,0.7489109301274213,0.5881070944619081
rat0314,shuffle_null_mean,,287.0,/Users/Hannah/Programming/data_eyeblink/geometry_preservation_outputs/geometry_preservation_rat0314_set0314_dim3_bins5_2026-04-29_10-24-36.npz,0.5558495997676978,0.7228033440036458,0.5558495997676978
rat0314,shuffle_null_mean,,288.0,/Users/Hannah/Programming/data_eyeblink/geometry_preservation_outputs/geometry_preservation_rat0314_set0314_dim3_bins5_2026-04-29_10-24-36.npz,0.6182356200483722,0.7722791836915813,0.6182356200483722
rat0314,shuffle_null_mean,,289.0,/Users/Hannah/Programming/data_eyeblink/geometry_preservation_outputs/geometry_preservation_rat0314_set0314_dim3_bins5_2026-04-29_10-24-36.npz,0.5485646695282003,0.7232920740018216,0.5485646695282003
rat0314,shuffle_null_mean,,290.0,/Users/Hannah/Programming/data_eyeblink/geometry_preservation_outputs/geometry_preservation_rat0314_set0314_dim3_bins5_2026-04-29_10-24-36.npz,0.6128763701065247,0.7637000876108915,0.612876370106525
rat0314,shuffle_null_mean,,291.0,/Users/Hannah/Programming/data_eyeblink/geometry_preservation_outputs/geometry_preservation_rat0314_set0314_dim3_bins5_2026-04-29_10-24-36.npz,0.6512296963075588,0.7908773761482657,0.6512296963075588
rat0314,shuffle_null_mean,,292.0,/Users/Hannah/Programming/data_eyeblink/geometry_preservation_outputs/geometry_preservation_rat0314_set0314_dim3_bins5_2026-04-29_10-24-36.npz,0.6948284244434889,0.8275433125404403,0.6948284244434889
rat0314,shuffle_null_mean,,293.0,/Users/Hannah/Programming/data_eyeblink/geometry_preservation_outputs/geometry_preservation_rat0314_set0314_dim3_bins5_2026-04-29_10-24-36.npz,0.6662361172718712,0.8071644471827515,0.6662361172718712
rat0314,shuffle_null_mean,,294.0,/Users/Hannah/Programming/data_eyeblink/geometry_preservation_outputs/geometry_preservation_rat0314_set0314_dim3_bins5_2026-04-29_10-24-36.npz,0.6212331847448286,0.7740144925912595,0.6212331847448286
rat0314,shuffle_null_mean,,295.0,/Users/Hannah/Programming/data_eyeblink/geometry_preservation_outputs/geometry_preservation_rat0314_set0314_dim3_bins5_2026-04-29_10-24-36.npz,0.6076626258930482,0.7614164158805973,0.6076626258930482
rat0314,shuffle_null_mean,,296.0,/Users/Hannah/Programming/data_eyeblink/geometry_preservation_outputs/geometry_preservation_rat0314_set0314_dim3_bins5_2026-04-29_10-24-36.npz,0.6286611587574469,0.7848498743479805,0.628661158757447
rat0314,shuffle_null_mean,,297.0,/Users/Hannah/Programming/data_eyeblink/geometry_preservation_outputs/geometry_preservation_rat0314_set0314_dim3_bins5_2026-04-29_10-24-36.npz,0.5402996902057052,0.7158462302162516,0.5402996902057051
rat0314,shuffle_null_mean,,298.0,/Users/Hannah/Programming/data_eyeblink/geometry_preservation_outputs/geometry_preservation_rat0314_set0314_dim3_bins5_2026-04-29_10-24-36.npz,0.6343053729974524,0.7751914163227995,0.6343053729974523
rat0314,shuffle_null_mean,,299.0,/Users/Hannah/Programming/data_eyeblink/geometry_preservation_outputs/geometry_preservation_rat0314_set0314_dim3_bins5_2026-04-29_10-24-36.npz,0.638922559016726,0.7820269299676414,0.638922559016726
rat0314,shuffle_null_mean,,300.0,/Users/Hannah/Programming/data_eyeblink/geometry_preservation_outputs/geometry_preservation_rat0314_set0314_dim3_bins5_2026-04-29_10-24-36.npz,0.6056252699307316,0.7578617205661496,0.6056252699307315
rat0314,shuffle_null_mean,,301.0,/Users/Hannah/Programming/data_eyeblink/geometry_preservation_outputs/geometry_preservation_rat0314_set0314_dim3_bins5_2026-04-29_10-24-36.npz,0.6045353750661533,0.7516553319689032,0.6045353750661533
rat0314,shuffle_null_mean,,302.0,/Users/Hannah/Programming/data_eyeblink/geometry_preservation_outputs/geometry_preservation_rat0314_set0314_dim3_bins5_2026-04-29_10-24-36.npz,0.5266241094726747,0.7028212732611423,0.5266241094726747
rat0314,shuffle_null_mean,,303.0,/Users/Hannah/Programming/data_eyeblink/geometry_preservation_outputs/geometry_preservation_rat0314_set0314_dim3_bins5_2026-04-29_10-24-36.npz,0.534752116784834,0.702918269334212,0.534752116784834
rat0314,shuffle_null_mean,,304.0,/Users/Hannah/Programming/data_eyeblink/geometry_preservation_outputs/geometry_preservation_rat0314_set0314_dim3_bins5_2026-04-29_10-24-36.npz,0.6377451149943215,0.788832875095075,0.6377451149943215
rat0314,shuffle_null_mean,,305.0,/Users/Hannah/Programming/data_eyeblink/geometry_preservation_outputs/geometry_preservation_rat0314_set0314_dim3_bins5_2026-04-29_10-24-36.npz,0.5527897535373374,0.7294319614872783,0.5527897535373375
rat0314,shuffle_null_mean,,306.0,/Users/Hannah/Programming/data_eyeblink/geometry_preservation_outputs/geometry_preservation_rat0314_set0314_dim3_bins5_2026-04-29_10-24-36.npz,0.6963733565065382,0.8258615657814554,0.6963733565065382
rat0314,shuffle_null_mean,,307.0,/Users/Hannah/Programming/data_eyeblink/geometry_preservation_outputs/geometry_preservation_rat0314_set0314_dim3_bins5_2026-04-29_10-24-36.npz,0.5552247693777679,0.7188035602769764,0.5552247693777679
rat0314,shuffle_null_mean,,308.0,/Users/Hannah/Programming/data_eyeblink/geometry_preservation_outputs/geometry_preservation_rat0314_set0314_dim3_bins5_2026-04-29_10-24-36.npz,0.7137826617110546,0.8313417272199711,0.7137826617110548
rat0314,shuffle_null_mean,,309.0,/Users/Hannah/Programming/data_eyeblink/geometry_preservation_outputs/geometry_preservation_rat0314_set0314_dim3_bins5_2026-04-29_10-24-36.npz,0.646850885890619,0.7963787426825499,0.646850885890619
rat0314,shuffle_null_mean,,310.0,/Users/Hannah/Programming/data_eyeblink/geometry_preservation_outputs/geometry_preservation_rat0314_set0314_dim3_bins5_2026-04-29_10-24-36.npz,0.5767438327844263,0.7358773947305297,0.5767438327844263
rat0314,shuffle_null_mean,,311.0,/Users/Hannah/Programming/data_eyeblink/geometry_preservation_outputs/geometry_preservation_rat0314_set0314_dim3_bins5_2026-04-29_10-24-36.npz,0.6544383432467666,0.798940402083055,0.6544383432467666
rat0314,shuffle_null_mean,,312.0,/Users/Hannah/Programming/data_eyeblink/geometry_preservation_outputs/geometry_preservation_rat0314_set0314_dim3_bins5_2026-04-29_10-24-36.npz,0.6178891124557404,0.7739085551259889,0.6178891124557404
rat0314,shuffle_null_mean,,313.0,/Users/Hannah/Programming/data_eyeblink/geometry_preservation_outputs/geometry_preservation_rat0314_set0314_dim3_bins5_2026-04-29_10-24-36.npz,0.5379438166456474,0.7196168773410501,0.5379438166456474
rat0314,shuffle_null_mean,,314.0,/Users/Hannah/Programming/data_eyeblink/geometry_preservation_outputs/geometry_preservation_rat0314_set0314_dim3_bins5_2026-04-29_10-24-36.npz,0.5071930061198988,0.6979346969983663,0.5071930061198987
rat0314,shuffle_null_mean,,315.0,/Users/Hannah/Programming/data_eyeblink/geometry_preservation_outputs/geometry_preservation_rat0314_set0314_dim3_bins5_2026-04-29_10-24-36.npz,0.644635060506255,0.7926498887684866,0.644635060506255
rat0314,shuffle_null_mean,,316.0,/Users/Hannah/Programming/data_eyeblink/geometry_preservation_outputs/geometry_preservation_rat0314_set0314_dim3_bins5_2026-04-29_10-24-36.npz,0.584118802074325,0.7487007078929769,0.5841188020743249
rat0314,shuffle_null_mean,,317.0,/Users/Hannah/Programming/data_eyeblink/geometry_preservation_outputs/geometry_preservation_rat0314_set0314_dim3_bins5_2026-04-29_10-24-36.npz,0.5672056270327653,0.7288635009418724,0.5672056270327652
rat0314,shuffle_null_mean,,318.0,/Users/Hannah/Programming/data_eyeblink/geometry_preservation_outputs/geometry_preservation_rat0314_set0314_dim3_bins5_2026-04-29_10-24-36.npz,0.5851668113594233,0.7466658223196295,0.5851668113594234
rat0314,shuffle_null_mean,,319.0,/Users/Hannah/Programming/data_eyeblink/geometry_preservation_outputs/geometry_preservation_rat0314_set0314_dim3_bins5_2026-04-29_10-24-36.npz,0.5365397906776922,0.7155323633564682,0.5365397906776921
rat0314,shuffle_null_mean,,320.0,/Users/Hannah/Programming/data_eyeblink/geometry_preservation_outputs/geometry_preservation_rat0314_set0314_dim3_bins5_2026-04-29_10-24-36.npz,0.6346721581573477,0.7811560429226605,0.6346721581573479
rat0314,shuffle_null_mean,,321.0,/Users/Hannah/Programming/data_eyeblink/geometry_preservation_outputs/geometry_preservation_rat0314_set0314_dim3_bins5_2026-04-29_10-24-36.npz,0.6773114039439617,0.8185230790352744,0.6773114039439617
rat0314,shuffle_null_mean,,322.0,/Users/Hannah/Programming/data_eyeblink/geometry_preservation_outputs/geometry_preservation_rat0314_set0314_dim3_bins5_2026-04-29_10-24-36.npz,0.5837716033436023,0.7445435320828274,0.5837716033436021
rat0314,shuffle_null_mean,,323.0,/Users/Hannah/Programming/data_eyeblink/geometry_preservation_outputs/geometry_preservation_rat0314_set0314_dim3_bins5_2026-04-29_10-24-36.npz,0.6596445529249089,0.8032654778028852,0.6596445529249088
rat0314,shuffle_null_mean,,324.0,/Users/Hannah/Programming/data_eyeblink/geometry_preservation_outputs/geometry_preservation_rat0314_set0314_dim3_bins5_2026-04-29_10-24-36.npz,0.602809519140393,0.7636965474400734,0.6028095191403929
rat0314,shuffle_null_mean,,325.0,/Users/Hannah/Programming/data_eyeblink/geometry_preservation_outputs/geometry_preservation_rat0314_set0314_dim3_bins5_2026-04-29_10-24-36.npz,0.6391843891412833,0.7789990568123468,0.6391843891412832
rat0314,shuffle_null_mean,,326.0,/Users/Hannah/Programming/data_eyeblink/geometry_preservation_outputs/geometry_preservation_rat0314_set0314_dim3_bins5_2026-04-29_10-24-36.npz,0.6676600071609957,0.8028587710857386,0.6676600071609956
rat0314,shuffle_null_mean,,327.0,/Users/Hannah/Programming/data_eyeblink/geometry_preservation_outputs/geometry_preservation_rat0314_set0314_dim3_bins5_2026-04-29_10-24-36.npz,0.6394589967115095,0.7942641105256335,0.6394589967115095
rat0314,shuffle_null_mean,,328.0,/Users/Hannah/Programming/data_eyeblink/geometry_preservation_outputs/geometry_preservation_rat0314_set0314_dim3_bins5_2026-04-29_10-24-36.npz,0.6673605194930778,0.8081086213921441,0.6673605194930778
rat0314,shuffle_null_mean,,329.0,/Users/Hannah/Programming/data_eyeblink/geometry_preservation_outputs/geometry_preservation_rat0314_set0314_dim3_bins5_2026-04-29_10-24-36.npz,0.5976807781086587,0.7447647174414704,0.5976807781086587
rat0314,shuffle_null_mean,,330.0,/Users/Hannah/Programming/data_eyeblink/geometry_preservation_outputs/geometry_preservation_rat0314_set0314_dim3_bins5_2026-04-29_10-24-36.npz,0.6252071057087611,0.7744925238378413,0.6252071057087611
rat0314,shuffle_null_mean,,331.0,/Users/Hannah/Programming/data_eyeblink/geometry_preservation_outputs/geometry_preservation_rat0314_set0314_dim3_bins5_2026-04-29_10-24-36.npz,0.5618727142493969,0.7294145974550742,0.5618727142493969
rat0314,shuffle_null_mean,,332.0,/Users/Hannah/Programming/data_eyeblink/geometry_preservation_outputs/geometry_preservation_rat0314_set0314_dim3_bins5_2026-04-29_10-24-36.npz,0.585073744560153,0.7525808792600495,0.585073744560153
rat0314,shuffle_null_mean,,333.0,/Users/Hannah/Programming/data_eyeblink/geometry_preservation_outputs/geometry_preservation_rat0314_set0314_dim3_bins5_2026-04-29_10-24-36.npz,0.5845776380806071,0.7468098976190535,0.5845776380806073
rat0314,shuffle_null_mean,,334.0,/Users/Hannah/Programming/data_eyeblink/geometry_preservation_outputs/geometry_preservation_rat0314_set0314_dim3_bins5_2026-04-29_10-24-36.npz,0.6047604147750898,0.7695138044787146,0.6047604147750898
rat0314,shuffle_null_mean,,335.0,/Users/Hannah/Programming/data_eyeblink/geometry_preservation_outputs/geometry_preservation_rat0314_set0314_dim3_bins5_2026-04-29_10-24-36.npz,0.6750676764116084,0.8151066901493618,0.6750676764116083
rat0314,shuffle_null_mean,,336.0,/Users/Hannah/Programming/data_eyeblink/geometry_preservation_outputs/geometry_preservation_rat0314_set0314_dim3_bins5_2026-04-29_10-24-36.npz,0.5415565750798275,0.7195820945721046,0.5415565750798275
rat0314,shuffle_null_mean,,337.0,/Users/Hannah/Programming/data_eyeblink/geometry_preservation_outputs/geometry_preservation_rat0314_set0314_dim3_bins5_2026-04-29_10-24-36.npz,0.44696940108654004,0.6446700035403888,0.44696940108654004
rat0314,shuffle_null_mean,,338.0,/Users/Hannah/Programming/data_eyeblink/geometry_preservation_outputs/geometry_preservation_rat0314_set0314_dim3_bins5_2026-04-29_10-24-36.npz,0.4839373633641233,0.6648197068138036,0.4839373633641233
rat0314,shuffle_null_mean,,339.0,/Users/Hannah/Programming/data_eyeblink/geometry_preservation_outputs/geometry_preservation_rat0314_set0314_dim3_bins5_2026-04-29_10-24-36.npz,0.6280970736762828,0.7804193286852689,0.6280970736762828
rat0314,shuffle_null_mean,,340.0,/Users/Hannah/Programming/data_eyeblink/geometry_preservation_outputs/geometry_preservation_rat0314_set0314_dim3_bins5_2026-04-29_10-24-36.npz,0.6597213881326686,0.7931234753611853,0.6597213881326687
rat0314,shuffle_null_mean,,341.0,/Users/Hannah/Programming/data_eyeblink/geometry_preservation_outputs/geometry_preservation_rat0314_set0314_dim3_bins5_2026-04-29_10-24-36.npz,0.6112288497663834,0.7676251289319778,0.6112288497663834
rat0314,shuffle_null_mean,,342.0,/Users/Hannah/Programming/data_eyeblink/geometry_preservation_outputs/geometry_preservation_rat0314_set0314_dim3_bins5_2026-04-29_10-24-36.npz,0.6449602189837462,0.7910270064386729,0.6449602189837462
rat0314,shuffle_null_mean,,343.0,/Users/Hannah/Programming/data_eyeblink/geometry_preservation_outputs/geometry_preservation_rat0314_set0314_dim3_bins5_2026-04-29_10-24-36.npz,0.6677170329833289,0.8080505040007694,0.6677170329833289
rat0314,shuffle_null_mean,,344.0,/Users/Hannah/Programming/data_eyeblink/geometry_preservation_outputs/geometry_preservation_rat0314_set0314_dim3_bins5_2026-04-29_10-24-36.npz,0.6121642595622964,0.773517429753931,0.6121642595622961
rat0314,shuffle_null_mean,,345.0,/Users/Hannah/Programming/data_eyeblink/geometry_preservation_outputs/geometry_preservation_rat0314_set0314_dim3_bins5_2026-04-29_10-24-36.npz,0.6370101729915021,0.7864249781799465,0.6370101729915021
rat0314,shuffle_null_mean,,346.0,/Users/Hannah/Programming/data_eyeblink/geometry_preservation_outputs/geometry_preservation_rat0314_set0314_dim3_bins5_2026-04-29_10-24-36.npz,0.6975475542707281,0.823089206776452,0.697547554270728
rat0314,shuffle_null_mean,,347.0,/Users/Hannah/Programming/data_eyeblink/geometry_preservation_outputs/geometry_preservation_rat0314_set0314_dim3_bins5_2026-04-29_10-24-36.npz,0.533469634996534,0.7101980267874526,0.533469634996534
rat0314,shuffle_null_mean,,348.0,/Users/Hannah/Programming/data_eyeblink/geometry_preservation_outputs/geometry_preservation_rat0314_set0314_dim3_bins5_2026-04-29_10-24-36.npz,0.6748643941566972,0.8157674239903072,0.674864394156697
rat0314,shuffle_null_mean,,349.0,/Users/Hannah/Programming/data_eyeblink/geometry_preservation_outputs/geometry_preservation_rat0314_set0314_dim3_bins5_2026-04-29_10-24-36.npz,0.6598660758997337,0.8049214060036345,0.6598660758997335
rat0314,shuffle_null_mean,,350.0,/Users/Hannah/Programming/data_eyeblink/geometry_preservation_outputs/geometry_preservation_rat0314_set0314_dim3_bins5_2026-04-29_10-24-36.npz,0.6496260975198922,0.7936788569952931,0.6496260975198922
rat0314,shuffle_null_mean,,351.0,/Users/Hannah/Programming/data_eyeblink/geometry_preservation_outputs/geometry_preservation_rat0314_set0314_dim3_bins5_2026-04-29_10-24-36.npz,0.5929312220003442,0.7578515704471449,0.592931222000344
rat0314,shuffle_null_mean,,352.0,/Users/Hannah/Programming/data_eyeblink/geometry_preservation_outputs/geometry_preservation_rat0314_set0314_dim3_bins5_2026-04-29_10-24-36.npz,0.6426267662717338,0.7887436780588034,0.6426267662717338
rat0314,shuffle_null_mean,,353.0,/Users/Hannah/Programming/data_eyeblink/geometry_preservation_outputs/geometry_preservation_rat0314_set0314_dim3_bins5_2026-04-29_10-24-36.npz,0.6468609739847325,0.7959790636784684,0.6468609739847326
rat0314,shuffle_null_mean,,354.0,/Users/Hannah/Programming/data_eyeblink/geometry_preservation_outputs/geometry_preservation_rat0314_set0314_dim3_bins5_2026-04-29_10-24-36.npz,0.6760535895704812,0.8084638797678496,0.6760535895704811
rat0314,shuffle_null_mean,,355.0,/Users/Hannah/Programming/data_eyeblink/geometry_preservation_outputs/geometry_preservation_rat0314_set0314_dim3_bins5_2026-04-29_10-24-36.npz,0.6718872978960092,0.8089654794332228,0.6718872978960092
rat0314,shuffle_null_mean,,356.0,/Users/Hannah/Programming/data_eyeblink/geometry_preservation_outputs/geometry_preservation_rat0314_set0314_dim3_bins5_2026-04-29_10-24-36.npz,0.548274626034574,0.7115148222589561,0.5482746260345739
rat0314,shuffle_null_mean,,357.0,/Users/Hannah/Programming/data_eyeblink/geometry_preservation_outputs/geometry_preservation_rat0314_set0314_dim3_bins5_2026-04-29_10-24-36.npz,0.6179662522946131,0.7710621188564037,0.6179662522946131
rat0314,shuffle_null_mean,,358.0,/Users/Hannah/Programming/data_eyeblink/geometry_preservation_outputs/geometry_preservation_rat0314_set0314_dim3_bins5_2026-04-29_10-24-36.npz,0.6456186418324783,0.7899122101570575,0.6456186418324783
rat0314,shuffle_null_mean,,359.0,/Users/Hannah/Programming/data_eyeblink/geometry_preservation_outputs/geometry_preservation_rat0314_set0314_dim3_bins5_2026-04-29_10-24-36.npz,0.5494018418855526,0.7286300584949241,0.5494018418855526
rat0314,shuffle_null_mean,,360.0,/Users/Hannah/Programming/data_eyeblink/geometry_preservation_outputs/geometry_preservation_rat0314_set0314_dim3_bins5_2026-04-29_10-24-36.npz,0.6341883284398897,0.779626732173843,0.6341883284398897
rat0314,shuffle_null_mean,,361.0,/Users/Hannah/Programming/data_eyeblink/geometry_preservation_outputs/geometry_preservation_rat0314_set0314_dim3_bins5_2026-04-29_10-24-36.npz,0.6549771184372648,0.7940061233161524,0.654977118437265
rat0314,shuffle_null_mean,,362.0,/Users/Hannah/Programming/data_eyeblink/geometry_preservation_outputs/geometry_preservation_rat0314_set0314_dim3_bins5_2026-04-29_10-24-36.npz,0.6257532064737791,0.7792330494308322,0.625753206473779
rat0314,shuffle_null_mean,,363.0,/Users/Hannah/Programming/data_eyeblink/geometry_preservation_outputs/geometry_preservation_rat0314_set0314_dim3_bins5_2026-04-29_10-24-36.npz,0.6583418747662751,0.7988303507076225,0.6583418747662753
rat0314,shuffle_null_mean,,364.0,/Users/Hannah/Programming/data_eyeblink/geometry_preservation_outputs/geometry_preservation_rat0314_set0314_dim3_bins5_2026-04-29_10-24-36.npz,0.5724702350010765,0.7420061258077268,0.5724702350010765
rat0314,shuffle_null_mean,,365.0,/Users/Hannah/Programming/data_eyeblink/geometry_preservation_outputs/geometry_preservation_rat0314_set0314_dim3_bins5_2026-04-29_10-24-36.npz,0.6381806849719588,0.7872577263969964,0.6381806849719588
rat0314,shuffle_null_mean,,366.0,/Users/Hannah/Programming/data_eyeblink/geometry_preservation_outputs/geometry_preservation_rat0314_set0314_dim3_bins5_2026-04-29_10-24-36.npz,0.6095503626199836,0.7613223092853871,0.6095503626199836
rat0314,shuffle_null_mean,,367.0,/Users/Hannah/Programming/data_eyeblink/geometry_preservation_outputs/geometry_preservation_rat0314_set0314_dim3_bins5_2026-04-29_10-24-36.npz,0.6472234609020193,0.7980019107604979,0.6472234609020193
rat0314,shuffle_null_mean,,368.0,/Users/Hannah/Programming/data_eyeblink/geometry_preservation_outputs/geometry_preservation_rat0314_set0314_dim3_bins5_2026-04-29_10-24-36.npz,0.5829328301851706,0.7469361992082927,0.5829328301851706
rat0314,shuffle_null_mean,,369.0,/Users/Hannah/Programming/data_eyeblink/geometry_preservation_outputs/geometry_preservation_rat0314_set0314_dim3_bins5_2026-04-29_10-24-36.npz,0.620435139637124,0.772161060526474,0.6204351396371239
rat0314,shuffle_null_mean,,370.0,/Users/Hannah/Programming/data_eyeblink/geometry_preservation_outputs/geometry_preservation_rat0314_set0314_dim3_bins5_2026-04-29_10-24-36.npz,0.632387465027686,0.7899810418217514,0.6323874650276858
rat0314,shuffle_null_mean,,371.0,/Users/Hannah/Programming/data_eyeblink/geometry_preservation_outputs/geometry_preservation_rat0314_set0314_dim3_bins5_2026-04-29_10-24-36.npz,0.6022453258961452,0.7553577890722891,0.602245325896145
rat0314,shuffle_null_mean,,372.0,/Users/Hannah/Programming/data_eyeblink/geometry_preservation_outputs/geometry_preservation_rat0314_set0314_dim3_bins5_2026-04-29_10-24-36.npz,0.6414338267596206,0.788958925112747,0.6414338267596205
rat0314,shuffle_null_mean,,373.0,/Users/Hannah/Programming/data_eyeblink/geometry_preservation_outputs/geometry_preservation_rat0314_set0314_dim3_bins5_2026-04-29_10-24-36.npz,0.5686415308792662,0.7423600792987752,0.5686415308792662
rat0314,shuffle_null_mean,,374.0,/Users/Hannah/Programming/data_eyeblink/geometry_preservation_outputs/geometry_preservation_rat0314_set0314_dim3_bins5_2026-04-29_10-24-36.npz,0.5703606331318584,0.7406450027453848,0.5703606331318584
rat0314,shuffle_null_mean,,375.0,/Users/Hannah/Programming/data_eyeblink/geometry_preservation_outputs/geometry_preservation_rat0314_set0314_dim3_bins5_2026-04-29_10-24-36.npz,0.5456496845717953,0.7173894604425265,0.5456496845717953
rat0314,shuffle_null_mean,,376.0,/Users/Hannah/Programming/data_eyeblink/geometry_preservation_outputs/geometry_preservation_rat0314_set0314_dim3_bins5_2026-04-29_10-24-36.npz,0.6089626100000645,0.7666714752269904,0.6089626100000644
rat0314,shuffle_null_mean,,377.0,/Users/Hannah/Programming/data_eyeblink/geometry_preservation_outputs/geometry_preservation_rat0314_set0314_dim3_bins5_2026-04-29_10-24-36.npz,0.608962064470348,0.7687279955929168,0.608962064470348
rat0314,shuffle_null_mean,,378.0,/Users/Hannah/Programming/data_eyeblink/geometry_preservation_outputs/geometry_preservation_rat0314_set0314_dim3_bins5_2026-04-29_10-24-36.npz,0.522315791150643,0.6904789300229949,0.5223157911506429
rat0314,shuffle_null_mean,,379.0,/Users/Hannah/Programming/data_eyeblink/geometry_preservation_outputs/geometry_preservation_rat0314_set0314_dim3_bins5_2026-04-29_10-24-36.npz,0.563691020604043,0.7314427034479486,0.563691020604043
rat0314,shuffle_null_mean,,380.0,/Users/Hannah/Programming/data_eyeblink/geometry_preservation_outputs/geometry_preservation_rat0314_set0314_dim3_bins5_2026-04-29_10-24-36.npz,0.5593490962179606,0.7352994793810232,0.5593490962179606
rat0314,shuffle_null_mean,,381.0,/Users/Hannah/Programming/data_eyeblink/geometry_preservation_outputs/geometry_preservation_rat0314_set0314_dim3_bins5_2026-04-29_10-24-36.npz,0.6266813571484505,0.7713555823146263,0.6266813571484504
rat0314,shuffle_null_mean,,382.0,/Users/Hannah/Programming/data_eyeblink/geometry_preservation_outputs/geometry_preservation_rat0314_set0314_dim3_bins5_2026-04-29_10-24-36.npz,0.6445517205891643,0.79206189726641,0.6445517205891643
rat0314,shuffle_null_mean,,383.0,/Users/Hannah/Programming/data_eyeblink/geometry_preservation_outputs/geometry_preservation_rat0314_set0314_dim3_bins5_2026-04-29_10-24-36.npz,0.5949616267293909,0.7566875465449895,0.5949616267293909
rat0314,shuffle_null_mean,,384.0,/Users/Hannah/Programming/data_eyeblink/geometry_preservation_outputs/geometry_preservation_rat0314_set0314_dim3_bins5_2026-04-29_10-24-36.npz,0.5806583992288511,0.7476423377766853,0.5806583992288511
rat0314,shuffle_null_mean,,385.0,/Users/Hannah/Programming/data_eyeblink/geometry_preservation_outputs/geometry_preservation_rat0314_set0314_dim3_bins5_2026-04-29_10-24-36.npz,0.5961288171116386,0.76390178793941,0.5961288171116383
rat0314,shuffle_null_mean,,386.0,/Users/Hannah/Programming/data_eyeblink/geometry_preservation_outputs/geometry_preservation_rat0314_set0314_dim3_bins5_2026-04-29_10-24-36.npz,0.49022730496999306,0.6841340535238739,0.49022730496999306
rat0314,shuffle_null_mean,,387.0,/Users/Hannah/Programming/data_eyeblink/geometry_preservation_outputs/geometry_preservation_rat0314_set0314_dim3_bins5_2026-04-29_10-24-36.npz,0.5239272997170525,0.7055235358496754,0.5239272997170523
rat0314,shuffle_null_mean,,388.0,/Users/Hannah/Programming/data_eyeblink/geometry_preservation_outputs/geometry_preservation_rat0314_set0314_dim3_bins5_2026-04-29_10-24-36.npz,0.6204453913420785,0.7738181323910537,0.6204453913420785
rat0314,shuffle_null_mean,,389.0,/Users/Hannah/Programming/data_eyeblink/geometry_preservation_outputs/geometry_preservation_rat0314_set0314_dim3_bins5_2026-04-29_10-24-36.npz,0.6107670582036915,0.7689666257091377,0.6107670582036915
rat0314,shuffle_null_mean,,390.0,/Users/Hannah/Programming/data_eyeblink/geometry_preservation_outputs/geometry_preservation_rat0314_set0314_dim3_bins5_2026-04-29_10-24-36.npz,0.6488709644237046,0.7929953640230772,0.6488709644237046
rat0314,shuffle_null_mean,,391.0,/Users/Hannah/Programming/data_eyeblink/geometry_preservation_outputs/geometry_preservation_rat0314_set0314_dim3_bins5_2026-04-29_10-24-36.npz,0.6296175384214797,0.7770444598646826,0.6296175384214797
rat0314,shuffle_null_mean,,392.0,/Users/Hannah/Programming/data_eyeblink/geometry_preservation_outputs/geometry_preservation_rat0314_set0314_dim3_bins5_2026-04-29_10-24-36.npz,0.6233718026692089,0.7744750415546927,0.623371802669209
rat0314,shuffle_null_mean,,393.0,/Users/Hannah/Programming/data_eyeblink/geometry_preservation_outputs/geometry_preservation_rat0314_set0314_dim3_bins5_2026-04-29_10-24-36.npz,0.6487588887500741,0.7976864525686671,0.648758888750074
rat0314,shuffle_null_mean,,394.0,/Users/Hannah/Programming/data_eyeblink/geometry_preservation_outputs/geometry_preservation_rat0314_set0314_dim3_bins5_2026-04-29_10-24-36.npz,0.6728255429315995,0.813604232409,0.6728255429315994
rat0314,shuffle_null_mean,,395.0,/Users/Hannah/Programming/data_eyeblink/geometry_preservation_outputs/geometry_preservation_rat0314_set0314_dim3_bins5_2026-04-29_10-24-36.npz,0.5741078871546801,0.7351125913741597,0.57410788715468
rat0314,shuffle_null_mean,,396.0,/Users/Hannah/Programming/data_eyeblink/geometry_preservation_outputs/geometry_preservation_rat0314_set0314_dim3_bins5_2026-04-29_10-24-36.npz,0.6306207631490504,0.7842812584598992,0.6306207631490504
rat0314,shuffle_null_mean,,397.0,/Users/Hannah/Programming/data_eyeblink/geometry_preservation_outputs/geometry_preservation_rat0314_set0314_dim3_bins5_2026-04-29_10-24-36.npz,0.5914210646117921,0.7493390854619139,0.5914210646117921
rat0314,shuffle_null_mean,,398.0,/Users/Hannah/Programming/data_eyeblink/geometry_preservation_outputs/geometry_preservation_rat0314_set0314_dim3_bins5_2026-04-29_10-24-36.npz,0.6451715833330199,0.7913387344472678,0.6451715833330198
rat0314,shuffle_null_mean,,399.0,/Users/Hannah/Programming/data_eyeblink/geometry_preservation_outputs/geometry_preservation_rat0314_set0314_dim3_bins5_2026-04-29_10-24-36.npz,0.563219507099251,0.7362997742614599,0.563219507099251
rat0314,shuffle_null_mean,,400.0,/Users/Hannah/Programming/data_eyeblink/geometry_preservation_outputs/geometry_preservation_rat0314_set0314_dim3_bins5_2026-04-29_10-24-36.npz,0.571703670639475,0.7387819357721026,0.571703670639475
rat0314,shuffle_null_mean,,401.0,/Users/Hannah/Programming/data_eyeblink/geometry_preservation_outputs/geometry_preservation_rat0314_set0314_dim3_bins5_2026-04-29_10-24-36.npz,0.5719374043355037,0.7389136097302915,0.5719374043355037
rat0314,shuffle_null_mean,,402.0,/Users/Hannah/Programming/data_eyeblink/geometry_preservation_outputs/geometry_preservation_rat0314_set0314_dim3_bins5_2026-04-29_10-24-36.npz,0.6075210848601769,0.7683010468338893,0.6075210848601769
rat0314,shuffle_null_mean,,403.0,/Users/Hannah/Programming/data_eyeblink/geometry_preservation_outputs/geometry_preservation_rat0314_set0314_dim3_bins5_2026-04-29_10-24-36.npz,0.6526210996359405,0.7953867878017336,0.6526210996359405
rat0314,shuffle_null_mean,,404.0,/Users/Hannah/Programming/data_eyeblink/geometry_preservation_outputs/geometry_preservation_rat0314_set0314_dim3_bins5_2026-04-29_10-24-36.npz,0.6749883883868242,0.8135504385244529,0.6749883883868242
rat0314,shuffle_null_mean,,405.0,/Users/Hannah/Programming/data_eyeblink/geometry_preservation_outputs/geometry_preservation_rat0314_set0314_dim3_bins5_2026-04-29_10-24-36.npz,0.5407486153437124,0.7191717359047795,0.5407486153437124
rat0314,shuffle_null_mean,,406.0,/Users/Hannah/Programming/data_eyeblink/geometry_preservation_outputs/geometry_preservation_rat0314_set0314_dim3_bins5_2026-04-29_10-24-36.npz,0.6915539510558947,0.8209786950394851,0.6915539510558948
rat0314,shuffle_null_mean,,407.0,/Users/Hannah/Programming/data_eyeblink/geometry_preservation_outputs/geometry_preservation_rat0314_set0314_dim3_bins5_2026-04-29_10-24-36.npz,0.6460009794607207,0.7928631150867124,0.6460009794607207
rat0314,shuffle_null_mean,,408.0,/Users/Hannah/Programming/data_eyeblink/geometry_preservation_outputs/geometry_preservation_rat0314_set0314_dim3_bins5_2026-04-29_10-24-36.npz,0.6576563439720357,0.8019659014206308,0.6576563439720358
rat0314,shuffle_null_mean,,409.0,/Users/Hannah/Programming/data_eyeblink/geometry_preservation_outputs/geometry_preservation_rat0314_set0314_dim3_bins5_2026-04-29_10-24-36.npz,0.6463223710892994,0.7948065072739576,0.6463223710892992
rat0314,shuffle_null_mean,,410.0,/Users/Hannah/Programming/data_eyeblink/geometry_preservation_outputs/geometry_preservation_rat0314_set0314_dim3_bins5_2026-04-29_10-24-36.npz,0.6486300750246351,0.7910361605365368,0.6486300750246351
rat0314,shuffle_null_mean,,411.0,/Users/Hannah/Programming/data_eyeblink/geometry_preservation_outputs/geometry_preservation_rat0314_set0314_dim3_bins5_2026-04-29_10-24-36.npz,0.569034370043451,0.7313833626961571,0.5690343700434511
rat0314,shuffle_null_mean,,412.0,/Users/Hannah/Programming/data_eyeblink/geometry_preservation_outputs/geometry_preservation_rat0314_set0314_dim3_bins5_2026-04-29_10-24-36.npz,0.5953727076042887,0.7586690641783893,0.5953727076042887
rat0314,shuffle_null_mean,,413.0,/Users/Hannah/Programming/data_eyeblink/geometry_preservation_outputs/geometry_preservation_rat0314_set0314_dim3_bins5_2026-04-29_10-24-36.npz,0.5499035603619203,0.708521172393508,0.5499035603619203
rat0314,shuffle_null_mean,,414.0,/Users/Hannah/Programming/data_eyeblink/geometry_preservation_outputs/geometry_preservation_rat0314_set0314_dim3_bins5_2026-04-29_10-24-36.npz,0.5451023350958264,0.7225349887140734,0.5451023350958264
rat0314,shuffle_null_mean,,415.0,/Users/Hannah/Programming/data_eyeblink/geometry_preservation_outputs/geometry_preservation_rat0314_set0314_dim3_bins5_2026-04-29_10-24-36.npz,0.5090646670609227,0.6892305464655449,0.5090646670609227
rat0314,shuffle_null_mean,,416.0,/Users/Hannah/Programming/data_eyeblink/geometry_preservation_outputs/geometry_preservation_rat0314_set0314_dim3_bins5_2026-04-29_10-24-36.npz,0.6542846518982623,0.8007110899062411,0.6542846518982623
rat0314,shuffle_null_mean,,417.0,/Users/Hannah/Programming/data_eyeblink/geometry_preservation_outputs/geometry_preservation_rat0314_set0314_dim3_bins5_2026-04-29_10-24-36.npz,0.6393815021487013,0.791055851138313,0.6393815021487012
rat0314,shuffle_null_mean,,418.0,/Users/Hannah/Programming/data_eyeblink/geometry_preservation_outputs/geometry_preservation_rat0314_set0314_dim3_bins5_2026-04-29_10-24-36.npz,0.6655011699930393,0.7988256692520281,0.6655011699930393
rat0314,shuffle_null_mean,,419.0,/Users/Hannah/Programming/data_eyeblink/geometry_preservation_outputs/geometry_preservation_rat0314_set0314_dim3_bins5_2026-04-29_10-24-36.npz,0.6346337714862302,0.7867416247626947,0.6346337714862305
rat0314,shuffle_null_mean,,420.0,/Users/Hannah/Programming/data_eyeblink/geometry_preservation_outputs/geometry_preservation_rat0314_set0314_dim3_bins5_2026-04-29_10-24-36.npz,0.5833089690130524,0.7296507735164701,0.5833089690130524
rat0314,shuffle_null_mean,,421.0,/Users/Hannah/Programming/data_eyeblink/geometry_preservation_outputs/geometry_preservation_rat0314_set0314_dim3_bins5_2026-04-29_10-24-36.npz,0.5264854793942344,0.6971735411031281,0.5264854793942343
rat0314,shuffle_null_mean,,422.0,/Users/Hannah/Programming/data_eyeblink/geometry_preservation_outputs/geometry_preservation_rat0314_set0314_dim3_bins5_2026-04-29_10-24-36.npz,0.5462261163545186,0.7283063441139864,0.5462261163545186
rat0314,shuffle_null_mean,,423.0,/Users/Hannah/Programming/data_eyeblink/geometry_preservation_outputs/geometry_preservation_rat0314_set0314_dim3_bins5_2026-04-29_10-24-36.npz,0.5885013506570553,0.738406249006238,0.5885013506570553
rat0314,shuffle_null_mean,,424.0,/Users/Hannah/Programming/data_eyeblink/geometry_preservation_outputs/geometry_preservation_rat0314_set0314_dim3_bins5_2026-04-29_10-24-36.npz,0.6677115956208616,0.8076418739017157,0.6677115956208615
rat0314,shuffle_null_mean,,425.0,/Users/Hannah/Programming/data_eyeblink/geometry_preservation_outputs/geometry_preservation_rat0314_set0314_dim3_bins5_2026-04-29_10-24-36.npz,0.5975335845278953,0.7563918760739011,0.5975335845278953
rat0314,shuffle_null_mean,,426.0,/Users/Hannah/Programming/data_eyeblink/geometry_preservation_outputs/geometry_preservation_rat0314_set0314_dim3_bins5_2026-04-29_10-24-36.npz,0.6582261762971888,0.7931793078105221,0.6582261762971887
rat0314,shuffle_null_mean,,427.0,/Users/Hannah/Programming/data_eyeblink/geometry_preservation_outputs/geometry_preservation_rat0314_set0314_dim3_bins5_2026-04-29_10-24-36.npz,0.5921402089334025,0.7484731265163433,0.5921402089334026
rat0314,shuffle_null_mean,,428.0,/Users/Hannah/Programming/data_eyeblink/geometry_preservation_outputs/geometry_preservation_rat0314_set0314_dim3_bins5_2026-04-29_10-24-36.npz,0.6781152767270435,0.8198535198460384,0.6781152767270435
rat0314,shuffle_null_mean,,429.0,/Users/Hannah/Programming/data_eyeblink/geometry_preservation_outputs/geometry_preservation_rat0314_set0314_dim3_bins5_2026-04-29_10-24-36.npz,0.6269447147203563,0.7791297281219476,0.6269447147203561
rat0314,shuffle_null_mean,,430.0,/Users/Hannah/Programming/data_eyeblink/geometry_preservation_outputs/geometry_preservation_rat0314_set0314_dim3_bins5_2026-04-29_10-24-36.npz,0.6741543913108825,0.8124606767722906,0.6741543913108824
rat0314,shuffle_null_mean,,431.0,/Users/Hannah/Programming/data_eyeblink/geometry_preservation_outputs/geometry_preservation_rat0314_set0314_dim3_bins5_2026-04-29_10-24-36.npz,0.6247868399008508,0.7732489281646809,0.6247868399008508
rat0314,shuffle_null_mean,,432.0,/Users/Hannah/Programming/data_eyeblink/geometry_preservation_outputs/geometry_preservation_rat0314_set0314_dim3_bins5_2026-04-29_10-24-36.npz,0.6133219837594486,0.7655412041827029,0.6133219837594487
rat0314,shuffle_null_mean,,433.0,/Users/Hannah/Programming/data_eyeblink/geometry_preservation_outputs/geometry_preservation_rat0314_set0314_dim3_bins5_2026-04-29_10-24-36.npz,0.6244978788336243,0.7825335978805935,0.6244978788336243
rat0314,shuffle_null_mean,,434.0,/Users/Hannah/Programming/data_eyeblink/geometry_preservation_outputs/geometry_preservation_rat0314_set0314_dim3_bins5_2026-04-29_10-24-36.npz,0.6008463834282561,0.7570703639214318,0.6008463834282561
rat0314,shuffle_null_mean,,435.0,/Users/Hannah/Programming/data_eyeblink/geometry_preservation_outputs/geometry_preservation_rat0314_set0314_dim3_bins5_2026-04-29_10-24-36.npz,0.5909633847971961,0.7536388809366241,0.590963384797196
rat0314,shuffle_null_mean,,436.0,/Users/Hannah/Programming/data_eyeblink/geometry_preservation_outputs/geometry_preservation_rat0314_set0314_dim3_bins5_2026-04-29_10-24-36.npz,0.6257496539309544,0.7761971732852925,0.6257496539309544
rat0314,shuffle_null_mean,,437.0,/Users/Hannah/Programming/data_eyeblink/geometry_preservation_outputs/geometry_preservation_rat0314_set0314_dim3_bins5_2026-04-29_10-24-36.npz,0.7322015845536493,0.8501101123213841,0.7322015845536493
rat0314,shuffle_null_mean,,438.0,/Users/Hannah/Programming/data_eyeblink/geometry_preservation_outputs/geometry_preservation_rat0314_set0314_dim3_bins5_2026-04-29_10-24-36.npz,0.6562380233185784,0.7994443220856313,0.6562380233185784
rat0314,shuffle_null_mean,,439.0,/Users/Hannah/Programming/data_eyeblink/geometry_preservation_outputs/geometry_preservation_rat0314_set0314_dim3_bins5_2026-04-29_10-24-36.npz,0.6893579112130525,0.8224035899531374,0.6893579112130525
rat0314,shuffle_null_mean,,440.0,/Users/Hannah/Programming/data_eyeblink/geometry_preservation_outputs/geometry_preservation_rat0314_set0314_dim3_bins5_2026-04-29_10-24-36.npz,0.639622005287013,0.7781048974346272,0.639622005287013
rat0314,shuffle_null_mean,,441.0,/Users/Hannah/Programming/data_eyeblink/geometry_preservation_outputs/geometry_preservation_rat0314_set0314_dim3_bins5_2026-04-29_10-24-36.npz,0.6175582547475129,0.7720952034269749,0.6175582547475129
rat0314,shuffle_null_mean,,442.0,/Users/Hannah/Programming/data_eyeblink/geometry_preservation_outputs/geometry_preservation_rat0314_set0314_dim3_bins5_2026-04-29_10-24-36.npz,0.6329263498961347,0.779339710683946,0.6329263498961348
rat0314,shuffle_null_mean,,443.0,/Users/Hannah/Programming/data_eyeblink/geometry_preservation_outputs/geometry_preservation_rat0314_set0314_dim3_bins5_2026-04-29_10-24-36.npz,0.5752253294514625,0.7379210229301927,0.5752253294514624
rat0314,shuffle_null_mean,,444.0,/Users/Hannah/Programming/data_eyeblink/geometry_preservation_outputs/geometry_preservation_rat0314_set0314_dim3_bins5_2026-04-29_10-24-36.npz,0.6301135476509254,0.773790805810384,0.6301135476509254
rat0314,shuffle_null_mean,,445.0,/Users/Hannah/Programming/data_eyeblink/geometry_preservation_outputs/geometry_preservation_rat0314_set0314_dim3_bins5_2026-04-29_10-24-36.npz,0.605486197247905,0.7683350582668426,0.6054861972479049
rat0314,shuffle_null_mean,,446.0,/Users/Hannah/Programming/data_eyeblink/geometry_preservation_outputs/geometry_preservation_rat0314_set0314_dim3_bins5_2026-04-29_10-24-36.npz,0.5382955848217631,0.7132710319310805,0.5382955848217631
rat0314,shuffle_null_mean,,447.0,/Users/Hannah/Programming/data_eyeblink/geometry_preservation_outputs/geometry_preservation_rat0314_set0314_dim3_bins5_2026-04-29_10-24-36.npz,0.5313541246424366,0.7178393360726617,0.5313541246424366
rat0314,shuffle_null_mean,,448.0,/Users/Hannah/Programming/data_eyeblink/geometry_preservation_outputs/geometry_preservation_rat0314_set0314_dim3_bins5_2026-04-29_10-24-36.npz,0.6578032676776702,0.8014655233004015,0.6578032676776702
rat0314,shuffle_null_mean,,449.0,/Users/Hannah/Programming/data_eyeblink/geometry_preservation_outputs/geometry_preservation_rat0314_set0314_dim3_bins5_2026-04-29_10-24-36.npz,0.6822958624254978,0.8153830045780948,0.6822958624254978
rat0314,shuffle_null_mean,,450.0,/Users/Hannah/Programming/data_eyeblink/geometry_preservation_outputs/geometry_preservation_rat0314_set0314_dim3_bins5_2026-04-29_10-24-36.npz,0.5555655940519358,0.7240039998065992,0.5555655940519358
rat0314,shuffle_null_mean,,451.0,/Users/Hannah/Programming/data_eyeblink/geometry_preservation_outputs/geometry_preservation_rat0314_set0314_dim3_bins5_2026-04-29_10-24-36.npz,0.6409252901485085,0.7838569379618667,0.6409252901485085
rat0314,shuffle_null_mean,,452.0,/Users/Hannah/Programming/data_eyeblink/geometry_preservation_outputs/geometry_preservation_rat0314_set0314_dim3_bins5_2026-04-29_10-24-36.npz,0.6378746877753456,0.7788903631490927,0.6378746877753456
rat0314,shuffle_null_mean,,453.0,/Users/Hannah/Programming/data_eyeblink/geometry_preservation_outputs/geometry_preservation_rat0314_set0314_dim3_bins5_2026-04-29_10-24-36.npz,0.5061067119937241,0.6931067033606746,0.5061067119937241
rat0314,shuffle_null_mean,,454.0,/Users/Hannah/Programming/data_eyeblink/geometry_preservation_outputs/geometry_preservation_rat0314_set0314_dim3_bins5_2026-04-29_10-24-36.npz,0.6404360125956648,0.7831490318518606,0.6404360125956646
rat0314,shuffle_null_mean,,455.0,/Users/Hannah/Programming/data_eyeblink/geometry_preservation_outputs/geometry_preservation_rat0314_set0314_dim3_bins5_2026-04-29_10-24-36.npz,0.5765774471142215,0.7486037701695021,0.5765774471142214
rat0314,shuffle_null_mean,,456.0,/Users/Hannah/Programming/data_eyeblink/geometry_preservation_outputs/geometry_preservation_rat0314_set0314_dim3_bins5_2026-04-29_10-24-36.npz,0.6488251654761,0.7947418684403139,0.6488251654760999
rat0314,shuffle_null_mean,,457.0,/Users/Hannah/Programming/data_eyeblink/geometry_preservation_outputs/geometry_preservation_rat0314_set0314_dim3_bins5_2026-04-29_10-24-36.npz,0.651562520396305,0.8003886050110125,0.651562520396305
rat0314,shuffle_null_mean,,458.0,/Users/Hannah/Programming/data_eyeblink/geometry_preservation_outputs/geometry_preservation_rat0314_set0314_dim3_bins5_2026-04-29_10-24-36.npz,0.6282759040924014,0.7685057036723013,0.6282759040924013
rat0314,shuffle_null_mean,,459.0,/Users/Hannah/Programming/data_eyeblink/geometry_preservation_outputs/geometry_preservation_rat0314_set0314_dim3_bins5_2026-04-29_10-24-36.npz,0.658447093125515,0.7992787501145463,0.6584470931255149
rat0314,shuffle_null_mean,,460.0,/Users/Hannah/Programming/data_eyeblink/geometry_preservation_outputs/geometry_preservation_rat0314_set0314_dim3_bins5_2026-04-29_10-24-36.npz,0.6336144779628683,0.7848360127625222,0.6336144779628683
rat0314,shuffle_null_mean,,461.0,/Users/Hannah/Programming/data_eyeblink/geometry_preservation_outputs/geometry_preservation_rat0314_set0314_dim3_bins5_2026-04-29_10-24-36.npz,0.585104994843911,0.7416590801661551,0.585104994843911
rat0314,shuffle_null_mean,,462.0,/Users/Hannah/Programming/data_eyeblink/geometry_preservation_outputs/geometry_preservation_rat0314_set0314_dim3_bins5_2026-04-29_10-24-36.npz,0.7036769569397193,0.8343757260359623,0.7036769569397193
rat0314,shuffle_null_mean,,463.0,/Users/Hannah/Programming/data_eyeblink/geometry_preservation_outputs/geometry_preservation_rat0314_set0314_dim3_bins5_2026-04-29_10-24-36.npz,0.46137641026967124,0.6516016060144506,0.46137641026967124
rat0314,shuffle_null_mean,,464.0,/Users/Hannah/Programming/data_eyeblink/geometry_preservation_outputs/geometry_preservation_rat0314_set0314_dim3_bins5_2026-04-29_10-24-36.npz,0.6461407232081222,0.7888816675121667,0.6461407232081221
rat0314,shuffle_null_mean,,465.0,/Users/Hannah/Programming/data_eyeblink/geometry_preservation_outputs/geometry_preservation_rat0314_set0314_dim3_bins5_2026-04-29_10-24-36.npz,0.5986984223149271,0.7599706448078779,0.598698422314927
rat0314,shuffle_null_mean,,466.0,/Users/Hannah/Programming/data_eyeblink/geometry_preservation_outputs/geometry_preservation_rat0314_set0314_dim3_bins5_2026-04-29_10-24-36.npz,0.5838603778909583,0.7481783030994957,0.5838603778909583
rat0314,shuffle_null_mean,,467.0,/Users/Hannah/Programming/data_eyeblink/geometry_preservation_outputs/geometry_preservation_rat0314_set0314_dim3_bins5_2026-04-29_10-24-36.npz,0.6779495091952016,0.8112694459212376,0.6779495091952016
rat0314,shuffle_null_mean,,468.0,/Users/Hannah/Programming/data_eyeblink/geometry_preservation_outputs/geometry_preservation_rat0314_set0314_dim3_bins5_2026-04-29_10-24-36.npz,0.606399168306367,0.7631319253444298,0.606399168306367
rat0314,shuffle_null_mean,,469.0,/Users/Hannah/Programming/data_eyeblink/geometry_preservation_outputs/geometry_preservation_rat0314_set0314_dim3_bins5_2026-04-29_10-24-36.npz,0.582970298792341,0.7481718696146061,0.582970298792341
rat0314,shuffle_null_mean,,470.0,/Users/Hannah/Programming/data_eyeblink/geometry_preservation_outputs/geometry_preservation_rat0314_set0314_dim3_bins5_2026-04-29_10-24-36.npz,0.5482303399225799,0.7202239759937481,0.5482303399225799
rat0314,shuffle_null_mean,,471.0,/Users/Hannah/Programming/data_eyeblink/geometry_preservation_outputs/geometry_preservation_rat0314_set0314_dim3_bins5_2026-04-29_10-24-36.npz,0.6123825637571687,0.7639130803957472,0.6123825637571687
rat0314,shuffle_null_mean,,472.0,/Users/Hannah/Programming/data_eyeblink/geometry_preservation_outputs/geometry_preservation_rat0314_set0314_dim3_bins5_2026-04-29_10-24-36.npz,0.6013098022413513,0.759018079970423,0.6013098022413513
rat0314,shuffle_null_mean,,473.0,/Users/Hannah/Programming/data_eyeblink/geometry_preservation_outputs/geometry_preservation_rat0314_set0314_dim3_bins5_2026-04-29_10-24-36.npz,0.6064721374761104,0.7600672334103925,0.6064721374761104
rat0314,shuffle_null_mean,,474.0,/Users/Hannah/Programming/data_eyeblink/geometry_preservation_outputs/geometry_preservation_rat0314_set0314_dim3_bins5_2026-04-29_10-24-36.npz,0.6227495690987651,0.7754492856199925,0.6227495690987651
rat0314,shuffle_null_mean,,475.0,/Users/Hannah/Programming/data_eyeblink/geometry_preservation_outputs/geometry_preservation_rat0314_set0314_dim3_bins5_2026-04-29_10-24-36.npz,0.6133416410484546,0.7599877687826202,0.6133416410484546
rat0314,shuffle_null_mean,,476.0,/Users/Hannah/Programming/data_eyeblink/geometry_preservation_outputs/geometry_preservation_rat0314_set0314_dim3_bins5_2026-04-29_10-24-36.npz,0.5973759601881726,0.7632232825441332,0.5973759601881726
rat0314,shuffle_null_mean,,477.0,/Users/Hannah/Programming/data_eyeblink/geometry_preservation_outputs/geometry_preservation_rat0314_set0314_dim3_bins5_2026-04-29_10-24-36.npz,0.6491259813920975,0.7856614718906776,0.6491259813920975
rat0314,shuffle_null_mean,,478.0,/Users/Hannah/Programming/data_eyeblink/geometry_preservation_outputs/geometry_preservation_rat0314_set0314_dim3_bins5_2026-04-29_10-24-36.npz,0.6016437112307105,0.7564261748807154,0.6016437112307104
rat0314,shuffle_null_mean,,479.0,/Users/Hannah/Programming/data_eyeblink/geometry_preservation_outputs/geometry_preservation_rat0314_set0314_dim3_bins5_2026-04-29_10-24-36.npz,0.6730130040455036,0.8131132112426067,0.6730130040455035
rat0314,shuffle_null_mean,,480.0,/Users/Hannah/Programming/data_eyeblink/geometry_preservation_outputs/geometry_preservation_rat0314_set0314_dim3_bins5_2026-04-29_10-24-36.npz,0.6552942534346691,0.792478293183339,0.6552942534346692
rat0314,shuffle_null_mean,,481.0,/Users/Hannah/Programming/data_eyeblink/geometry_preservation_outputs/geometry_preservation_rat0314_set0314_dim3_bins5_2026-04-29_10-24-36.npz,0.689677827484334,0.8234175006640747,0.689677827484334
rat0314,shuffle_null_mean,,482.0,/Users/Hannah/Programming/data_eyeblink/geometry_preservation_outputs/geometry_preservation_rat0314_set0314_dim3_bins5_2026-04-29_10-24-36.npz,0.6845317937587592,0.8185766298570549,0.6845317937587592
rat0314,shuffle_null_mean,,483.0,/Users/Hannah/Programming/data_eyeblink/geometry_preservation_outputs/geometry_preservation_rat0314_set0314_dim3_bins5_2026-04-29_10-24-36.npz,0.5622741066189838,0.7335708393020818,0.5622741066189837
rat0314,shuffle_null_mean,,484.0,/Users/Hannah/Programming/data_eyeblink/geometry_preservation_outputs/geometry_preservation_rat0314_set0314_dim3_bins5_2026-04-29_10-24-36.npz,0.5966121282012764,0.7589801171639445,0.5966121282012763
rat0314,shuffle_null_mean,,485.0,/Users/Hannah/Programming/data_eyeblink/geometry_preservation_outputs/geometry_preservation_rat0314_set0314_dim3_bins5_2026-04-29_10-24-36.npz,0.6329413282814971,0.7884515428499302,0.6329413282814971
rat0314,shuffle_null_mean,,486.0,/Users/Hannah/Programming/data_eyeblink/geometry_preservation_outputs/geometry_preservation_rat0314_set0314_dim3_bins5_2026-04-29_10-24-36.npz,0.6111361109727446,0.7683249065572679,0.6111361109727447
rat0314,shuffle_null_mean,,487.0,/Users/Hannah/Programming/data_eyeblink/geometry_preservation_outputs/geometry_preservation_rat0314_set0314_dim3_bins5_2026-04-29_10-24-36.npz,0.6184136325070361,0.7761297621757762,0.6184136325070361
rat0314,shuffle_null_mean,,488.0,/Users/Hannah/Programming/data_eyeblink/geometry_preservation_outputs/geometry_preservation_rat0314_set0314_dim3_bins5_2026-04-29_10-24-36.npz,0.6763974129899035,0.8098031145619083,0.6763974129899035
rat0314,shuffle_null_mean,,489.0,/Users/Hannah/Programming/data_eyeblink/geometry_preservation_outputs/geometry_preservation_rat0314_set0314_dim3_bins5_2026-04-29_10-24-36.npz,0.5820732846970873,0.743269865730836,0.5820732846970874
rat0314,shuffle_null_mean,,490.0,/Users/Hannah/Programming/data_eyeblink/geometry_preservation_outputs/geometry_preservation_rat0314_set0314_dim3_bins5_2026-04-29_10-24-36.npz,0.6289728481018391,0.7809896177302811,0.6289728481018391
rat0314,shuffle_null_mean,,491.0,/Users/Hannah/Programming/data_eyeblink/geometry_preservation_outputs/geometry_preservation_rat0314_set0314_dim3_bins5_2026-04-29_10-24-36.npz,0.6184012712560211,0.7743722771405479,0.6184012712560211
rat0314,shuffle_null_mean,,492.0,/Users/Hannah/Programming/data_eyeblink/geometry_preservation_outputs/geometry_preservation_rat0314_set0314_dim3_bins5_2026-04-29_10-24-36.npz,0.585426846607296,0.7501842667036185,0.5854268466072962
rat0314,shuffle_null_mean,,493.0,/Users/Hannah/Programming/data_eyeblink/geometry_preservation_outputs/geometry_preservation_rat0314_set0314_dim3_bins5_2026-04-29_10-24-36.npz,0.5667209269867286,0.7462899810492833,0.5667209269867285
rat0314,shuffle_null_mean,,494.0,/Users/Hannah/Programming/data_eyeblink/geometry_preservation_outputs/geometry_preservation_rat0314_set0314_dim3_bins5_2026-04-29_10-24-36.npz,0.6094004115049393,0.7692926902603302,0.6094004115049392
rat0314,shuffle_null_mean,,495.0,/Users/Hannah/Programming/data_eyeblink/geometry_preservation_outputs/geometry_preservation_rat0314_set0314_dim3_bins5_2026-04-29_10-24-36.npz,0.6066462767099161,0.7579502073764814,0.606646276709916
rat0314,shuffle_null_mean,,496.0,/Users/Hannah/Programming/data_eyeblink/geometry_preservation_outputs/geometry_preservation_rat0314_set0314_dim3_bins5_2026-04-29_10-24-36.npz,0.67572368878354,0.8044208147805245,0.67572368878354
rat0314,shuffle_null_mean,,497.0,/Users/Hannah/Programming/data_eyeblink/geometry_preservation_outputs/geometry_preservation_rat0314_set0314_dim3_bins5_2026-04-29_10-24-36.npz,0.6761438663096586,0.8106387096341588,0.6761438663096586
rat0314,shuffle_null_mean,,498.0,/Users/Hannah/Programming/data_eyeblink/geometry_preservation_outputs/geometry_preservation_rat0314_set0314_dim3_bins5_2026-04-29_10-24-36.npz,0.5514450049600936,0.7231617575034422,0.5514450049600936
rat0314,shuffle_null_mean,,499.0,/Users/Hannah/Programming/data_eyeblink/geometry_preservation_outputs/geometry_preservation_rat0314_set0314_dim3_bins5_2026-04-29_10-24-36.npz,0.6621374575417074,0.8021965064386956,0.662137457541707
rat0816,real_run,0.0,,/Users/Hannah/Programming/data_eyeblink/geometry_preservation_outputs/geometry_preservation_rat0816_set0816_dim3_bins5_2026-04-29_09-47-24.npz,0.09017002099084784,0.3002832346150013,0.09017002099084791
rat0816,real_run,1.0,,/Users/Hannah/Programming/data_eyeblink/geometry_preservation_outputs/geometry_preservation_rat0816_set0816_dim3_bins5_2026-04-29_09-47-24.npz,0.06592160995165428,0.2567520398198509,0.06592160995165429
rat0816,real_run,2.0,,/Users/Hannah/Programming/data_eyeblink/geometry_preservation_outputs/geometry_preservation_rat0816_set0816_dim3_bins5_2026-04-29_09-47-24.npz,0.062325848999551695,0.24965145503191377,0.06232584899955167
rat0816,real_run,3.0,,/Users/Hannah/Programming/data_eyeblink/geometry_preservation_outputs/geometry_preservation_rat0816_set0816_dim3_bins5_2026-04-29_09-47-24.npz,0.2278214348242953,0.4773064370237378,0.2278214348242954
rat0816,real_run,4.0,,/Users/Hannah/Programming/data_eyeblink/geometry_preservation_outputs/geometry_preservation_rat0816_set0816_dim3_bins5_2026-04-29_09-47-24.npz,0.08864229785289962,0.29772856405272874,0.0886422978528998
rat0816,real_run,5.0,,/Users/Hannah/Programming/data_eyeblink/geometry_preservation_outputs/geometry_preservation_rat0816_set0816_dim3_bins5_2026-04-29_09-47-24.npz,0.27173341597401696,0.521280553995655,0.271733415974017
rat0816,real_run,6.0,,/Users/Hannah/Programming/data_eyeblink/geometry_preservation_outputs/geometry_preservation_rat0816_set0816_dim3_bins5_2026-04-29_09-47-24.npz,0.09250432980052582,0.30414524457983216,0.09250432980052593
rat0816,real_run,7.0,,/Users/Hannah/Programming/data_eyeblink/geometry_preservation_outputs/geometry_preservation_rat0816_set0816_dim3_bins5_2026-04-29_09-47-24.npz,0.06298645855284793,0.25097103130211634,0.06298645855284789
rat0816,real_run,8.0,,/Users/Hannah/Programming/data_eyeblink/geometry_preservation_outputs/geometry_preservation_rat0816_set0816_dim3_bins5_2026-04-29_09-47-24.npz,0.020437719118638772,0.14296055091751278,0.020437719118638762
rat0816,real_run,9.0,,/Users/Hannah/Programming/data_eyeblink/geometry_preservation_outputs/geometry_preservation_rat0816_set0816_dim3_bins5_2026-04-29_09-47-24.npz,0.05172833663590788,0.22743864367320674,0.0517283366359079
rat0816,real_run,10.0,,/Users/Hannah/Programming/data_eyeblink/geometry_preservation_outputs/geometry_preservation_rat0816_set0816_dim3_bins5_2026-04-29_09-47-24.npz,0.12304121910516914,0.35077231804287123,0.12304121910516923
rat0816,real_run,11.0,,/Users/Hannah/Programming/data_eyeblink/geometry_preservation_outputs/geometry_preservation_rat0816_set0816_dim3_bins5_2026-04-29_09-47-24.npz,0.22319070268103078,0.47243063266582397,0.22319070268103072
rat0816,real_run,12.0,,/Users/Hannah/Programming/data_eyeblink/geometry_preservation_outputs/geometry_preservation_rat0816_set0816_dim3_bins5_2026-04-29_09-47-24.npz,0.29070165129645187,0.5391675540093743,0.29070165129645154
rat0816,real_run,13.0,,/Users/Hannah/Programming/data_eyeblink/geometry_preservation_outputs/geometry_preservation_rat0816_set0816_dim3_bins5_2026-04-29_09-47-24.npz,0.12191999901337695,0.34917044407191333,0.12191999901337715
rat0816,real_run,14.0,,/Users/Hannah/Programming/data_eyeblink/geometry_preservation_outputs/geometry_preservation_rat0816_set0816_dim3_bins5_2026-04-29_09-47-24.npz,0.10375827268593445,0.3221153096112237,0.1037582726859345
rat0816,real_run,15.0,,/Users/Hannah/Programming/data_eyeblink/geometry_preservation_outputs/geometry_preservation_rat0816_set0816_dim3_bins5_2026-04-29_09-47-24.npz,0.04670690975171807,0.21611781451726314,0.046706909751718144
rat0816,real_run,16.0,,/Users/Hannah/Programming/data_eyeblink/geometry_preservation_outputs/geometry_preservation_rat0816_set0816_dim3_bins5_2026-04-29_09-47-24.npz,0.14648408097469418,0.3827323881966277,0.14648408097469412
rat0816,real_run,17.0,,/Users/Hannah/Programming/data_eyeblink/geometry_preservation_outputs/geometry_preservation_rat0816_set0816_dim3_bins5_2026-04-29_09-47-24.npz,0.20851037803691097,0.45662936615696437,0.20851037803691103
rat0816,real_run,18.0,,/Users/Hannah/Programming/data_eyeblink/geometry_preservation_outputs/geometry_preservation_rat0816_set0816_dim3_bins5_2026-04-29_09-47-24.npz,0.05349542220586061,0.23129077414773974,0.053495422205860746
rat0816,real_run,19.0,,/Users/Hannah/Programming/data_eyeblink/geometry_preservation_outputs/geometry_preservation_rat0816_set0816_dim3_bins5_2026-04-29_09-47-24.npz,0.0699911522677012,0.2645584099356912,0.06999115226770124
rat0816,shuffle_null_mean,,0.0,/Users/Hannah/Programming/data_eyeblink/geometry_preservation_outputs/geometry_preservation_rat0816_set0816_dim3_bins5_2026-04-29_09-47-24.npz,0.5647881620739307,0.7367467079288827,0.5647881620739307
rat0816,shuffle_null_mean,,1.0,/Users/Hannah/Programming/data_eyeblink/geometry_preservation_outputs/geometry_preservation_rat0816_set0816_dim3_bins5_2026-04-29_09-47-24.npz,0.6421900327570943,0.7938356418294785,0.6421900327570942
rat0816,shuffle_null_mean,,2.0,/Users/Hannah/Programming/data_eyeblink/geometry_preservation_outputs/geometry_preservation_rat0816_set0816_dim3_bins5_2026-04-29_09-47-24.npz,0.5377011592864733,0.7199760988476516,0.5377011592864733
rat0816,shuffle_null_mean,,3.0,/Users/Hannah/Programming/data_eyeblink/geometry_preservation_outputs/geometry_preservation_rat0816_set0816_dim3_bins5_2026-04-29_09-47-24.npz,0.5491301659649067,0.7254372859112428,0.5491301659649066
rat0816,shuffle_null_mean,,4.0,/Users/Hannah/Programming/data_eyeblink/geometry_preservation_outputs/geometry_preservation_rat0816_set0816_dim3_bins5_2026-04-29_09-47-24.npz,0.5929115356921376,0.7528612365733096,0.5929115356921376
rat0816,shuffle_null_mean,,5.0,/Users/Hannah/Programming/data_eyeblink/geometry_preservation_outputs/geometry_preservation_rat0816_set0816_dim3_bins5_2026-04-29_09-47-24.npz,0.5394337980120092,0.7204946286645514,0.5394337980120092
rat0816,shuffle_null_mean,,6.0,/Users/Hannah/Programming/data_eyeblink/geometry_preservation_outputs/geometry_preservation_rat0816_set0816_dim3_bins5_2026-04-29_09-47-24.npz,0.6376955156488224,0.7909206934769776,0.6376955156488224
rat0816,shuffle_null_mean,,7.0,/Users/Hannah/Programming/data_eyeblink/geometry_preservation_outputs/geometry_preservation_rat0816_set0816_dim3_bins5_2026-04-29_09-47-24.npz,0.6157399037931239,0.7797880570366698,0.6157399037931239
rat0816,shuffle_null_mean,,8.0,/Users/Hannah/Programming/data_eyeblink/geometry_preservation_outputs/geometry_preservation_rat0816_set0816_dim3_bins5_2026-04-29_09-47-24.npz,0.640986431587353,0.7939882943466329,0.640986431587353
rat0816,shuffle_null_mean,,9.0,/Users/Hannah/Programming/data_eyeblink/geometry_preservation_outputs/geometry_preservation_rat0816_set0816_dim3_bins5_2026-04-29_09-47-24.npz,0.5961725104798725,0.7665831260206447,0.5961725104798725
rat0816,shuffle_null_mean,,10.0,/Users/Hannah/Programming/data_eyeblink/geometry_preservation_outputs/geometry_preservation_rat0816_set0816_dim3_bins5_2026-04-29_09-47-24.npz,0.5742072132143176,0.748821997344802,0.5742072132143176
rat0816,shuffle_null_mean,,11.0,/Users/Hannah/Programming/data_eyeblink/geometry_preservation_outputs/geometry_preservation_rat0816_set0816_dim3_bins5_2026-04-29_09-47-24.npz,0.5989319331942845,0.7634452533840184,0.5989319331942845
rat0816,shuffle_null_mean,,12.0,/Users/Hannah/Programming/data_eyeblink/geometry_preservation_outputs/geometry_preservation_rat0816_set0816_dim3_bins5_2026-04-29_09-47-24.npz,0.5830241207797887,0.7485461808849647,0.5830241207797887
rat0816,shuffle_null_mean,,13.0,/Users/Hannah/Programming/data_eyeblink/geometry_preservation_outputs/geometry_preservation_rat0816_set0816_dim3_bins5_2026-04-29_09-47-24.npz,0.5457028794557645,0.7295294896124794,0.5457028794557646
rat0816,shuffle_null_mean,,14.0,/Users/Hannah/Programming/data_eyeblink/geometry_preservation_outputs/geometry_preservation_rat0816_set0816_dim3_bins5_2026-04-29_09-47-24.npz,0.592229146395561,0.7618093570624419,0.5922291463955611
rat0816,shuffle_null_mean,,15.0,/Users/Hannah/Programming/data_eyeblink/geometry_preservation_outputs/geometry_preservation_rat0816_set0816_dim3_bins5_2026-04-29_09-47-24.npz,0.6185951226404359,0.7781796871162394,0.6185951226404359
rat0816,shuffle_null_mean,,16.0,/Users/Hannah/Programming/data_eyeblink/geometry_preservation_outputs/geometry_preservation_rat0816_set0816_dim3_bins5_2026-04-29_09-47-24.npz,0.6028068161085623,0.7700643077580217,0.6028068161085623
rat0816,shuffle_null_mean,,17.0,/Users/Hannah/Programming/data_eyeblink/geometry_preservation_outputs/geometry_preservation_rat0816_set0816_dim3_bins5_2026-04-29_09-47-24.npz,0.5779723674600308,0.7493659084315132,0.5779723674600308
rat0816,shuffle_null_mean,,18.0,/Users/Hannah/Programming/data_eyeblink/geometry_preservation_outputs/geometry_preservation_rat0816_set0816_dim3_bins5_2026-04-29_09-47-24.npz,0.6466977392471389,0.7971575853635758,0.6466977392471389
rat0816,shuffle_null_mean,,19.0,/Users/Hannah/Programming/data_eyeblink/geometry_preservation_outputs/geometry_preservation_rat0816_set0816_dim3_bins5_2026-04-29_09-47-24.npz,0.5419765027443582,0.7154000571560379,0.5419765027443582
rat0816,shuffle_null_mean,,20.0,/Users/Hannah/Programming/data_eyeblink/geometry_preservation_outputs/geometry_preservation_rat0816_set0816_dim3_bins5_2026-04-29_09-47-24.npz,0.545049674075577,0.7321246645563508,0.545049674075577
rat0816,shuffle_null_mean,,21.0,/Users/Hannah/Programming/data_eyeblink/geometry_preservation_outputs/geometry_preservation_rat0816_set0816_dim3_bins5_2026-04-29_09-47-24.npz,0.5666846982606654,0.7417464834193666,0.5666846982606653
rat0816,shuffle_null_mean,,22.0,/Users/Hannah/Programming/data_eyeblink/geometry_preservation_outputs/geometry_preservation_rat0816_set0816_dim3_bins5_2026-04-29_09-47-24.npz,0.6141439827948599,0.7756982357050054,0.6141439827948599
rat0816,shuffle_null_mean,,23.0,/Users/Hannah/Programming/data_eyeblink/geometry_preservation_outputs/geometry_preservation_rat0816_set0816_dim3_bins5_2026-04-29_09-47-24.npz,0.5500881112147585,0.7216155956498742,0.5500881112147585
rat0816,shuffle_null_mean,,24.0,/Users/Hannah/Programming/data_eyeblink/geometry_preservation_outputs/geometry_preservation_rat0816_set0816_dim3_bins5_2026-04-29_09-47-24.npz,0.5868360311795203,0.7526262422114111,0.5868360311795201
rat0816,shuffle_null_mean,,25.0,/Users/Hannah/Programming/data_eyeblink/geometry_preservation_outputs/geometry_preservation_rat0816_set0816_dim3_bins5_2026-04-29_09-47-24.npz,0.5988721177368086,0.7598771347645827,0.5988721177368086
rat0816,shuffle_null_mean,,26.0,/Users/Hannah/Programming/data_eyeblink/geometry_preservation_outputs/geometry_preservation_rat0816_set0816_dim3_bins5_2026-04-29_09-47-24.npz,0.580462805714762,0.7523273406223182,0.5804628057147619
rat0816,shuffle_null_mean,,27.0,/Users/Hannah/Programming/data_eyeblink/geometry_preservation_outputs/geometry_preservation_rat0816_set0816_dim3_bins5_2026-04-29_09-47-24.npz,0.623109779889215,0.7782327984071651,0.623109779889215
rat0816,shuffle_null_mean,,28.0,/Users/Hannah/Programming/data_eyeblink/geometry_preservation_outputs/geometry_preservation_rat0816_set0816_dim3_bins5_2026-04-29_09-47-24.npz,0.672671397378744,0.8112928098306078,0.672671397378744
rat0816,shuffle_null_mean,,29.0,/Users/Hannah/Programming/data_eyeblink/geometry_preservation_outputs/geometry_preservation_rat0816_set0816_dim3_bins5_2026-04-29_09-47-24.npz,0.6049108776306882,0.767955337042694,0.6049108776306883
rat0816,shuffle_null_mean,,30.0,/Users/Hannah/Programming/data_eyeblink/geometry_preservation_outputs/geometry_preservation_rat0816_set0816_dim3_bins5_2026-04-29_09-47-24.npz,0.599594245775709,0.7652166518360833,0.5995942457757089
rat0816,shuffle_null_mean,,31.0,/Users/Hannah/Programming/data_eyeblink/geometry_preservation_outputs/geometry_preservation_rat0816_set0816_dim3_bins5_2026-04-29_09-47-24.npz,0.5453163601838454,0.7239439199469409,0.5453163601838454
rat0816,shuffle_null_mean,,32.0,/Users/Hannah/Programming/data_eyeblink/geometry_preservation_outputs/geometry_preservation_rat0816_set0816_dim3_bins5_2026-04-29_09-47-24.npz,0.6502429623672812,0.7995810628554749,0.6502429623672812
rat0816,shuffle_null_mean,,33.0,/Users/Hannah/Programming/data_eyeblink/geometry_preservation_outputs/geometry_preservation_rat0816_set0816_dim3_bins5_2026-04-29_09-47-24.npz,0.6222928797624581,0.778923667079982,0.6222928797624582
rat0816,shuffle_null_mean,,34.0,/Users/Hannah/Programming/data_eyeblink/geometry_preservation_outputs/geometry_preservation_rat0816_set0816_dim3_bins5_2026-04-29_09-47-24.npz,0.5463577662217369,0.727548703793119,0.5463577662217369
rat0816,shuffle_null_mean,,35.0,/Users/Hannah/Programming/data_eyeblink/geometry_preservation_outputs/geometry_preservation_rat0816_set0816_dim3_bins5_2026-04-29_09-47-24.npz,0.5931724734078644,0.7580394808063724,0.5931724734078644
rat0816,shuffle_null_mean,,36.0,/Users/Hannah/Programming/data_eyeblink/geometry_preservation_outputs/geometry_preservation_rat0816_set0816_dim3_bins5_2026-04-29_09-47-24.npz,0.5926594113071345,0.763424011288359,0.5926594113071345
rat0816,shuffle_null_mean,,37.0,/Users/Hannah/Programming/data_eyeblink/geometry_preservation_outputs/geometry_preservation_rat0816_set0816_dim3_bins5_2026-04-29_09-47-24.npz,0.590903828097538,0.7619877851698755,0.5909038280975379
rat0816,shuffle_null_mean,,38.0,/Users/Hannah/Programming/data_eyeblink/geometry_preservation_outputs/geometry_preservation_rat0816_set0816_dim3_bins5_2026-04-29_09-47-24.npz,0.6038815586664465,0.7651300772036537,0.6038815586664467
rat0816,shuffle_null_mean,,39.0,/Users/Hannah/Programming/data_eyeblink/geometry_preservation_outputs/geometry_preservation_rat0816_set0816_dim3_bins5_2026-04-29_09-47-24.npz,0.6282839000453734,0.7861924753813738,0.6282839000453734
rat0816,shuffle_null_mean,,40.0,/Users/Hannah/Programming/data_eyeblink/geometry_preservation_outputs/geometry_preservation_rat0816_set0816_dim3_bins5_2026-04-29_09-47-24.npz,0.6189156520185051,0.7779760617970143,0.6189156520185051
rat0816,shuffle_null_mean,,41.0,/Users/Hannah/Programming/data_eyeblink/geometry_preservation_outputs/geometry_preservation_rat0816_set0816_dim3_bins5_2026-04-29_09-47-24.npz,0.6318611132561472,0.791071540632893,0.6318611132561471
rat0816,shuffle_null_mean,,42.0,/Users/Hannah/Programming/data_eyeblink/geometry_preservation_outputs/geometry_preservation_rat0816_set0816_dim3_bins5_2026-04-29_09-47-24.npz,0.5706391053020249,0.7466421311135194,0.5706391053020249
rat0816,shuffle_null_mean,,43.0,/Users/Hannah/Programming/data_eyeblink/geometry_preservation_outputs/geometry_preservation_rat0816_set0816_dim3_bins5_2026-04-29_09-47-24.npz,0.6312847126067449,0.7865808730170526,0.6312847126067448
rat0816,shuffle_null_mean,,44.0,/Users/Hannah/Programming/data_eyeblink/geometry_preservation_outputs/geometry_preservation_rat0816_set0816_dim3_bins5_2026-04-29_09-47-24.npz,0.5911126204600813,0.7607216101285509,0.5911126204600813
rat0816,shuffle_null_mean,,45.0,/Users/Hannah/Programming/data_eyeblink/geometry_preservation_outputs/geometry_preservation_rat0816_set0816_dim3_bins5_2026-04-29_09-47-24.npz,0.6484441394828622,0.79905546238167,0.6484441394828622
rat0816,shuffle_null_mean,,46.0,/Users/Hannah/Programming/data_eyeblink/geometry_preservation_outputs/geometry_preservation_rat0816_set0816_dim3_bins5_2026-04-29_09-47-24.npz,0.6337018336854101,0.7846306559748594,0.6337018336854101
rat0816,shuffle_null_mean,,47.0,/Users/Hannah/Programming/data_eyeblink/geometry_preservation_outputs/geometry_preservation_rat0816_set0816_dim3_bins5_2026-04-29_09-47-24.npz,0.6380581508535655,0.7915215792780084,0.6380581508535655
rat0816,shuffle_null_mean,,48.0,/Users/Hannah/Programming/data_eyeblink/geometry_preservation_outputs/geometry_preservation_rat0816_set0816_dim3_bins5_2026-04-29_09-47-24.npz,0.4900254077637409,0.685169877269752,0.4900254077637409
rat0816,shuffle_null_mean,,49.0,/Users/Hannah/Programming/data_eyeblink/geometry_preservation_outputs/geometry_preservation_rat0816_set0816_dim3_bins5_2026-04-29_09-47-24.npz,0.5525938669880451,0.7326181991822697,0.5525938669880452
rat0816,shuffle_null_mean,,50.0,/Users/Hannah/Programming/data_eyeblink/geometry_preservation_outputs/geometry_preservation_rat0816_set0816_dim3_bins5_2026-04-29_09-47-24.npz,0.5771805462489914,0.74944320007403,0.5771805462489914
rat0816,shuffle_null_mean,,51.0,/Users/Hannah/Programming/data_eyeblink/geometry_preservation_outputs/geometry_preservation_rat0816_set0816_dim3_bins5_2026-04-29_09-47-24.npz,0.5515066301331034,0.7353148443777435,0.5515066301331034
rat0816,shuffle_null_mean,,52.0,/Users/Hannah/Programming/data_eyeblink/geometry_preservation_outputs/geometry_preservation_rat0816_set0816_dim3_bins5_2026-04-29_09-47-24.npz,0.5965610487573761,0.7647628603689477,0.5965610487573761
rat0816,shuffle_null_mean,,53.0,/Users/Hannah/Programming/data_eyeblink/geometry_preservation_outputs/geometry_preservation_rat0816_set0816_dim3_bins5_2026-04-29_09-47-24.npz,0.5890973174572167,0.7591702951647752,0.5890973174572166
rat0816,shuffle_null_mean,,54.0,/Users/Hannah/Programming/data_eyeblink/geometry_preservation_outputs/geometry_preservation_rat0816_set0816_dim3_bins5_2026-04-29_09-47-24.npz,0.537709199334592,0.7131675347525795,0.5377091993345919
rat0816,shuffle_null_mean,,55.0,/Users/Hannah/Programming/data_eyeblink/geometry_preservation_outputs/geometry_preservation_rat0816_set0816_dim3_bins5_2026-04-29_09-47-24.npz,0.5977041547826549,0.764240148716617,0.5977041547826552
rat0816,shuffle_null_mean,,56.0,/Users/Hannah/Programming/data_eyeblink/geometry_preservation_outputs/geometry_preservation_rat0816_set0816_dim3_bins5_2026-04-29_09-47-24.npz,0.6159590768130527,0.7801602667268359,0.6159590768130526
rat0816,shuffle_null_mean,,57.0,/Users/Hannah/Programming/data_eyeblink/geometry_preservation_outputs/geometry_preservation_rat0816_set0816_dim3_bins5_2026-04-29_09-47-24.npz,0.6009872168394537,0.769214876029533,0.6009872168394537
rat0816,shuffle_null_mean,,58.0,/Users/Hannah/Programming/data_eyeblink/geometry_preservation_outputs/geometry_preservation_rat0816_set0816_dim3_bins5_2026-04-29_09-47-24.npz,0.6027016189364268,0.7704645892856627,0.6027016189364267
rat0816,shuffle_null_mean,,59.0,/Users/Hannah/Programming/data_eyeblink/geometry_preservation_outputs/geometry_preservation_rat0816_set0816_dim3_bins5_2026-04-29_09-47-24.npz,0.5451129535395378,0.7295195215720554,0.5451129535395377
rat0816,shuffle_null_mean,,60.0,/Users/Hannah/Programming/data_eyeblink/geometry_preservation_outputs/geometry_preservation_rat0816_set0816_dim3_bins5_2026-04-29_09-47-24.npz,0.6054543487035716,0.7711532285938724,0.6054543487035715
rat0816,shuffle_null_mean,,61.0,/Users/Hannah/Programming/data_eyeblink/geometry_preservation_outputs/geometry_preservation_rat0816_set0816_dim3_bins5_2026-04-29_09-47-24.npz,0.5663552111921125,0.7396254844335568,0.5663552111921124
rat0816,shuffle_null_mean,,62.0,/Users/Hannah/Programming/data_eyeblink/geometry_preservation_outputs/geometry_preservation_rat0816_set0816_dim3_bins5_2026-04-29_09-47-24.npz,0.5520706459081162,0.7363710274743998,0.5520706459081162
rat0816,shuffle_null_mean,,63.0,/Users/Hannah/Programming/data_eyeblink/geometry_preservation_outputs/geometry_preservation_rat0816_set0816_dim3_bins5_2026-04-29_09-47-24.npz,0.5901255046659546,0.7603547054664238,0.5901255046659546
rat0816,shuffle_null_mean,,64.0,/Users/Hannah/Programming/data_eyeblink/geometry_preservation_outputs/geometry_preservation_rat0816_set0816_dim3_bins5_2026-04-29_09-47-24.npz,0.5354749447901992,0.7225349061748834,0.5354749447901992
rat0816,shuffle_null_mean,,65.0,/Users/Hannah/Programming/data_eyeblink/geometry_preservation_outputs/geometry_preservation_rat0816_set0816_dim3_bins5_2026-04-29_09-47-24.npz,0.6093239424015722,0.7742967165577722,0.6093239424015722
rat0816,shuffle_null_mean,,66.0,/Users/Hannah/Programming/data_eyeblink/geometry_preservation_outputs/geometry_preservation_rat0816_set0816_dim3_bins5_2026-04-29_09-47-24.npz,0.6402894736302669,0.79514031483596,0.6402894736302669
rat0816,shuffle_null_mean,,67.0,/Users/Hannah/Programming/data_eyeblink/geometry_preservation_outputs/geometry_preservation_rat0816_set0816_dim3_bins5_2026-04-29_09-47-24.npz,0.5627796400121207,0.7388244752122866,0.5627796400121206
rat0816,shuffle_null_mean,,68.0,/Users/Hannah/Programming/data_eyeblink/geometry_preservation_outputs/geometry_preservation_rat0816_set0816_dim3_bins5_2026-04-29_09-47-24.npz,0.6129435409221761,0.7788632768511843,0.6129435409221761
rat0816,shuffle_null_mean,,69.0,/Users/Hannah/Programming/data_eyeblink/geometry_preservation_outputs/geometry_preservation_rat0816_set0816_dim3_bins5_2026-04-29_09-47-24.npz,0.575511000142327,0.7491367933186146,0.5755110001423269
rat0816,shuffle_null_mean,,70.0,/Users/Hannah/Programming/data_eyeblink/geometry_preservation_outputs/geometry_preservation_rat0816_set0816_dim3_bins5_2026-04-29_09-47-24.npz,0.5619508078087205,0.7418580260723768,0.5619508078087205
rat0816,shuffle_null_mean,,71.0,/Users/Hannah/Programming/data_eyeblink/geometry_preservation_outputs/geometry_preservation_rat0816_set0816_dim3_bins5_2026-04-29_09-47-24.npz,0.5593966067007828,0.7379839948456705,0.5593966067007828
rat0816,shuffle_null_mean,,72.0,/Users/Hannah/Programming/data_eyeblink/geometry_preservation_outputs/geometry_preservation_rat0816_set0816_dim3_bins5_2026-04-29_09-47-24.npz,0.6099135875790502,0.7704804830592951,0.6099135875790502
rat0816,shuffle_null_mean,,73.0,/Users/Hannah/Programming/data_eyeblink/geometry_preservation_outputs/geometry_preservation_rat0816_set0816_dim3_bins5_2026-04-29_09-47-24.npz,0.6581981167654817,0.8015407275690312,0.6581981167654817
rat0816,shuffle_null_mean,,74.0,/Users/Hannah/Programming/data_eyeblink/geometry_preservation_outputs/geometry_preservation_rat0816_set0816_dim3_bins5_2026-04-29_09-47-24.npz,0.6398591933539066,0.7907986404152989,0.6398591933539065
rat0816,shuffle_null_mean,,75.0,/Users/Hannah/Programming/data_eyeblink/geometry_preservation_outputs/geometry_preservation_rat0816_set0816_dim3_bins5_2026-04-29_09-47-24.npz,0.5746517570969812,0.7486848774895888,0.5746517570969812
rat0816,shuffle_null_mean,,76.0,/Users/Hannah/Programming/data_eyeblink/geometry_preservation_outputs/geometry_preservation_rat0816_set0816_dim3_bins5_2026-04-29_09-47-24.npz,0.5967673199259251,0.7598809670628122,0.5967673199259251
rat0816,shuffle_null_mean,,77.0,/Users/Hannah/Programming/data_eyeblink/geometry_preservation_outputs/geometry_preservation_rat0816_set0816_dim3_bins5_2026-04-29_09-47-24.npz,0.523793929228608,0.7098522456716828,0.523793929228608
rat0816,shuffle_null_mean,,78.0,/Users/Hannah/Programming/data_eyeblink/geometry_preservation_outputs/geometry_preservation_rat0816_set0816_dim3_bins5_2026-04-29_09-47-24.npz,0.5576934310524528,0.7386486375647043,0.5576934310524527
rat0816,shuffle_null_mean,,79.0,/Users/Hannah/Programming/data_eyeblink/geometry_preservation_outputs/geometry_preservation_rat0816_set0816_dim3_bins5_2026-04-29_09-47-24.npz,0.5597667833696051,0.7288138065827539,0.559766783369605
rat0816,shuffle_null_mean,,80.0,/Users/Hannah/Programming/data_eyeblink/geometry_preservation_outputs/geometry_preservation_rat0816_set0816_dim3_bins5_2026-04-29_09-47-24.npz,0.5844557297186659,0.7564627245830776,0.5844557297186659
rat0816,shuffle_null_mean,,81.0,/Users/Hannah/Programming/data_eyeblink/geometry_preservation_outputs/geometry_preservation_rat0816_set0816_dim3_bins5_2026-04-29_09-47-24.npz,0.6384841914066419,0.7956545152746101,0.6384841914066419
rat0816,shuffle_null_mean,,82.0,/Users/Hannah/Programming/data_eyeblink/geometry_preservation_outputs/geometry_preservation_rat0816_set0816_dim3_bins5_2026-04-29_09-47-24.npz,0.6056645483404138,0.7704691074694731,0.6056645483404138
rat0816,shuffle_null_mean,,83.0,/Users/Hannah/Programming/data_eyeblink/geometry_preservation_outputs/geometry_preservation_rat0816_set0816_dim3_bins5_2026-04-29_09-47-24.npz,0.5632116737931762,0.7374810480259366,0.5632116737931762
rat0816,shuffle_null_mean,,84.0,/Users/Hannah/Programming/data_eyeblink/geometry_preservation_outputs/geometry_preservation_rat0816_set0816_dim3_bins5_2026-04-29_09-47-24.npz,0.6238686763336263,0.7708529780969572,0.6238686763336263
rat0816,shuffle_null_mean,,85.0,/Users/Hannah/Programming/data_eyeblink/geometry_preservation_outputs/geometry_preservation_rat0816_set0816_dim3_bins5_2026-04-29_09-47-24.npz,0.5871923204055907,0.7532240290097938,0.5871923204055907
rat0816,shuffle_null_mean,,86.0,/Users/Hannah/Programming/data_eyeblink/geometry_preservation_outputs/geometry_preservation_rat0816_set0816_dim3_bins5_2026-04-29_09-47-24.npz,0.5573539128996342,0.7335000275136074,0.5573539128996342
rat0816,shuffle_null_mean,,87.0,/Users/Hannah/Programming/data_eyeblink/geometry_preservation_outputs/geometry_preservation_rat0816_set0816_dim3_bins5_2026-04-29_09-47-24.npz,0.6059896203944694,0.7646575809544321,0.6059896203944691
rat0816,shuffle_null_mean,,88.0,/Users/Hannah/Programming/data_eyeblink/geometry_preservation_outputs/geometry_preservation_rat0816_set0816_dim3_bins5_2026-04-29_09-47-24.npz,0.5979622960744415,0.7631240490791348,0.5979622960744415
rat0816,shuffle_null_mean,,89.0,/Users/Hannah/Programming/data_eyeblink/geometry_preservation_outputs/geometry_preservation_rat0816_set0816_dim3_bins5_2026-04-29_09-47-24.npz,0.5693929402607986,0.7444583633240272,0.5693929402607986
rat0816,shuffle_null_mean,,90.0,/Users/Hannah/Programming/data_eyeblink/geometry_preservation_outputs/geometry_preservation_rat0816_set0816_dim3_bins5_2026-04-29_09-47-24.npz,0.6007084025809359,0.7664260180466884,0.6007084025809359
rat0816,shuffle_null_mean,,91.0,/Users/Hannah/Programming/data_eyeblink/geometry_preservation_outputs/geometry_preservation_rat0816_set0816_dim3_bins5_2026-04-29_09-47-24.npz,0.5784648565905336,0.7467729062244701,0.5784648565905336
rat0816,shuffle_null_mean,,92.0,/Users/Hannah/Programming/data_eyeblink/geometry_preservation_outputs/geometry_preservation_rat0816_set0816_dim3_bins5_2026-04-29_09-47-24.npz,0.6131244805375619,0.7725991417440673,0.6131244805375619
rat0816,shuffle_null_mean,,93.0,/Users/Hannah/Programming/data_eyeblink/geometry_preservation_outputs/geometry_preservation_rat0816_set0816_dim3_bins5_2026-04-29_09-47-24.npz,0.5895973042471455,0.7545553726427718,0.5895973042471455
rat0816,shuffle_null_mean,,94.0,/Users/Hannah/Programming/data_eyeblink/geometry_preservation_outputs/geometry_preservation_rat0816_set0816_dim3_bins5_2026-04-29_09-47-24.npz,0.6057472148053591,0.7662381739461179,0.6057472148053591
rat0816,shuffle_null_mean,,95.0,/Users/Hannah/Programming/data_eyeblink/geometry_preservation_outputs/geometry_preservation_rat0816_set0816_dim3_bins5_2026-04-29_09-47-24.npz,0.6090297640624003,0.7678076987322283,0.6090297640624003
rat0816,shuffle_null_mean,,96.0,/Users/Hannah/Programming/data_eyeblink/geometry_preservation_outputs/geometry_preservation_rat0816_set0816_dim3_bins5_2026-04-29_09-47-24.npz,0.5369764407658704,0.723084327120939,0.5369764407658704
rat0816,shuffle_null_mean,,97.0,/Users/Hannah/Programming/data_eyeblink/geometry_preservation_outputs/geometry_preservation_rat0816_set0816_dim3_bins5_2026-04-29_09-47-24.npz,0.5995322409418435,0.7645175095461394,0.5995322409418435
rat0816,shuffle_null_mean,,98.0,/Users/Hannah/Programming/data_eyeblink/geometry_preservation_outputs/geometry_preservation_rat0816_set0816_dim3_bins5_2026-04-29_09-47-24.npz,0.6381565767220715,0.7901770510681193,0.6381565767220715
rat0816,shuffle_null_mean,,99.0,/Users/Hannah/Programming/data_eyeblink/geometry_preservation_outputs/geometry_preservation_rat0816_set0816_dim3_bins5_2026-04-29_09-47-24.npz,0.5661614295680313,0.742800479772332,0.5661614295680313
rat0816,shuffle_null_mean,,100.0,/Users/Hannah/Programming/data_eyeblink/geometry_preservation_outputs/geometry_preservation_rat0816_set0816_dim3_bins5_2026-04-29_09-47-24.npz,0.5778790264981867,0.7458639544230524,0.5778790264981866
rat0816,shuffle_null_mean,,101.0,/Users/Hannah/Programming/data_eyeblink/geometry_preservation_outputs/geometry_preservation_rat0816_set0816_dim3_bins5_2026-04-29_09-47-24.npz,0.5597912014714439,0.7401802651179077,0.5597912014714439
rat0816,shuffle_null_mean,,102.0,/Users/Hannah/Programming/data_eyeblink/geometry_preservation_outputs/geometry_preservation_rat0816_set0816_dim3_bins5_2026-04-29_09-47-24.npz,0.6031866443766385,0.7696475931163993,0.6031866443766383
rat0816,shuffle_null_mean,,103.0,/Users/Hannah/Programming/data_eyeblink/geometry_preservation_outputs/geometry_preservation_rat0816_set0816_dim3_bins5_2026-04-29_09-47-24.npz,0.6000823434726332,0.7639847849844842,0.6000823434726332
rat0816,shuffle_null_mean,,104.0,/Users/Hannah/Programming/data_eyeblink/geometry_preservation_outputs/geometry_preservation_rat0816_set0816_dim3_bins5_2026-04-29_09-47-24.npz,0.5447035082901662,0.7302098568214055,0.5447035082901662
rat0816,shuffle_null_mean,,105.0,/Users/Hannah/Programming/data_eyeblink/geometry_preservation_outputs/geometry_preservation_rat0816_set0816_dim3_bins5_2026-04-29_09-47-24.npz,0.5551720389918796,0.7325267627754856,0.5551720389918797
rat0816,shuffle_null_mean,,106.0,/Users/Hannah/Programming/data_eyeblink/geometry_preservation_outputs/geometry_preservation_rat0816_set0816_dim3_bins5_2026-04-29_09-47-24.npz,0.5409673607310926,0.7212504149922967,0.5409673607310926
rat0816,shuffle_null_mean,,107.0,/Users/Hannah/Programming/data_eyeblink/geometry_preservation_outputs/geometry_preservation_rat0816_set0816_dim3_bins5_2026-04-29_09-47-24.npz,0.639204262521982,0.788726407523575,0.639204262521982
rat0816,shuffle_null_mean,,108.0,/Users/Hannah/Programming/data_eyeblink/geometry_preservation_outputs/geometry_preservation_rat0816_set0816_dim3_bins5_2026-04-29_09-47-24.npz,0.5591635648912959,0.7411925439657574,0.5591635648912958
rat0816,shuffle_null_mean,,109.0,/Users/Hannah/Programming/data_eyeblink/geometry_preservation_outputs/geometry_preservation_rat0816_set0816_dim3_bins5_2026-04-29_09-47-24.npz,0.5925313316235754,0.7570001309835147,0.5925313316235752
rat0816,shuffle_null_mean,,110.0,/Users/Hannah/Programming/data_eyeblink/geometry_preservation_outputs/geometry_preservation_rat0816_set0816_dim3_bins5_2026-04-29_09-47-24.npz,0.6387047618074162,0.7864658940464623,0.6387047618074161
rat0816,shuffle_null_mean,,111.0,/Users/Hannah/Programming/data_eyeblink/geometry_preservation_outputs/geometry_preservation_rat0816_set0816_dim3_bins5_2026-04-29_09-47-24.npz,0.6335251848180161,0.7842765162097111,0.6335251848180161
rat0816,shuffle_null_mean,,112.0,/Users/Hannah/Programming/data_eyeblink/geometry_preservation_outputs/geometry_preservation_rat0816_set0816_dim3_bins5_2026-04-29_09-47-24.npz,0.6168244040022315,0.7670783637558074,0.6168244040022315
rat0816,shuffle_null_mean,,113.0,/Users/Hannah/Programming/data_eyeblink/geometry_preservation_outputs/geometry_preservation_rat0816_set0816_dim3_bins5_2026-04-29_09-47-24.npz,0.5906687731077379,0.752665863819899,0.5906687731077378
rat0816,shuffle_null_mean,,114.0,/Users/Hannah/Programming/data_eyeblink/geometry_preservation_outputs/geometry_preservation_rat0816_set0816_dim3_bins5_2026-04-29_09-47-24.npz,0.5402702250628927,0.7165032233648871,0.5402702250628926
rat0816,shuffle_null_mean,,115.0,/Users/Hannah/Programming/data_eyeblink/geometry_preservation_outputs/geometry_preservation_rat0816_set0816_dim3_bins5_2026-04-29_09-47-24.npz,0.5994578922474384,0.7690235101843824,0.5994578922474384
rat0816,shuffle_null_mean,,116.0,/Users/Hannah/Programming/data_eyeblink/geometry_preservation_outputs/geometry_preservation_rat0816_set0816_dim3_bins5_2026-04-29_09-47-24.npz,0.576199856273073,0.7480802017980647,0.5761998562730731
rat0816,shuffle_null_mean,,117.0,/Users/Hannah/Programming/data_eyeblink/geometry_preservation_outputs/geometry_preservation_rat0816_set0816_dim3_bins5_2026-04-29_09-47-24.npz,0.6036833397301782,0.7712124875246931,0.6036833397301782
rat0816,shuffle_null_mean,,118.0,/Users/Hannah/Programming/data_eyeblink/geometry_preservation_outputs/geometry_preservation_rat0816_set0816_dim3_bins5_2026-04-29_09-47-24.npz,0.5476040692735377,0.7204908424078986,0.5476040692735377
rat0816,shuffle_null_mean,,119.0,/Users/Hannah/Programming/data_eyeblink/geometry_preservation_outputs/geometry_preservation_rat0816_set0816_dim3_bins5_2026-04-29_09-47-24.npz,0.5804706846834113,0.7497124634560921,0.5804706846834113
rat0816,shuffle_null_mean,,120.0,/Users/Hannah/Programming/data_eyeblink/geometry_preservation_outputs/geometry_preservation_rat0816_set0816_dim3_bins5_2026-04-29_09-47-24.npz,0.604206451807021,0.7678410900084154,0.6042064518070209
rat0816,shuffle_null_mean,,121.0,/Users/Hannah/Programming/data_eyeblink/geometry_preservation_outputs/geometry_preservation_rat0816_set0816_dim3_bins5_2026-04-29_09-47-24.npz,0.6381995140856545,0.7934729129409324,0.6381995140856545
rat0816,shuffle_null_mean,,122.0,/Users/Hannah/Programming/data_eyeblink/geometry_preservation_outputs/geometry_preservation_rat0816_set0816_dim3_bins5_2026-04-29_09-47-24.npz,0.52770180506136,0.7141513951352007,0.52770180506136
rat0816,shuffle_null_mean,,123.0,/Users/Hannah/Programming/data_eyeblink/geometry_preservation_outputs/geometry_preservation_rat0816_set0816_dim3_bins5_2026-04-29_09-47-24.npz,0.5561215965067546,0.7353531896713277,0.5561215965067546
rat0816,shuffle_null_mean,,124.0,/Users/Hannah/Programming/data_eyeblink/geometry_preservation_outputs/geometry_preservation_rat0816_set0816_dim3_bins5_2026-04-29_09-47-24.npz,0.5623008388819963,0.7398217584203383,0.5623008388819962
rat0816,shuffle_null_mean,,125.0,/Users/Hannah/Programming/data_eyeblink/geometry_preservation_outputs/geometry_preservation_rat0816_set0816_dim3_bins5_2026-04-29_09-47-24.npz,0.4940415488941142,0.6878403009499563,0.4940415488941142
rat0816,shuffle_null_mean,,126.0,/Users/Hannah/Programming/data_eyeblink/geometry_preservation_outputs/geometry_preservation_rat0816_set0816_dim3_bins5_2026-04-29_09-47-24.npz,0.5882620342472299,0.7608352771666957,0.5882620342472299
rat0816,shuffle_null_mean,,127.0,/Users/Hannah/Programming/data_eyeblink/geometry_preservation_outputs/geometry_preservation_rat0816_set0816_dim3_bins5_2026-04-29_09-47-24.npz,0.5561895156977376,0.7195714695031457,0.5561895156977374
rat0816,shuffle_null_mean,,128.0,/Users/Hannah/Programming/data_eyeblink/geometry_preservation_outputs/geometry_preservation_rat0816_set0816_dim3_bins5_2026-04-29_09-47-24.npz,0.5711726470549391,0.7443335874610291,0.5711726470549391
rat0816,shuffle_null_mean,,129.0,/Users/Hannah/Programming/data_eyeblink/geometry_preservation_outputs/geometry_preservation_rat0816_set0816_dim3_bins5_2026-04-29_09-47-24.npz,0.6417655211690126,0.7913462896465006,0.6417655211690126
rat0816,shuffle_null_mean,,130.0,/Users/Hannah/Programming/data_eyeblink/geometry_preservation_outputs/geometry_preservation_rat0816_set0816_dim3_bins5_2026-04-29_09-47-24.npz,0.6596966335751844,0.8066680834257548,0.6596966335751844
rat0816,shuffle_null_mean,,131.0,/Users/Hannah/Programming/data_eyeblink/geometry_preservation_outputs/geometry_preservation_rat0816_set0816_dim3_bins5_2026-04-29_09-47-24.npz,0.6367057736829889,0.7873337482545902,0.6367057736829889
rat0816,shuffle_null_mean,,132.0,/Users/Hannah/Programming/data_eyeblink/geometry_preservation_outputs/geometry_preservation_rat0816_set0816_dim3_bins5_2026-04-29_09-47-24.npz,0.5893068243635733,0.7534052459745404,0.5893068243635733
rat0816,shuffle_null_mean,,133.0,/Users/Hannah/Programming/data_eyeblink/geometry_preservation_outputs/geometry_preservation_rat0816_set0816_dim3_bins5_2026-04-29_09-47-24.npz,0.6695726613996353,0.8140252692978136,0.6695726613996352
rat0816,shuffle_null_mean,,134.0,/Users/Hannah/Programming/data_eyeblink/geometry_preservation_outputs/geometry_preservation_rat0816_set0816_dim3_bins5_2026-04-29_09-47-24.npz,0.6146732339565301,0.778254813144084,0.6146732339565298
rat0816,shuffle_null_mean,,135.0,/Users/Hannah/Programming/data_eyeblink/geometry_preservation_outputs/geometry_preservation_rat0816_set0816_dim3_bins5_2026-04-29_09-47-24.npz,0.5585745862946085,0.7378320220807154,0.5585745862946085
rat0816,shuffle_null_mean,,136.0,/Users/Hannah/Programming/data_eyeblink/geometry_preservation_outputs/geometry_preservation_rat0816_set0816_dim3_bins5_2026-04-29_09-47-24.npz,0.6016786206120713,0.7645765497180965,0.6016786206120713
rat0816,shuffle_null_mean,,137.0,/Users/Hannah/Programming/data_eyeblink/geometry_preservation_outputs/geometry_preservation_rat0816_set0816_dim3_bins5_2026-04-29_09-47-24.npz,0.6019141557862275,0.762527046839099,0.6019141557862274
rat0816,shuffle_null_mean,,138.0,/Users/Hannah/Programming/data_eyeblink/geometry_preservation_outputs/geometry_preservation_rat0816_set0816_dim3_bins5_2026-04-29_09-47-24.npz,0.5722216082631386,0.7388631677888049,0.5722216082631385
rat0816,shuffle_null_mean,,139.0,/Users/Hannah/Programming/data_eyeblink/geometry_preservation_outputs/geometry_preservation_rat0816_set0816_dim3_bins5_2026-04-29_09-47-24.npz,0.5521476990133742,0.7356745863072947,0.5521476990133742
rat0816,shuffle_null_mean,,140.0,/Users/Hannah/Programming/data_eyeblink/geometry_preservation_outputs/geometry_preservation_rat0816_set0816_dim3_bins5_2026-04-29_09-47-24.npz,0.6431537048453443,0.7881279526743886,0.6431537048453442
rat0816,shuffle_null_mean,,141.0,/Users/Hannah/Programming/data_eyeblink/geometry_preservation_outputs/geometry_preservation_rat0816_set0816_dim3_bins5_2026-04-29_09-47-24.npz,0.5730108657576907,0.7483189716191456,0.5730108657576906
rat0816,shuffle_null_mean,,142.0,/Users/Hannah/Programming/data_eyeblink/geometry_preservation_outputs/geometry_preservation_rat0816_set0816_dim3_bins5_2026-04-29_09-47-24.npz,0.578702590821627,0.7494725581435682,0.578702590821627
rat0816,shuffle_null_mean,,143.0,/Users/Hannah/Programming/data_eyeblink/geometry_preservation_outputs/geometry_preservation_rat0816_set0816_dim3_bins5_2026-04-29_09-47-24.npz,0.5693126471518793,0.7396321386709868,0.5693126471518793
rat0816,shuffle_null_mean,,144.0,/Users/Hannah/Programming/data_eyeblink/geometry_preservation_outputs/geometry_preservation_rat0816_set0816_dim3_bins5_2026-04-29_09-47-24.npz,0.5671878623064088,0.7452480996567188,0.5671878623064088
rat0816,shuffle_null_mean,,145.0,/Users/Hannah/Programming/data_eyeblink/geometry_preservation_outputs/geometry_preservation_rat0816_set0816_dim3_bins5_2026-04-29_09-47-24.npz,0.6385182076684943,0.7954330891514878,0.6385182076684943
rat0816,shuffle_null_mean,,146.0,/Users/Hannah/Programming/data_eyeblink/geometry_preservation_outputs/geometry_preservation_rat0816_set0816_dim3_bins5_2026-04-29_09-47-24.npz,0.5682985038438075,0.7429531353434499,0.5682985038438075
rat0816,shuffle_null_mean,,147.0,/Users/Hannah/Programming/data_eyeblink/geometry_preservation_outputs/geometry_preservation_rat0816_set0816_dim3_bins5_2026-04-29_09-47-24.npz,0.5829380338641789,0.747670189281368,0.5829380338641788
rat0816,shuffle_null_mean,,148.0,/Users/Hannah/Programming/data_eyeblink/geometry_preservation_outputs/geometry_preservation_rat0816_set0816_dim3_bins5_2026-04-29_09-47-24.npz,0.4889301871694892,0.6839578590799686,0.4889301871694891
rat0816,shuffle_null_mean,,149.0,/Users/Hannah/Programming/data_eyeblink/geometry_preservation_outputs/geometry_preservation_rat0816_set0816_dim3_bins5_2026-04-29_09-47-24.npz,0.6120548414581557,0.7758498841374182,0.6120548414581556
rat0816,shuffle_null_mean,,150.0,/Users/Hannah/Programming/data_eyeblink/geometry_preservation_outputs/geometry_preservation_rat0816_set0816_dim3_bins5_2026-04-29_09-47-24.npz,0.5784290387090592,0.7518498608572197,0.5784290387090592
rat0816,shuffle_null_mean,,151.0,/Users/Hannah/Programming/data_eyeblink/geometry_preservation_outputs/geometry_preservation_rat0816_set0816_dim3_bins5_2026-04-29_09-47-24.npz,0.6459176966514206,0.7869178094429454,0.6459176966514207
rat0816,shuffle_null_mean,,152.0,/Users/Hannah/Programming/data_eyeblink/geometry_preservation_outputs/geometry_preservation_rat0816_set0816_dim3_bins5_2026-04-29_09-47-24.npz,0.578130783324345,0.7389680382528727,0.5781307833243449
rat0816,shuffle_null_mean,,153.0,/Users/Hannah/Programming/data_eyeblink/geometry_preservation_outputs/geometry_preservation_rat0816_set0816_dim3_bins5_2026-04-29_09-47-24.npz,0.56547498406564,0.7407063119869949,0.5654749840656399
rat0816,shuffle_null_mean,,154.0,/Users/Hannah/Programming/data_eyeblink/geometry_preservation_outputs/geometry_preservation_rat0816_set0816_dim3_bins5_2026-04-29_09-47-24.npz,0.6371914040851723,0.7927456943978531,0.6371914040851722
rat0816,shuffle_null_mean,,155.0,/Users/Hannah/Programming/data_eyeblink/geometry_preservation_outputs/geometry_preservation_rat0816_set0816_dim3_bins5_2026-04-29_09-47-24.npz,0.5606589967561734,0.7333877358008513,0.5606589967561734
rat0816,shuffle_null_mean,,156.0,/Users/Hannah/Programming/data_eyeblink/geometry_preservation_outputs/geometry_preservation_rat0816_set0816_dim3_bins5_2026-04-29_09-47-24.npz,0.5867071513844923,0.7521725401718654,0.5867071513844921
rat0816,shuffle_null_mean,,157.0,/Users/Hannah/Programming/data_eyeblink/geometry_preservation_outputs/geometry_preservation_rat0816_set0816_dim3_bins5_2026-04-29_09-47-24.npz,0.6041908480901064,0.7693929430097872,0.6041908480901064
rat0816,shuffle_null_mean,,158.0,/Users/Hannah/Programming/data_eyeblink/geometry_preservation_outputs/geometry_preservation_rat0816_set0816_dim3_bins5_2026-04-29_09-47-24.npz,0.5616693695219022,0.7396788720052317,0.5616693695219022
rat0816,shuffle_null_mean,,159.0,/Users/Hannah/Programming/data_eyeblink/geometry_preservation_outputs/geometry_preservation_rat0816_set0816_dim3_bins5_2026-04-29_09-47-24.npz,0.5820435332919236,0.7525499353740528,0.5820435332919236
rat0816,shuffle_null_mean,,160.0,/Users/Hannah/Programming/data_eyeblink/geometry_preservation_outputs/geometry_preservation_rat0816_set0816_dim3_bins5_2026-04-29_09-47-24.npz,0.6001453095297291,0.7660644016979207,0.6001453095297291
rat0816,shuffle_null_mean,,161.0,/Users/Hannah/Programming/data_eyeblink/geometry_preservation_outputs/geometry_preservation_rat0816_set0816_dim3_bins5_2026-04-29_09-47-24.npz,0.605936655364767,0.7581379469574664,0.6059366553647669
rat0816,shuffle_null_mean,,162.0,/Users/Hannah/Programming/data_eyeblink/geometry_preservation_outputs/geometry_preservation_rat0816_set0816_dim3_bins5_2026-04-29_09-47-24.npz,0.6036943620143818,0.770465018430022,0.6036943620143818
rat0816,shuffle_null_mean,,163.0,/Users/Hannah/Programming/data_eyeblink/geometry_preservation_outputs/geometry_preservation_rat0816_set0816_dim3_bins5_2026-04-29_09-47-24.npz,0.6312869828642699,0.785182087177324,0.6312869828642699
rat0816,shuffle_null_mean,,164.0,/Users/Hannah/Programming/data_eyeblink/geometry_preservation_outputs/geometry_preservation_rat0816_set0816_dim3_bins5_2026-04-29_09-47-24.npz,0.5759598195895581,0.7481469296929206,0.575959819589558
rat0816,shuffle_null_mean,,165.0,/Users/Hannah/Programming/data_eyeblink/geometry_preservation_outputs/geometry_preservation_rat0816_set0816_dim3_bins5_2026-04-29_09-47-24.npz,0.5369321844621704,0.7251714637257637,0.5369321844621704
rat0816,shuffle_null_mean,,166.0,/Users/Hannah/Programming/data_eyeblink/geometry_preservation_outputs/geometry_preservation_rat0816_set0816_dim3_bins5_2026-04-29_09-47-24.npz,0.5590297546990411,0.7371039785623174,0.5590297546990411
rat0816,shuffle_null_mean,,167.0,/Users/Hannah/Programming/data_eyeblink/geometry_preservation_outputs/geometry_preservation_rat0816_set0816_dim3_bins5_2026-04-29_09-47-24.npz,0.5444600324591167,0.7299460890957752,0.5444600324591167
rat0816,shuffle_null_mean,,168.0,/Users/Hannah/Programming/data_eyeblink/geometry_preservation_outputs/geometry_preservation_rat0816_set0816_dim3_bins5_2026-04-29_09-47-24.npz,0.5531505957309987,0.7320213317044904,0.5531505957309987
rat0816,shuffle_null_mean,,169.0,/Users/Hannah/Programming/data_eyeblink/geometry_preservation_outputs/geometry_preservation_rat0816_set0816_dim3_bins5_2026-04-29_09-47-24.npz,0.5826273458151136,0.7510219159801831,0.5826273458151134
rat0816,shuffle_null_mean,,170.0,/Users/Hannah/Programming/data_eyeblink/geometry_preservation_outputs/geometry_preservation_rat0816_set0816_dim3_bins5_2026-04-29_09-47-24.npz,0.6206879669661878,0.7752193592602851,0.6206879669661878
rat0816,shuffle_null_mean,,171.0,/Users/Hannah/Programming/data_eyeblink/geometry_preservation_outputs/geometry_preservation_rat0816_set0816_dim3_bins5_2026-04-29_09-47-24.npz,0.5325850926732937,0.7082492659068301,0.5325850926732937
rat0816,shuffle_null_mean,,172.0,/Users/Hannah/Programming/data_eyeblink/geometry_preservation_outputs/geometry_preservation_rat0816_set0816_dim3_bins5_2026-04-29_09-47-24.npz,0.6221163021365658,0.7791762658401468,0.6221163021365657
rat0816,shuffle_null_mean,,173.0,/Users/Hannah/Programming/data_eyeblink/geometry_preservation_outputs/geometry_preservation_rat0816_set0816_dim3_bins5_2026-04-29_09-47-24.npz,0.6106858367680147,0.7711443747297834,0.6106858367680147
rat0816,shuffle_null_mean,,174.0,/Users/Hannah/Programming/data_eyeblink/geometry_preservation_outputs/geometry_preservation_rat0816_set0816_dim3_bins5_2026-04-29_09-47-24.npz,0.6575035572469469,0.8049538609434652,0.6575035572469469
rat0816,shuffle_null_mean,,175.0,/Users/Hannah/Programming/data_eyeblink/geometry_preservation_outputs/geometry_preservation_rat0816_set0816_dim3_bins5_2026-04-29_09-47-24.npz,0.5964635750182381,0.7638811705448311,0.5964635750182381
rat0816,shuffle_null_mean,,176.0,/Users/Hannah/Programming/data_eyeblink/geometry_preservation_outputs/geometry_preservation_rat0816_set0816_dim3_bins5_2026-04-29_09-47-24.npz,0.5780602648306877,0.7514041569664567,0.5780602648306877
rat0816,shuffle_null_mean,,177.0,/Users/Hannah/Programming/data_eyeblink/geometry_preservation_outputs/geometry_preservation_rat0816_set0816_dim3_bins5_2026-04-29_09-47-24.npz,0.5983651557484782,0.7686132671886656,0.5983651557484782
rat0816,shuffle_null_mean,,178.0,/Users/Hannah/Programming/data_eyeblink/geometry_preservation_outputs/geometry_preservation_rat0816_set0816_dim3_bins5_2026-04-29_09-47-24.npz,0.6103345484514099,0.7685724690797414,0.6103345484514099
rat0816,shuffle_null_mean,,179.0,/Users/Hannah/Programming/data_eyeblink/geometry_preservation_outputs/geometry_preservation_rat0816_set0816_dim3_bins5_2026-04-29_09-47-24.npz,0.5129708335404735,0.7021998515812531,0.5129708335404735
rat0816,shuffle_null_mean,,180.0,/Users/Hannah/Programming/data_eyeblink/geometry_preservation_outputs/geometry_preservation_rat0816_set0816_dim3_bins5_2026-04-29_09-47-24.npz,0.5742330140786077,0.7429818061919704,0.5742330140786076
rat0816,shuffle_null_mean,,181.0,/Users/Hannah/Programming/data_eyeblink/geometry_preservation_outputs/geometry_preservation_rat0816_set0816_dim3_bins5_2026-04-29_09-47-24.npz,0.6087106056191599,0.7745741274677946,0.6087106056191599
rat0816,shuffle_null_mean,,182.0,/Users/Hannah/Programming/data_eyeblink/geometry_preservation_outputs/geometry_preservation_rat0816_set0816_dim3_bins5_2026-04-29_09-47-24.npz,0.5217716348665294,0.7073655486983632,0.5217716348665296
rat0816,shuffle_null_mean,,183.0,/Users/Hannah/Programming/data_eyeblink/geometry_preservation_outputs/geometry_preservation_rat0816_set0816_dim3_bins5_2026-04-29_09-47-24.npz,0.6106970070692912,0.7729597226636538,0.6106970070692911
rat0816,shuffle_null_mean,,184.0,/Users/Hannah/Programming/data_eyeblink/geometry_preservation_outputs/geometry_preservation_rat0816_set0816_dim3_bins5_2026-04-29_09-47-24.npz,0.5323056435542952,0.7242698134773882,0.5323056435542952
rat0816,shuffle_null_mean,,185.0,/Users/Hannah/Programming/data_eyeblink/geometry_preservation_outputs/geometry_preservation_rat0816_set0816_dim3_bins5_2026-04-29_09-47-24.npz,0.6241390246225412,0.7768331816035587,0.6241390246225412
rat0816,shuffle_null_mean,,186.0,/Users/Hannah/Programming/data_eyeblink/geometry_preservation_outputs/geometry_preservation_rat0816_set0816_dim3_bins5_2026-04-29_09-47-24.npz,0.5803486659816459,0.7542352400059632,0.5803486659816459
rat0816,shuffle_null_mean,,187.0,/Users/Hannah/Programming/data_eyeblink/geometry_preservation_outputs/geometry_preservation_rat0816_set0816_dim3_bins5_2026-04-29_09-47-24.npz,0.5305514910726578,0.7171580985256193,0.5305514910726579
rat0816,shuffle_null_mean,,188.0,/Users/Hannah/Programming/data_eyeblink/geometry_preservation_outputs/geometry_preservation_rat0816_set0816_dim3_bins5_2026-04-29_09-47-24.npz,0.6133813083808543,0.771025372162491,0.6133813083808541
rat0816,shuffle_null_mean,,189.0,/Users/Hannah/Programming/data_eyeblink/geometry_preservation_outputs/geometry_preservation_rat0816_set0816_dim3_bins5_2026-04-29_09-47-24.npz,0.542259829154999,0.7265928262885799,0.542259829154999
rat0816,shuffle_null_mean,,190.0,/Users/Hannah/Programming/data_eyeblink/geometry_preservation_outputs/geometry_preservation_rat0816_set0816_dim3_bins5_2026-04-29_09-47-24.npz,0.626965171733503,0.7788547586548991,0.626965171733503
rat0816,shuffle_null_mean,,191.0,/Users/Hannah/Programming/data_eyeblink/geometry_preservation_outputs/geometry_preservation_rat0816_set0816_dim3_bins5_2026-04-29_09-47-24.npz,0.5953777161247015,0.7637205667254378,0.5953777161247016
rat0816,shuffle_null_mean,,192.0,/Users/Hannah/Programming/data_eyeblink/geometry_preservation_outputs/geometry_preservation_rat0816_set0816_dim3_bins5_2026-04-29_09-47-24.npz,0.640925260692429,0.7926746704959883,0.640925260692429
rat0816,shuffle_null_mean,,193.0,/Users/Hannah/Programming/data_eyeblink/geometry_preservation_outputs/geometry_preservation_rat0816_set0816_dim3_bins5_2026-04-29_09-47-24.npz,0.5303972993861706,0.718473841806299,0.5303972993861705
rat0816,shuffle_null_mean,,194.0,/Users/Hannah/Programming/data_eyeblink/geometry_preservation_outputs/geometry_preservation_rat0816_set0816_dim3_bins5_2026-04-29_09-47-24.npz,0.638302728957524,0.7834018425722319,0.6383027289575239
rat0816,shuffle_null_mean,,195.0,/Users/Hannah/Programming/data_eyeblink/geometry_preservation_outputs/geometry_preservation_rat0816_set0816_dim3_bins5_2026-04-29_09-47-24.npz,0.5956382643764737,0.7542084000868091,0.5956382643764738
rat0816,shuffle_null_mean,,196.0,/Users/Hannah/Programming/data_eyeblink/geometry_preservation_outputs/geometry_preservation_rat0816_set0816_dim3_bins5_2026-04-29_09-47-24.npz,0.5786972830887214,0.7522165487891366,0.5786972830887215
rat0816,shuffle_null_mean,,197.0,/Users/Hannah/Programming/data_eyeblink/geometry_preservation_outputs/geometry_preservation_rat0816_set0816_dim3_bins5_2026-04-29_09-47-24.npz,0.6191291903543216,0.7779066624032784,0.6191291903543217
rat0816,shuffle_null_mean,,198.0,/Users/Hannah/Programming/data_eyeblink/geometry_preservation_outputs/geometry_preservation_rat0816_set0816_dim3_bins5_2026-04-29_09-47-24.npz,0.5305807282201355,0.7112969239404258,0.5305807282201355
rat0816,shuffle_null_mean,,199.0,/Users/Hannah/Programming/data_eyeblink/geometry_preservation_outputs/geometry_preservation_rat0816_set0816_dim3_bins5_2026-04-29_09-47-24.npz,0.6117109388160967,0.7773008901483125,0.6117109388160966
rat0816,shuffle_null_mean,,200.0,/Users/Hannah/Programming/data_eyeblink/geometry_preservation_outputs/geometry_preservation_rat0816_set0816_dim3_bins5_2026-04-29_09-47-24.npz,0.6113676584754313,0.7748607392197585,0.6113676584754312
rat0816,shuffle_null_mean,,201.0,/Users/Hannah/Programming/data_eyeblink/geometry_preservation_outputs/geometry_preservation_rat0816_set0816_dim3_bins5_2026-04-29_09-47-24.npz,0.5370064452025577,0.7222458380923101,0.5370064452025577
rat0816,shuffle_null_mean,,202.0,/Users/Hannah/Programming/data_eyeblink/geometry_preservation_outputs/geometry_preservation_rat0816_set0816_dim3_bins5_2026-04-29_09-47-24.npz,0.6151286198528483,0.7772150458941346,0.6151286198528483
rat0816,shuffle_null_mean,,203.0,/Users/Hannah/Programming/data_eyeblink/geometry_preservation_outputs/geometry_preservation_rat0816_set0816_dim3_bins5_2026-04-29_09-47-24.npz,0.5643055063711891,0.7426533080795317,0.5643055063711891
rat0816,shuffle_null_mean,,204.0,/Users/Hannah/Programming/data_eyeblink/geometry_preservation_outputs/geometry_preservation_rat0816_set0816_dim3_bins5_2026-04-29_09-47-24.npz,0.548489012675578,0.7267635432843316,0.548489012675578
rat0816,shuffle_null_mean,,205.0,/Users/Hannah/Programming/data_eyeblink/geometry_preservation_outputs/geometry_preservation_rat0816_set0816_dim3_bins5_2026-04-29_09-47-24.npz,0.5207288589176942,0.7094479361686715,0.5207288589176942
rat0816,shuffle_null_mean,,206.0,/Users/Hannah/Programming/data_eyeblink/geometry_preservation_outputs/geometry_preservation_rat0816_set0816_dim3_bins5_2026-04-29_09-47-24.npz,0.5961814072660457,0.7542475908573028,0.5961814072660457
rat0816,shuffle_null_mean,,207.0,/Users/Hannah/Programming/data_eyeblink/geometry_preservation_outputs/geometry_preservation_rat0816_set0816_dim3_bins5_2026-04-29_09-47-24.npz,0.6314842059025448,0.7904816737618179,0.6314842059025447
rat0816,shuffle_null_mean,,208.0,/Users/Hannah/Programming/data_eyeblink/geometry_preservation_outputs/geometry_preservation_rat0816_set0816_dim3_bins5_2026-04-29_09-47-24.npz,0.558944957950765,0.7366836066586215,0.558944957950765
rat0816,shuffle_null_mean,,209.0,/Users/Hannah/Programming/data_eyeblink/geometry_preservation_outputs/geometry_preservation_rat0816_set0816_dim3_bins5_2026-04-29_09-47-24.npz,0.5247317514856481,0.7105414129742751,0.5247317514856481
rat0816,shuffle_null_mean,,210.0,/Users/Hannah/Programming/data_eyeblink/geometry_preservation_outputs/geometry_preservation_rat0816_set0816_dim3_bins5_2026-04-29_09-47-24.npz,0.5767253011778153,0.7487690871731983,0.5767253011778152
rat0816,shuffle_null_mean,,211.0,/Users/Hannah/Programming/data_eyeblink/geometry_preservation_outputs/geometry_preservation_rat0816_set0816_dim3_bins5_2026-04-29_09-47-24.npz,0.5483863453039873,0.729249642676745,0.5483863453039872
rat0816,shuffle_null_mean,,212.0,/Users/Hannah/Programming/data_eyeblink/geometry_preservation_outputs/geometry_preservation_rat0816_set0816_dim3_bins5_2026-04-29_09-47-24.npz,0.6183206959278839,0.7769492725780169,0.6183206959278837
rat0816,shuffle_null_mean,,213.0,/Users/Hannah/Programming/data_eyeblink/geometry_preservation_outputs/geometry_preservation_rat0816_set0816_dim3_bins5_2026-04-29_09-47-24.npz,0.5921890441389359,0.7569878126887793,0.5921890441389359
rat0816,shuffle_null_mean,,214.0,/Users/Hannah/Programming/data_eyeblink/geometry_preservation_outputs/geometry_preservation_rat0816_set0816_dim3_bins5_2026-04-29_09-47-24.npz,0.5074358187551898,0.69436879579376,0.50743581875519
rat0816,shuffle_null_mean,,215.0,/Users/Hannah/Programming/data_eyeblink/geometry_preservation_outputs/geometry_preservation_rat0816_set0816_dim3_bins5_2026-04-29_09-47-24.npz,0.5826388374460949,0.7475658797298859,0.5826388374460948
rat0816,shuffle_null_mean,,216.0,/Users/Hannah/Programming/data_eyeblink/geometry_preservation_outputs/geometry_preservation_rat0816_set0816_dim3_bins5_2026-04-29_09-47-24.npz,0.6031123559441529,0.7650539148375166,0.603112355944153
rat0816,shuffle_null_mean,,217.0,/Users/Hannah/Programming/data_eyeblink/geometry_preservation_outputs/geometry_preservation_rat0816_set0816_dim3_bins5_2026-04-29_09-47-24.npz,0.5597091196738917,0.7331555058585366,0.5597091196738917
rat0816,shuffle_null_mean,,218.0,/Users/Hannah/Programming/data_eyeblink/geometry_preservation_outputs/geometry_preservation_rat0816_set0816_dim3_bins5_2026-04-29_09-47-24.npz,0.6464974728169339,0.7977325845988315,0.6464974728169339
rat0816,shuffle_null_mean,,219.0,/Users/Hannah/Programming/data_eyeblink/geometry_preservation_outputs/geometry_preservation_rat0816_set0816_dim3_bins5_2026-04-29_09-47-24.npz,0.6052767904429672,0.7719346476336437,0.6052767904429672
rat0816,shuffle_null_mean,,220.0,/Users/Hannah/Programming/data_eyeblink/geometry_preservation_outputs/geometry_preservation_rat0816_set0816_dim3_bins5_2026-04-29_09-47-24.npz,0.5888551706629915,0.7546788981714494,0.5888551706629916
rat0816,shuffle_null_mean,,221.0,/Users/Hannah/Programming/data_eyeblink/geometry_preservation_outputs/geometry_preservation_rat0816_set0816_dim3_bins5_2026-04-29_09-47-24.npz,0.6100087224509977,0.7701313313188092,0.6100087224509977
rat0816,shuffle_null_mean,,222.0,/Users/Hannah/Programming/data_eyeblink/geometry_preservation_outputs/geometry_preservation_rat0816_set0816_dim3_bins5_2026-04-29_09-47-24.npz,0.5096595956627774,0.6959655656082215,0.5096595956627775
rat0816,shuffle_null_mean,,223.0,/Users/Hannah/Programming/data_eyeblink/geometry_preservation_outputs/geometry_preservation_rat0816_set0816_dim3_bins5_2026-04-29_09-47-24.npz,0.5597273676056461,0.7408987182390765,0.5597273676056461
rat0816,shuffle_null_mean,,224.0,/Users/Hannah/Programming/data_eyeblink/geometry_preservation_outputs/geometry_preservation_rat0816_set0816_dim3_bins5_2026-04-29_09-47-24.npz,0.5894560207637493,0.7616342602191207,0.5894560207637493
rat0816,shuffle_null_mean,,225.0,/Users/Hannah/Programming/data_eyeblink/geometry_preservation_outputs/geometry_preservation_rat0816_set0816_dim3_bins5_2026-04-29_09-47-24.npz,0.5952297837475482,0.760956434484159,0.5952297837475482
rat0816,shuffle_null_mean,,226.0,/Users/Hannah/Programming/data_eyeblink/geometry_preservation_outputs/geometry_preservation_rat0816_set0816_dim3_bins5_2026-04-29_09-47-24.npz,0.6454627173124031,0.7973046139054027,0.6454627173124031
rat0816,shuffle_null_mean,,227.0,/Users/Hannah/Programming/data_eyeblink/geometry_preservation_outputs/geometry_preservation_rat0816_set0816_dim3_bins5_2026-04-29_09-47-24.npz,0.5850263816991852,0.7470644980200449,0.5850263816991851
rat0816,shuffle_null_mean,,228.0,/Users/Hannah/Programming/data_eyeblink/geometry_preservation_outputs/geometry_preservation_rat0816_set0816_dim3_bins5_2026-04-29_09-47-24.npz,0.6513531119121634,0.7966689848730357,0.6513531119121634
rat0816,shuffle_null_mean,,229.0,/Users/Hannah/Programming/data_eyeblink/geometry_preservation_outputs/geometry_preservation_rat0816_set0816_dim3_bins5_2026-04-29_09-47-24.npz,0.5683777419289989,0.7393070576351626,0.5683777419289989
rat0816,shuffle_null_mean,,230.0,/Users/Hannah/Programming/data_eyeblink/geometry_preservation_outputs/geometry_preservation_rat0816_set0816_dim3_bins5_2026-04-29_09-47-24.npz,0.6212913726363479,0.7825781571481392,0.6212913726363478
rat0816,shuffle_null_mean,,231.0,/Users/Hannah/Programming/data_eyeblink/geometry_preservation_outputs/geometry_preservation_rat0816_set0816_dim3_bins5_2026-04-29_09-47-24.npz,0.6151925294431442,0.7770066037991203,0.6151925294431442
rat0816,shuffle_null_mean,,232.0,/Users/Hannah/Programming/data_eyeblink/geometry_preservation_outputs/geometry_preservation_rat0816_set0816_dim3_bins5_2026-04-29_09-47-24.npz,0.6037262729237791,0.77078824672225,0.603726272923779
rat0816,shuffle_null_mean,,233.0,/Users/Hannah/Programming/data_eyeblink/geometry_preservation_outputs/geometry_preservation_rat0816_set0816_dim3_bins5_2026-04-29_09-47-24.npz,0.584401684365299,0.7489051700490786,0.584401684365299
rat0816,shuffle_null_mean,,234.0,/Users/Hannah/Programming/data_eyeblink/geometry_preservation_outputs/geometry_preservation_rat0816_set0816_dim3_bins5_2026-04-29_09-47-24.npz,0.5870653627493337,0.7564764424412155,0.5870653627493336
rat0816,shuffle_null_mean,,235.0,/Users/Hannah/Programming/data_eyeblink/geometry_preservation_outputs/geometry_preservation_rat0816_set0816_dim3_bins5_2026-04-29_09-47-24.npz,0.44857896919452545,0.6500434695304007,0.44857896919452545
rat0816,shuffle_null_mean,,236.0,/Users/Hannah/Programming/data_eyeblink/geometry_preservation_outputs/geometry_preservation_rat0816_set0816_dim3_bins5_2026-04-29_09-47-24.npz,0.583039977154152,0.7506677728312319,0.583039977154152
rat0816,shuffle_null_mean,,237.0,/Users/Hannah/Programming/data_eyeblink/geometry_preservation_outputs/geometry_preservation_rat0816_set0816_dim3_bins5_2026-04-29_09-47-24.npz,0.5467212129300176,0.7310040734793477,0.5467212129300175
rat0816,shuffle_null_mean,,238.0,/Users/Hannah/Programming/data_eyeblink/geometry_preservation_outputs/geometry_preservation_rat0816_set0816_dim3_bins5_2026-04-29_09-47-24.npz,0.6065305353537447,0.7700474297178928,0.6065305353537447
rat0816,shuffle_null_mean,,239.0,/Users/Hannah/Programming/data_eyeblink/geometry_preservation_outputs/geometry_preservation_rat0816_set0816_dim3_bins5_2026-04-29_09-47-24.npz,0.5275212210360825,0.7110097242401539,0.5275212210360823
rat0816,shuffle_null_mean,,240.0,/Users/Hannah/Programming/data_eyeblink/geometry_preservation_outputs/geometry_preservation_rat0816_set0816_dim3_bins5_2026-04-29_09-47-24.npz,0.6054321350104622,0.770166676182108,0.6054321350104622
rat0816,shuffle_null_mean,,241.0,/Users/Hannah/Programming/data_eyeblink/geometry_preservation_outputs/geometry_preservation_rat0816_set0816_dim3_bins5_2026-04-29_09-47-24.npz,0.5581925677134891,0.7301826447813763,0.5581925677134891
rat0816,shuffle_null_mean,,242.0,/Users/Hannah/Programming/data_eyeblink/geometry_preservation_outputs/geometry_preservation_rat0816_set0816_dim3_bins5_2026-04-29_09-47-24.npz,0.5930841229147824,0.7611784533481668,0.5930841229147824
rat0816,shuffle_null_mean,,243.0,/Users/Hannah/Programming/data_eyeblink/geometry_preservation_outputs/geometry_preservation_rat0816_set0816_dim3_bins5_2026-04-29_09-47-24.npz,0.6386330049470283,0.7850528264357948,0.6386330049470283
rat0816,shuffle_null_mean,,244.0,/Users/Hannah/Programming/data_eyeblink/geometry_preservation_outputs/geometry_preservation_rat0816_set0816_dim3_bins5_2026-04-29_09-47-24.npz,0.5665634481275161,0.7416432238510376,0.5665634481275161
rat0816,shuffle_null_mean,,245.0,/Users/Hannah/Programming/data_eyeblink/geometry_preservation_outputs/geometry_preservation_rat0816_set0816_dim3_bins5_2026-04-29_09-47-24.npz,0.5418508927167923,0.7180505035241016,0.5418508927167923
rat0816,shuffle_null_mean,,246.0,/Users/Hannah/Programming/data_eyeblink/geometry_preservation_outputs/geometry_preservation_rat0816_set0816_dim3_bins5_2026-04-29_09-47-24.npz,0.5930800631077766,0.7612417685903812,0.5930800631077766
rat0816,shuffle_null_mean,,247.0,/Users/Hannah/Programming/data_eyeblink/geometry_preservation_outputs/geometry_preservation_rat0816_set0816_dim3_bins5_2026-04-29_09-47-24.npz,0.600647377235712,0.7678090495275743,0.6006473772357122
rat0816,shuffle_null_mean,,248.0,/Users/Hannah/Programming/data_eyeblink/geometry_preservation_outputs/geometry_preservation_rat0816_set0816_dim3_bins5_2026-04-29_09-47-24.npz,0.6300623370094426,0.7863448564344918,0.6300623370094426
rat0816,shuffle_null_mean,,249.0,/Users/Hannah/Programming/data_eyeblink/geometry_preservation_outputs/geometry_preservation_rat0816_set0816_dim3_bins5_2026-04-29_09-47-24.npz,0.565460515737138,0.7437056617130351,0.5654605157371378
rat0816,shuffle_null_mean,,250.0,/Users/Hannah/Programming/data_eyeblink/geometry_preservation_outputs/geometry_preservation_rat0816_set0816_dim3_bins5_2026-04-29_09-47-24.npz,0.597791906259503,0.7611202852875546,0.597791906259503
rat0816,shuffle_null_mean,,251.0,/Users/Hannah/Programming/data_eyeblink/geometry_preservation_outputs/geometry_preservation_rat0816_set0816_dim3_bins5_2026-04-29_09-47-24.npz,0.6021097077533799,0.7688453263449084,0.6021097077533799
rat0816,shuffle_null_mean,,252.0,/Users/Hannah/Programming/data_eyeblink/geometry_preservation_outputs/geometry_preservation_rat0816_set0816_dim3_bins5_2026-04-29_09-47-24.npz,0.5876157910119352,0.758652814749753,0.587615791011935
rat0816,shuffle_null_mean,,253.0,/Users/Hannah/Programming/data_eyeblink/geometry_preservation_outputs/geometry_preservation_rat0816_set0816_dim3_bins5_2026-04-29_09-47-24.npz,0.5870498510950154,0.7547309882436422,0.5870498510950153
rat0816,shuffle_null_mean,,254.0,/Users/Hannah/Programming/data_eyeblink/geometry_preservation_outputs/geometry_preservation_rat0816_set0816_dim3_bins5_2026-04-29_09-47-24.npz,0.5342439724901287,0.721162442482657,0.5342439724901287
rat0816,shuffle_null_mean,,255.0,/Users/Hannah/Programming/data_eyeblink/geometry_preservation_outputs/geometry_preservation_rat0816_set0816_dim3_bins5_2026-04-29_09-47-24.npz,0.5514909634316904,0.7351709951028891,0.5514909634316904
rat0816,shuffle_null_mean,,256.0,/Users/Hannah/Programming/data_eyeblink/geometry_preservation_outputs/geometry_preservation_rat0816_set0816_dim3_bins5_2026-04-29_09-47-24.npz,0.6264791634111161,0.7848524439412612,0.6264791634111161
rat0816,shuffle_null_mean,,257.0,/Users/Hannah/Programming/data_eyeblink/geometry_preservation_outputs/geometry_preservation_rat0816_set0816_dim3_bins5_2026-04-29_09-47-24.npz,0.56751117113967,0.7376352815094418,0.56751117113967
rat0816,shuffle_null_mean,,258.0,/Users/Hannah/Programming/data_eyeblink/geometry_preservation_outputs/geometry_preservation_rat0816_set0816_dim3_bins5_2026-04-29_09-47-24.npz,0.6161227929457305,0.7790576032464396,0.6161227929457307
rat0816,shuffle_null_mean,,259.0,/Users/Hannah/Programming/data_eyeblink/geometry_preservation_outputs/geometry_preservation_rat0816_set0816_dim3_bins5_2026-04-29_09-47-24.npz,0.6105178764499616,0.7732959420035875,0.6105178764499617
rat0816,shuffle_null_mean,,260.0,/Users/Hannah/Programming/data_eyeblink/geometry_preservation_outputs/geometry_preservation_rat0816_set0816_dim3_bins5_2026-04-29_09-47-24.npz,0.6132955737131602,0.7729681013181101,0.6132955737131603
rat0816,shuffle_null_mean,,261.0,/Users/Hannah/Programming/data_eyeblink/geometry_preservation_outputs/geometry_preservation_rat0816_set0816_dim3_bins5_2026-04-29_09-47-24.npz,0.5618356335866331,0.741236045823497,0.5618356335866331
rat0816,shuffle_null_mean,,262.0,/Users/Hannah/Programming/data_eyeblink/geometry_preservation_outputs/geometry_preservation_rat0816_set0816_dim3_bins5_2026-04-29_09-47-24.npz,0.5106106883966499,0.7010724748019121,0.5106106883966499
rat0816,shuffle_null_mean,,263.0,/Users/Hannah/Programming/data_eyeblink/geometry_preservation_outputs/geometry_preservation_rat0816_set0816_dim3_bins5_2026-04-29_09-47-24.npz,0.6358623576285011,0.793470773782766,0.6358623576285007
rat0816,shuffle_null_mean,,264.0,/Users/Hannah/Programming/data_eyeblink/geometry_preservation_outputs/geometry_preservation_rat0816_set0816_dim3_bins5_2026-04-29_09-47-24.npz,0.5841278009075636,0.7556387480531892,0.5841278009075637
rat0816,shuffle_null_mean,,265.0,/Users/Hannah/Programming/data_eyeblink/geometry_preservation_outputs/geometry_preservation_rat0816_set0816_dim3_bins5_2026-04-29_09-47-24.npz,0.48293924821116097,0.6729872631011816,0.48293924821116097
rat0816,shuffle_null_mean,,266.0,/Users/Hannah/Programming/data_eyeblink/geometry_preservation_outputs/geometry_preservation_rat0816_set0816_dim3_bins5_2026-04-29_09-47-24.npz,0.5312830238996237,0.7177155804369111,0.5312830238996237
rat0816,shuffle_null_mean,,267.0,/Users/Hannah/Programming/data_eyeblink/geometry_preservation_outputs/geometry_preservation_rat0816_set0816_dim3_bins5_2026-04-29_09-47-24.npz,0.5897962446139152,0.7560086724637858,0.5897962446139152
rat0816,shuffle_null_mean,,268.0,/Users/Hannah/Programming/data_eyeblink/geometry_preservation_outputs/geometry_preservation_rat0816_set0816_dim3_bins5_2026-04-29_09-47-24.npz,0.6256016031606267,0.7808312403132239,0.6256016031606266
rat0816,shuffle_null_mean,,269.0,/Users/Hannah/Programming/data_eyeblink/geometry_preservation_outputs/geometry_preservation_rat0816_set0816_dim3_bins5_2026-04-29_09-47-24.npz,0.5514622111007805,0.7354721910103454,0.5514622111007805
rat0816,shuffle_null_mean,,270.0,/Users/Hannah/Programming/data_eyeblink/geometry_preservation_outputs/geometry_preservation_rat0816_set0816_dim3_bins5_2026-04-29_09-47-24.npz,0.6149888529601009,0.7736908394001889,0.6149888529601008
rat0816,shuffle_null_mean,,271.0,/Users/Hannah/Programming/data_eyeblink/geometry_preservation_outputs/geometry_preservation_rat0816_set0816_dim3_bins5_2026-04-29_09-47-24.npz,0.5268726708616864,0.7187415196337705,0.5268726708616864
rat0816,shuffle_null_mean,,272.0,/Users/Hannah/Programming/data_eyeblink/geometry_preservation_outputs/geometry_preservation_rat0816_set0816_dim3_bins5_2026-04-29_09-47-24.npz,0.5955354041541912,0.767181355825656,0.5955354041541909
rat0816,shuffle_null_mean,,273.0,/Users/Hannah/Programming/data_eyeblink/geometry_preservation_outputs/geometry_preservation_rat0816_set0816_dim3_bins5_2026-04-29_09-47-24.npz,0.6678267526026715,0.8105260494713029,0.6678267526026715
rat0816,shuffle_null_mean,,274.0,/Users/Hannah/Programming/data_eyeblink/geometry_preservation_outputs/geometry_preservation_rat0816_set0816_dim3_bins5_2026-04-29_09-47-24.npz,0.5658086461461418,0.7424541464573929,0.5658086461461418
rat0816,shuffle_null_mean,,275.0,/Users/Hannah/Programming/data_eyeblink/geometry_preservation_outputs/geometry_preservation_rat0816_set0816_dim3_bins5_2026-04-29_09-47-24.npz,0.5693767684068856,0.7456108698770535,0.5693767684068856
rat0816,shuffle_null_mean,,276.0,/Users/Hannah/Programming/data_eyeblink/geometry_preservation_outputs/geometry_preservation_rat0816_set0816_dim3_bins5_2026-04-29_09-47-24.npz,0.5863075076140838,0.7462037120935606,0.5863075076140838
rat0816,shuffle_null_mean,,277.0,/Users/Hannah/Programming/data_eyeblink/geometry_preservation_outputs/geometry_preservation_rat0816_set0816_dim3_bins5_2026-04-29_09-47-24.npz,0.5811994498398138,0.7513170901996833,0.5811994498398136
rat0816,shuffle_null_mean,,278.0,/Users/Hannah/Programming/data_eyeblink/geometry_preservation_outputs/geometry_preservation_rat0816_set0816_dim3_bins5_2026-04-29_09-47-24.npz,0.507527336393443,0.6946969303408728,0.507527336393443
rat0816,shuffle_null_mean,,279.0,/Users/Hannah/Programming/data_eyeblink/geometry_preservation_outputs/geometry_preservation_rat0816_set0816_dim3_bins5_2026-04-29_09-47-24.npz,0.6580685448848421,0.8040014527539292,0.658068544884842
rat0816,shuffle_null_mean,,280.0,/Users/Hannah/Programming/data_eyeblink/geometry_preservation_outputs/geometry_preservation_rat0816_set0816_dim3_bins5_2026-04-29_09-47-24.npz,0.66881138732854,0.8130898621491822,0.6688113873285398
rat0816,shuffle_null_mean,,281.0,/Users/Hannah/Programming/data_eyeblink/geometry_preservation_outputs/geometry_preservation_rat0816_set0816_dim3_bins5_2026-04-29_09-47-24.npz,0.5948333712462448,0.7600712815279221,0.5948333712462447
rat0816,shuffle_null_mean,,282.0,/Users/Hannah/Programming/data_eyeblink/geometry_preservation_outputs/geometry_preservation_rat0816_set0816_dim3_bins5_2026-04-29_09-47-24.npz,0.5902440778988017,0.759528049166764,0.5902440778988017
rat0816,shuffle_null_mean,,283.0,/Users/Hannah/Programming/data_eyeblink/geometry_preservation_outputs/geometry_preservation_rat0816_set0816_dim3_bins5_2026-04-29_09-47-24.npz,0.6607450365753874,0.8062061116903442,0.6607450365753874
rat0816,shuffle_null_mean,,284.0,/Users/Hannah/Programming/data_eyeblink/geometry_preservation_outputs/geometry_preservation_rat0816_set0816_dim3_bins5_2026-04-29_09-47-24.npz,0.6149903946167203,0.776779020009168,0.6149903946167203
rat0816,shuffle_null_mean,,285.0,/Users/Hannah/Programming/data_eyeblink/geometry_preservation_outputs/geometry_preservation_rat0816_set0816_dim3_bins5_2026-04-29_09-47-24.npz,0.5635056519528512,0.7406170308213995,0.5635056519528512
rat0816,shuffle_null_mean,,286.0,/Users/Hannah/Programming/data_eyeblink/geometry_preservation_outputs/geometry_preservation_rat0816_set0816_dim3_bins5_2026-04-29_09-47-24.npz,0.513654806100299,0.7069896938351865,0.513654806100299
rat0816,shuffle_null_mean,,287.0,/Users/Hannah/Programming/data_eyeblink/geometry_preservation_outputs/geometry_preservation_rat0816_set0816_dim3_bins5_2026-04-29_09-47-24.npz,0.42549349756840094,0.6367261688403225,0.4254934975684009
rat0816,shuffle_null_mean,,288.0,/Users/Hannah/Programming/data_eyeblink/geometry_preservation_outputs/geometry_preservation_rat0816_set0816_dim3_bins5_2026-04-29_09-47-24.npz,0.6359094234555525,0.7917774572344729,0.6359094234555525
rat0816,shuffle_null_mean,,289.0,/Users/Hannah/Programming/data_eyeblink/geometry_preservation_outputs/geometry_preservation_rat0816_set0816_dim3_bins5_2026-04-29_09-47-24.npz,0.5100816215927839,0.7056512578356161,0.5100816215927839
rat0816,shuffle_null_mean,,290.0,/Users/Hannah/Programming/data_eyeblink/geometry_preservation_outputs/geometry_preservation_rat0816_set0816_dim3_bins5_2026-04-29_09-47-24.npz,0.5810030500127967,0.7561000729099426,0.5810030500127967
rat0816,shuffle_null_mean,,291.0,/Users/Hannah/Programming/data_eyeblink/geometry_preservation_outputs/geometry_preservation_rat0816_set0816_dim3_bins5_2026-04-29_09-47-24.npz,0.5978779685968256,0.7612596037872749,0.5978779685968256
rat0816,shuffle_null_mean,,292.0,/Users/Hannah/Programming/data_eyeblink/geometry_preservation_outputs/geometry_preservation_rat0816_set0816_dim3_bins5_2026-04-29_09-47-24.npz,0.5679544937391934,0.7374326368717055,0.5679544937391934
rat0816,shuffle_null_mean,,293.0,/Users/Hannah/Programming/data_eyeblink/geometry_preservation_outputs/geometry_preservation_rat0816_set0816_dim3_bins5_2026-04-29_09-47-24.npz,0.5421499767519734,0.7245907790925243,0.5421499767519733
rat0816,shuffle_null_mean,,294.0,/Users/Hannah/Programming/data_eyeblink/geometry_preservation_outputs/geometry_preservation_rat0816_set0816_dim3_bins5_2026-04-29_09-47-24.npz,0.5229511112660955,0.705533823838513,0.5229511112660955
rat0816,shuffle_null_mean,,295.0,/Users/Hannah/Programming/data_eyeblink/geometry_preservation_outputs/geometry_preservation_rat0816_set0816_dim3_bins5_2026-04-29_09-47-24.npz,0.5349708427386963,0.7176035010780202,0.5349708427386963
rat0816,shuffle_null_mean,,296.0,/Users/Hannah/Programming/data_eyeblink/geometry_preservation_outputs/geometry_preservation_rat0816_set0816_dim3_bins5_2026-04-29_09-47-24.npz,0.5732802204284411,0.7447320954583592,0.5732802204284411
rat0816,shuffle_null_mean,,297.0,/Users/Hannah/Programming/data_eyeblink/geometry_preservation_outputs/geometry_preservation_rat0816_set0816_dim3_bins5_2026-04-29_09-47-24.npz,0.550346647667301,0.72722910894253,0.550346647667301
rat0816,shuffle_null_mean,,298.0,/Users/Hannah/Programming/data_eyeblink/geometry_preservation_outputs/geometry_preservation_rat0816_set0816_dim3_bins5_2026-04-29_09-47-24.npz,0.6118361510010888,0.7663275304764121,0.6118361510010889
rat0816,shuffle_null_mean,,299.0,/Users/Hannah/Programming/data_eyeblink/geometry_preservation_outputs/geometry_preservation_rat0816_set0816_dim3_bins5_2026-04-29_09-47-24.npz,0.5794548498689357,0.7488463445137543,0.5794548498689356
rat0816,shuffle_null_mean,,300.0,/Users/Hannah/Programming/data_eyeblink/geometry_preservation_outputs/geometry_preservation_rat0816_set0816_dim3_bins5_2026-04-29_09-47-24.npz,0.5795539062494216,0.7500457465118254,0.5795539062494216
rat0816,shuffle_null_mean,,301.0,/Users/Hannah/Programming/data_eyeblink/geometry_preservation_outputs/geometry_preservation_rat0816_set0816_dim3_bins5_2026-04-29_09-47-24.npz,0.5388105065241271,0.7177791083406863,0.5388105065241271
rat0816,shuffle_null_mean,,302.0,/Users/Hannah/Programming/data_eyeblink/geometry_preservation_outputs/geometry_preservation_rat0816_set0816_dim3_bins5_2026-04-29_09-47-24.npz,0.6362299068552083,0.7902532068437811,0.6362299068552083
rat0816,shuffle_null_mean,,303.0,/Users/Hannah/Programming/data_eyeblink/geometry_preservation_outputs/geometry_preservation_rat0816_set0816_dim3_bins5_2026-04-29_09-47-24.npz,0.6069492792950704,0.774389150498569,0.6069492792950704
rat0816,shuffle_null_mean,,304.0,/Users/Hannah/Programming/data_eyeblink/geometry_preservation_outputs/geometry_preservation_rat0816_set0816_dim3_bins5_2026-04-29_09-47-24.npz,0.5855276580092547,0.753212019461323,0.5855276580092545
rat0816,shuffle_null_mean,,305.0,/Users/Hannah/Programming/data_eyeblink/geometry_preservation_outputs/geometry_preservation_rat0816_set0816_dim3_bins5_2026-04-29_09-47-24.npz,0.5708869461650234,0.7445449419736383,0.5708869461650236
rat0816,shuffle_null_mean,,306.0,/Users/Hannah/Programming/data_eyeblink/geometry_preservation_outputs/geometry_preservation_rat0816_set0816_dim3_bins5_2026-04-29_09-47-24.npz,0.5956650712651343,0.7606462442178807,0.5956650712651343
rat0816,shuffle_null_mean,,307.0,/Users/Hannah/Programming/data_eyeblink/geometry_preservation_outputs/geometry_preservation_rat0816_set0816_dim3_bins5_2026-04-29_09-47-24.npz,0.6088169322935107,0.7708763743429566,0.6088169322935107
rat0816,shuffle_null_mean,,308.0,/Users/Hannah/Programming/data_eyeblink/geometry_preservation_outputs/geometry_preservation_rat0816_set0816_dim3_bins5_2026-04-29_09-47-24.npz,0.529607092991695,0.7153692042243783,0.529607092991695
rat0816,shuffle_null_mean,,309.0,/Users/Hannah/Programming/data_eyeblink/geometry_preservation_outputs/geometry_preservation_rat0816_set0816_dim3_bins5_2026-04-29_09-47-24.npz,0.5705806816258825,0.7423608080174283,0.5705806816258824
rat0816,shuffle_null_mean,,310.0,/Users/Hannah/Programming/data_eyeblink/geometry_preservation_outputs/geometry_preservation_rat0816_set0816_dim3_bins5_2026-04-29_09-47-24.npz,0.6074513086207424,0.7628385726759612,0.6074513086207423
rat0816,shuffle_null_mean,,311.0,/Users/Hannah/Programming/data_eyeblink/geometry_preservation_outputs/geometry_preservation_rat0816_set0816_dim3_bins5_2026-04-29_09-47-24.npz,0.557746031739321,0.7361266285036626,0.5577460317393209
rat0816,shuffle_null_mean,,312.0,/Users/Hannah/Programming/data_eyeblink/geometry_preservation_outputs/geometry_preservation_rat0816_set0816_dim3_bins5_2026-04-29_09-47-24.npz,0.5976048951133007,0.7612116829587412,0.5976048951133007
rat0816,shuffle_null_mean,,313.0,/Users/Hannah/Programming/data_eyeblink/geometry_preservation_outputs/geometry_preservation_rat0816_set0816_dim3_bins5_2026-04-29_09-47-24.npz,0.6334337505860683,0.7909396979496055,0.6334337505860683
rat0816,shuffle_null_mean,,314.0,/Users/Hannah/Programming/data_eyeblink/geometry_preservation_outputs/geometry_preservation_rat0816_set0816_dim3_bins5_2026-04-29_09-47-24.npz,0.6203285998445007,0.7736137210113531,0.6203285998445007
rat0816,shuffle_null_mean,,315.0,/Users/Hannah/Programming/data_eyeblink/geometry_preservation_outputs/geometry_preservation_rat0816_set0816_dim3_bins5_2026-04-29_09-47-24.npz,0.5796622625557323,0.7523858731007865,0.5796622625557323
rat0816,shuffle_null_mean,,316.0,/Users/Hannah/Programming/data_eyeblink/geometry_preservation_outputs/geometry_preservation_rat0816_set0816_dim3_bins5_2026-04-29_09-47-24.npz,0.6066659867812421,0.7692344072399521,0.606665986781242
rat0816,shuffle_null_mean,,317.0,/Users/Hannah/Programming/data_eyeblink/geometry_preservation_outputs/geometry_preservation_rat0816_set0816_dim3_bins5_2026-04-29_09-47-24.npz,0.5972961093363164,0.7564878995221411,0.5972961093363163
rat0816,shuffle_null_mean,,318.0,/Users/Hannah/Programming/data_eyeblink/geometry_preservation_outputs/geometry_preservation_rat0816_set0816_dim3_bins5_2026-04-29_09-47-24.npz,0.6231907026921283,0.7830121661295426,0.6231907026921281
rat0816,shuffle_null_mean,,319.0,/Users/Hannah/Programming/data_eyeblink/geometry_preservation_outputs/geometry_preservation_rat0816_set0816_dim3_bins5_2026-04-29_09-47-24.npz,0.5858365526254052,0.7564022805777149,0.5858365526254053
rat0816,shuffle_null_mean,,320.0,/Users/Hannah/Programming/data_eyeblink/geometry_preservation_outputs/geometry_preservation_rat0816_set0816_dim3_bins5_2026-04-29_09-47-24.npz,0.5567176950011886,0.7277240693358884,0.5567176950011886
rat0816,shuffle_null_mean,,321.0,/Users/Hannah/Programming/data_eyeblink/geometry_preservation_outputs/geometry_preservation_rat0816_set0816_dim3_bins5_2026-04-29_09-47-24.npz,0.5465212715325316,0.7250794633300663,0.5465212715325316
rat0816,shuffle_null_mean,,322.0,/Users/Hannah/Programming/data_eyeblink/geometry_preservation_outputs/geometry_preservation_rat0816_set0816_dim3_bins5_2026-04-29_09-47-24.npz,0.6012267002632043,0.768341581470159,0.6012267002632043
rat0816,shuffle_null_mean,,323.0,/Users/Hannah/Programming/data_eyeblink/geometry_preservation_outputs/geometry_preservation_rat0816_set0816_dim3_bins5_2026-04-29_09-47-24.npz,0.6262669873538634,0.7852423390952843,0.6262669873538634
rat0816,shuffle_null_mean,,324.0,/Users/Hannah/Programming/data_eyeblink/geometry_preservation_outputs/geometry_preservation_rat0816_set0816_dim3_bins5_2026-04-29_09-47-24.npz,0.541658961311286,0.723585264080899,0.541658961311286
rat0816,shuffle_null_mean,,325.0,/Users/Hannah/Programming/data_eyeblink/geometry_preservation_outputs/geometry_preservation_rat0816_set0816_dim3_bins5_2026-04-29_09-47-24.npz,0.6447554960850642,0.7943274863787774,0.6447554960850641
rat0816,shuffle_null_mean,,326.0,/Users/Hannah/Programming/data_eyeblink/geometry_preservation_outputs/geometry_preservation_rat0816_set0816_dim3_bins5_2026-04-29_09-47-24.npz,0.6411235539846175,0.7863944940355123,0.6411235539846174
rat0816,shuffle_null_mean,,327.0,/Users/Hannah/Programming/data_eyeblink/geometry_preservation_outputs/geometry_preservation_rat0816_set0816_dim3_bins5_2026-04-29_09-47-24.npz,0.6445552065564308,0.795427566976396,0.6445552065564308
rat0816,shuffle_null_mean,,328.0,/Users/Hannah/Programming/data_eyeblink/geometry_preservation_outputs/geometry_preservation_rat0816_set0816_dim3_bins5_2026-04-29_09-47-24.npz,0.5291804559132431,0.716091468374472,0.5291804559132431
rat0816,shuffle_null_mean,,329.0,/Users/Hannah/Programming/data_eyeblink/geometry_preservation_outputs/geometry_preservation_rat0816_set0816_dim3_bins5_2026-04-29_09-47-24.npz,0.5917456064318107,0.762708121020238,0.5917456064318107
rat0816,shuffle_null_mean,,330.0,/Users/Hannah/Programming/data_eyeblink/geometry_preservation_outputs/geometry_preservation_rat0816_set0816_dim3_bins5_2026-04-29_09-47-24.npz,0.5771591183337167,0.7476863801365644,0.5771591183337166
rat0816,shuffle_null_mean,,331.0,/Users/Hannah/Programming/data_eyeblink/geometry_preservation_outputs/geometry_preservation_rat0816_set0816_dim3_bins5_2026-04-29_09-47-24.npz,0.5763049526345156,0.7528118145234798,0.5763049526345154
rat0816,shuffle_null_mean,,332.0,/Users/Hannah/Programming/data_eyeblink/geometry_preservation_outputs/geometry_preservation_rat0816_set0816_dim3_bins5_2026-04-29_09-47-24.npz,0.5624322496466923,0.7402736105899003,0.5624322496466923
rat0816,shuffle_null_mean,,333.0,/Users/Hannah/Programming/data_eyeblink/geometry_preservation_outputs/geometry_preservation_rat0816_set0816_dim3_bins5_2026-04-29_09-47-24.npz,0.6033354101866125,0.7681680845892652,0.6033354101866125
rat0816,shuffle_null_mean,,334.0,/Users/Hannah/Programming/data_eyeblink/geometry_preservation_outputs/geometry_preservation_rat0816_set0816_dim3_bins5_2026-04-29_09-47-24.npz,0.5562095784063901,0.7285775123375475,0.5562095784063901
rat0816,shuffle_null_mean,,335.0,/Users/Hannah/Programming/data_eyeblink/geometry_preservation_outputs/geometry_preservation_rat0816_set0816_dim3_bins5_2026-04-29_09-47-24.npz,0.6232566692705388,0.784567685875731,0.6232566692705387
rat0816,shuffle_null_mean,,336.0,/Users/Hannah/Programming/data_eyeblink/geometry_preservation_outputs/geometry_preservation_rat0816_set0816_dim3_bins5_2026-04-29_09-47-24.npz,0.6312837664176925,0.783841744489528,0.6312837664176925
rat0816,shuffle_null_mean,,337.0,/Users/Hannah/Programming/data_eyeblink/geometry_preservation_outputs/geometry_preservation_rat0816_set0816_dim3_bins5_2026-04-29_09-47-24.npz,0.5992174607169038,0.7683105085265642,0.5992174607169038
rat0816,shuffle_null_mean,,338.0,/Users/Hannah/Programming/data_eyeblink/geometry_preservation_outputs/geometry_preservation_rat0816_set0816_dim3_bins5_2026-04-29_09-47-24.npz,0.6349039151675618,0.7877757088007259,0.6349039151675618
rat0816,shuffle_null_mean,,339.0,/Users/Hannah/Programming/data_eyeblink/geometry_preservation_outputs/geometry_preservation_rat0816_set0816_dim3_bins5_2026-04-29_09-47-24.npz,0.6077785693720349,0.7719987750187525,0.6077785693720348
rat0816,shuffle_null_mean,,340.0,/Users/Hannah/Programming/data_eyeblink/geometry_preservation_outputs/geometry_preservation_rat0816_set0816_dim3_bins5_2026-04-29_09-47-24.npz,0.5921701527404452,0.7625027582503059,0.5921701527404452
rat0816,shuffle_null_mean,,341.0,/Users/Hannah/Programming/data_eyeblink/geometry_preservation_outputs/geometry_preservation_rat0816_set0816_dim3_bins5_2026-04-29_09-47-24.npz,0.6850836756346577,0.8213744625371717,0.6850836756346576
rat0816,shuffle_null_mean,,342.0,/Users/Hannah/Programming/data_eyeblink/geometry_preservation_outputs/geometry_preservation_rat0816_set0816_dim3_bins5_2026-04-29_09-47-24.npz,0.6149415619598588,0.774455085069538,0.6149415619598588
rat0816,shuffle_null_mean,,343.0,/Users/Hannah/Programming/data_eyeblink/geometry_preservation_outputs/geometry_preservation_rat0816_set0816_dim3_bins5_2026-04-29_09-47-24.npz,0.5793460898056827,0.7518500409168596,0.5793460898056827
rat0816,shuffle_null_mean,,344.0,/Users/Hannah/Programming/data_eyeblink/geometry_preservation_outputs/geometry_preservation_rat0816_set0816_dim3_bins5_2026-04-29_09-47-24.npz,0.5813038525326163,0.7513643590918131,0.5813038525326163
rat0816,shuffle_null_mean,,345.0,/Users/Hannah/Programming/data_eyeblink/geometry_preservation_outputs/geometry_preservation_rat0816_set0816_dim3_bins5_2026-04-29_09-47-24.npz,0.5807044820190151,0.7481795952148262,0.5807044820190151
rat0816,shuffle_null_mean,,346.0,/Users/Hannah/Programming/data_eyeblink/geometry_preservation_outputs/geometry_preservation_rat0816_set0816_dim3_bins5_2026-04-29_09-47-24.npz,0.6117377013571248,0.7717957116853837,0.6117377013571248
rat0816,shuffle_null_mean,,347.0,/Users/Hannah/Programming/data_eyeblink/geometry_preservation_outputs/geometry_preservation_rat0816_set0816_dim3_bins5_2026-04-29_09-47-24.npz,0.5731356234133151,0.7470218273355844,0.5731356234133151
rat0816,shuffle_null_mean,,348.0,/Users/Hannah/Programming/data_eyeblink/geometry_preservation_outputs/geometry_preservation_rat0816_set0816_dim3_bins5_2026-04-29_09-47-24.npz,0.5574336583642545,0.7380180932206495,0.5574336583642545
rat0816,shuffle_null_mean,,349.0,/Users/Hannah/Programming/data_eyeblink/geometry_preservation_outputs/geometry_preservation_rat0816_set0816_dim3_bins5_2026-04-29_09-47-24.npz,0.5812305089479628,0.7511362342837811,0.5812305089479628
rat0816,shuffle_null_mean,,350.0,/Users/Hannah/Programming/data_eyeblink/geometry_preservation_outputs/geometry_preservation_rat0816_set0816_dim3_bins5_2026-04-29_09-47-24.npz,0.6241470813815233,0.7842110321043918,0.6241470813815233
rat0816,shuffle_null_mean,,351.0,/Users/Hannah/Programming/data_eyeblink/geometry_preservation_outputs/geometry_preservation_rat0816_set0816_dim3_bins5_2026-04-29_09-47-24.npz,0.5774624245510424,0.7520037415645447,0.5774624245510424
rat0816,shuffle_null_mean,,352.0,/Users/Hannah/Programming/data_eyeblink/geometry_preservation_outputs/geometry_preservation_rat0816_set0816_dim3_bins5_2026-04-29_09-47-24.npz,0.6056773253520953,0.7678028459088146,0.6056773253520953
rat0816,shuffle_null_mean,,353.0,/Users/Hannah/Programming/data_eyeblink/geometry_preservation_outputs/geometry_preservation_rat0816_set0816_dim3_bins5_2026-04-29_09-47-24.npz,0.5996658405173458,0.7664348030348794,0.5996658405173458
rat0816,shuffle_null_mean,,354.0,/Users/Hannah/Programming/data_eyeblink/geometry_preservation_outputs/geometry_preservation_rat0816_set0816_dim3_bins5_2026-04-29_09-47-24.npz,0.5870044977349731,0.7540765916205956,0.5870044977349731
rat0816,shuffle_null_mean,,355.0,/Users/Hannah/Programming/data_eyeblink/geometry_preservation_outputs/geometry_preservation_rat0816_set0816_dim3_bins5_2026-04-29_09-47-24.npz,0.5548086311130058,0.7341250282545799,0.5548086311130059
rat0816,shuffle_null_mean,,356.0,/Users/Hannah/Programming/data_eyeblink/geometry_preservation_outputs/geometry_preservation_rat0816_set0816_dim3_bins5_2026-04-29_09-47-24.npz,0.5856801981269198,0.756345846964882,0.58568019812692
rat0816,shuffle_null_mean,,357.0,/Users/Hannah/Programming/data_eyeblink/geometry_preservation_outputs/geometry_preservation_rat0816_set0816_dim3_bins5_2026-04-29_09-47-24.npz,0.6048745504127656,0.7683070567846411,0.6048745504127656
rat0816,shuffle_null_mean,,358.0,/Users/Hannah/Programming/data_eyeblink/geometry_preservation_outputs/geometry_preservation_rat0816_set0816_dim3_bins5_2026-04-29_09-47-24.npz,0.5442685674110435,0.7228423240247835,0.5442685674110435
rat0816,shuffle_null_mean,,359.0,/Users/Hannah/Programming/data_eyeblink/geometry_preservation_outputs/geometry_preservation_rat0816_set0816_dim3_bins5_2026-04-29_09-47-24.npz,0.5974892421762199,0.7653114836831778,0.5974892421762199
rat0816,shuffle_null_mean,,360.0,/Users/Hannah/Programming/data_eyeblink/geometry_preservation_outputs/geometry_preservation_rat0816_set0816_dim3_bins5_2026-04-29_09-47-24.npz,0.6328486893157265,0.7850334205021586,0.6328486893157264
rat0816,shuffle_null_mean,,361.0,/Users/Hannah/Programming/data_eyeblink/geometry_preservation_outputs/geometry_preservation_rat0816_set0816_dim3_bins5_2026-04-29_09-47-24.npz,0.6490545084415973,0.8004081821907872,0.6490545084415971
rat0816,shuffle_null_mean,,362.0,/Users/Hannah/Programming/data_eyeblink/geometry_preservation_outputs/geometry_preservation_rat0816_set0816_dim3_bins5_2026-04-29_09-47-24.npz,0.6125381358737574,0.7776951103872405,0.6125381358737575
rat0816,shuffle_null_mean,,363.0,/Users/Hannah/Programming/data_eyeblink/geometry_preservation_outputs/geometry_preservation_rat0816_set0816_dim3_bins5_2026-04-29_09-47-24.npz,0.556593795921751,0.739011006451229,0.5565937959217511
rat0816,shuffle_null_mean,,364.0,/Users/Hannah/Programming/data_eyeblink/geometry_preservation_outputs/geometry_preservation_rat0816_set0816_dim3_bins5_2026-04-29_09-47-24.npz,0.5168219559098011,0.7090225991232778,0.5168219559098012
rat0816,shuffle_null_mean,,365.0,/Users/Hannah/Programming/data_eyeblink/geometry_preservation_outputs/geometry_preservation_rat0816_set0816_dim3_bins5_2026-04-29_09-47-24.npz,0.6531271151584502,0.7996184955065146,0.6531271151584502
rat0816,shuffle_null_mean,,366.0,/Users/Hannah/Programming/data_eyeblink/geometry_preservation_outputs/geometry_preservation_rat0816_set0816_dim3_bins5_2026-04-29_09-47-24.npz,0.5711686056577359,0.7308959878100916,0.5711686056577359
rat0816,shuffle_null_mean,,367.0,/Users/Hannah/Programming/data_eyeblink/geometry_preservation_outputs/geometry_preservation_rat0816_set0816_dim3_bins5_2026-04-29_09-47-24.npz,0.5623664628562048,0.7385071765130762,0.5623664628562047
rat0816,shuffle_null_mean,,368.0,/Users/Hannah/Programming/data_eyeblink/geometry_preservation_outputs/geometry_preservation_rat0816_set0816_dim3_bins5_2026-04-29_09-47-24.npz,0.5407596949521343,0.7190031372322138,0.5407596949521342
rat0816,shuffle_null_mean,,369.0,/Users/Hannah/Programming/data_eyeblink/geometry_preservation_outputs/geometry_preservation_rat0816_set0816_dim3_bins5_2026-04-29_09-47-24.npz,0.6535884254514359,0.801722825172684,0.6535884254514359
rat0816,shuffle_null_mean,,370.0,/Users/Hannah/Programming/data_eyeblink/geometry_preservation_outputs/geometry_preservation_rat0816_set0816_dim3_bins5_2026-04-29_09-47-24.npz,0.6148382952180717,0.7680147450622519,0.6148382952180715
rat0816,shuffle_null_mean,,371.0,/Users/Hannah/Programming/data_eyeblink/geometry_preservation_outputs/geometry_preservation_rat0816_set0816_dim3_bins5_2026-04-29_09-47-24.npz,0.5179374708989795,0.7075964245205891,0.5179374708989795
rat0816,shuffle_null_mean,,372.0,/Users/Hannah/Programming/data_eyeblink/geometry_preservation_outputs/geometry_preservation_rat0816_set0816_dim3_bins5_2026-04-29_09-47-24.npz,0.6456575616034415,0.7993337585011865,0.6456575616034413
rat0816,shuffle_null_mean,,373.0,/Users/Hannah/Programming/data_eyeblink/geometry_preservation_outputs/geometry_preservation_rat0816_set0816_dim3_bins5_2026-04-29_09-47-24.npz,0.5538105716962264,0.7283592740367256,0.5538105716962264
rat0816,shuffle_null_mean,,374.0,/Users/Hannah/Programming/data_eyeblink/geometry_preservation_outputs/geometry_preservation_rat0816_set0816_dim3_bins5_2026-04-29_09-47-24.npz,0.6600262074310423,0.7979652661268724,0.6600262074310423
rat0816,shuffle_null_mean,,375.0,/Users/Hannah/Programming/data_eyeblink/geometry_preservation_outputs/geometry_preservation_rat0816_set0816_dim3_bins5_2026-04-29_09-47-24.npz,0.55960870531223,0.7391042740820313,0.5596087053122301
rat0816,shuffle_null_mean,,376.0,/Users/Hannah/Programming/data_eyeblink/geometry_preservation_outputs/geometry_preservation_rat0816_set0816_dim3_bins5_2026-04-29_09-47-24.npz,0.554371624487831,0.7332179456227804,0.554371624487831
rat0816,shuffle_null_mean,,377.0,/Users/Hannah/Programming/data_eyeblink/geometry_preservation_outputs/geometry_preservation_rat0816_set0816_dim3_bins5_2026-04-29_09-47-24.npz,0.59936901527342,0.7671338040015374,0.59936901527342
rat0816,shuffle_null_mean,,378.0,/Users/Hannah/Programming/data_eyeblink/geometry_preservation_outputs/geometry_preservation_rat0816_set0816_dim3_bins5_2026-04-29_09-47-24.npz,0.5543262975156049,0.739176393476542,0.5543262975156048
rat0816,shuffle_null_mean,,379.0,/Users/Hannah/Programming/data_eyeblink/geometry_preservation_outputs/geometry_preservation_rat0816_set0816_dim3_bins5_2026-04-29_09-47-24.npz,0.5874206842769206,0.7473392768354443,0.5874206842769206
rat0816,shuffle_null_mean,,380.0,/Users/Hannah/Programming/data_eyeblink/geometry_preservation_outputs/geometry_preservation_rat0816_set0816_dim3_bins5_2026-04-29_09-47-24.npz,0.5937308469550637,0.7627484763344115,0.5937308469550637
rat0816,shuffle_null_mean,,381.0,/Users/Hannah/Programming/data_eyeblink/geometry_preservation_outputs/geometry_preservation_rat0816_set0816_dim3_bins5_2026-04-29_09-47-24.npz,0.6140160197117828,0.769970929347824,0.6140160197117828
rat0816,shuffle_null_mean,,382.0,/Users/Hannah/Programming/data_eyeblink/geometry_preservation_outputs/geometry_preservation_rat0816_set0816_dim3_bins5_2026-04-29_09-47-24.npz,0.6659611758505435,0.8122265410279665,0.6659611758505435
rat0816,shuffle_null_mean,,383.0,/Users/Hannah/Programming/data_eyeblink/geometry_preservation_outputs/geometry_preservation_rat0816_set0816_dim3_bins5_2026-04-29_09-47-24.npz,0.603991624696706,0.7727359904478066,0.6039916246967059
rat0816,shuffle_null_mean,,384.0,/Users/Hannah/Programming/data_eyeblink/geometry_preservation_outputs/geometry_preservation_rat0816_set0816_dim3_bins5_2026-04-29_09-47-24.npz,0.5675976870917987,0.738408163946882,0.5675976870917986
rat0816,shuffle_null_mean,,385.0,/Users/Hannah/Programming/data_eyeblink/geometry_preservation_outputs/geometry_preservation_rat0816_set0816_dim3_bins5_2026-04-29_09-47-24.npz,0.6151770201895195,0.7705224765111436,0.6151770201895195
rat0816,shuffle_null_mean,,386.0,/Users/Hannah/Programming/data_eyeblink/geometry_preservation_outputs/geometry_preservation_rat0816_set0816_dim3_bins5_2026-04-29_09-47-24.npz,0.6085727637780907,0.7679072174642785,0.6085727637780904
rat0816,shuffle_null_mean,,387.0,/Users/Hannah/Programming/data_eyeblink/geometry_preservation_outputs/geometry_preservation_rat0816_set0816_dim3_bins5_2026-04-29_09-47-24.npz,0.5793041738209121,0.7516040740858652,0.579304173820912
rat0816,shuffle_null_mean,,388.0,/Users/Hannah/Programming/data_eyeblink/geometry_preservation_outputs/geometry_preservation_rat0816_set0816_dim3_bins5_2026-04-29_09-47-24.npz,0.5567225004008649,0.7332627359193854,0.5567225004008647
rat0816,shuffle_null_mean,,389.0,/Users/Hannah/Programming/data_eyeblink/geometry_preservation_outputs/geometry_preservation_rat0816_set0816_dim3_bins5_2026-04-29_09-47-24.npz,0.5753568919493666,0.7494551005257228,0.5753568919493667
rat0816,shuffle_null_mean,,390.0,/Users/Hannah/Programming/data_eyeblink/geometry_preservation_outputs/geometry_preservation_rat0816_set0816_dim3_bins5_2026-04-29_09-47-24.npz,0.5453205162701368,0.7191090789195217,0.5453205162701367
rat0816,shuffle_null_mean,,391.0,/Users/Hannah/Programming/data_eyeblink/geometry_preservation_outputs/geometry_preservation_rat0816_set0816_dim3_bins5_2026-04-29_09-47-24.npz,0.579852325757897,0.7462769947350912,0.579852325757897
rat0816,shuffle_null_mean,,392.0,/Users/Hannah/Programming/data_eyeblink/geometry_preservation_outputs/geometry_preservation_rat0816_set0816_dim3_bins5_2026-04-29_09-47-24.npz,0.48921047289507263,0.6796826149303865,0.4892104728950725
rat0816,shuffle_null_mean,,393.0,/Users/Hannah/Programming/data_eyeblink/geometry_preservation_outputs/geometry_preservation_rat0816_set0816_dim3_bins5_2026-04-29_09-47-24.npz,0.5704864592819138,0.7488458131003529,0.5704864592819137
rat0816,shuffle_null_mean,,394.0,/Users/Hannah/Programming/data_eyeblink/geometry_preservation_outputs/geometry_preservation_rat0816_set0816_dim3_bins5_2026-04-29_09-47-24.npz,0.5463301464055444,0.7252233510360488,0.5463301464055444
rat0816,shuffle_null_mean,,395.0,/Users/Hannah/Programming/data_eyeblink/geometry_preservation_outputs/geometry_preservation_rat0816_set0816_dim3_bins5_2026-04-29_09-47-24.npz,0.5652688849504235,0.7369954845637929,0.5652688849504235
rat0816,shuffle_null_mean,,396.0,/Users/Hannah/Programming/data_eyeblink/geometry_preservation_outputs/geometry_preservation_rat0816_set0816_dim3_bins5_2026-04-29_09-47-24.npz,0.5428022578175705,0.7243462838314242,0.5428022578175705
rat0816,shuffle_null_mean,,397.0,/Users/Hannah/Programming/data_eyeblink/geometry_preservation_outputs/geometry_preservation_rat0816_set0816_dim3_bins5_2026-04-29_09-47-24.npz,0.573275828824036,0.7427089676326437,0.573275828824036
rat0816,shuffle_null_mean,,398.0,/Users/Hannah/Programming/data_eyeblink/geometry_preservation_outputs/geometry_preservation_rat0816_set0816_dim3_bins5_2026-04-29_09-47-24.npz,0.473454114388277,0.6733345800348911,0.47345411438827706
rat0816,shuffle_null_mean,,399.0,/Users/Hannah/Programming/data_eyeblink/geometry_preservation_outputs/geometry_preservation_rat0816_set0816_dim3_bins5_2026-04-29_09-47-24.npz,0.5309096972435776,0.7076573915305558,0.5309096972435776
rat0816,shuffle_null_mean,,400.0,/Users/Hannah/Programming/data_eyeblink/geometry_preservation_outputs/geometry_preservation_rat0816_set0816_dim3_bins5_2026-04-29_09-47-24.npz,0.594195544106761,0.757162164828565,0.594195544106761
rat0816,shuffle_null_mean,,401.0,/Users/Hannah/Programming/data_eyeblink/geometry_preservation_outputs/geometry_preservation_rat0816_set0816_dim3_bins5_2026-04-29_09-47-24.npz,0.563942750720168,0.7428372762231588,0.5639427507201681
rat0816,shuffle_null_mean,,402.0,/Users/Hannah/Programming/data_eyeblink/geometry_preservation_outputs/geometry_preservation_rat0816_set0816_dim3_bins5_2026-04-29_09-47-24.npz,0.6033911858079691,0.7644479518978867,0.603391185807969
rat0816,shuffle_null_mean,,403.0,/Users/Hannah/Programming/data_eyeblink/geometry_preservation_outputs/geometry_preservation_rat0816_set0816_dim3_bins5_2026-04-29_09-47-24.npz,0.6202491702952617,0.7784370828295406,0.6202491702952617
rat0816,shuffle_null_mean,,404.0,/Users/Hannah/Programming/data_eyeblink/geometry_preservation_outputs/geometry_preservation_rat0816_set0816_dim3_bins5_2026-04-29_09-47-24.npz,0.5751872757261614,0.7458067130968388,0.5751872757261614
rat0816,shuffle_null_mean,,405.0,/Users/Hannah/Programming/data_eyeblink/geometry_preservation_outputs/geometry_preservation_rat0816_set0816_dim3_bins5_2026-04-29_09-47-24.npz,0.5409560081695954,0.719387265663461,0.5409560081695954
rat0816,shuffle_null_mean,,406.0,/Users/Hannah/Programming/data_eyeblink/geometry_preservation_outputs/geometry_preservation_rat0816_set0816_dim3_bins5_2026-04-29_09-47-24.npz,0.5667136122477804,0.7350477746505587,0.5667136122477804
rat0816,shuffle_null_mean,,407.0,/Users/Hannah/Programming/data_eyeblink/geometry_preservation_outputs/geometry_preservation_rat0816_set0816_dim3_bins5_2026-04-29_09-47-24.npz,0.5724883000922281,0.7433350302508722,0.5724883000922281
rat0816,shuffle_null_mean,,408.0,/Users/Hannah/Programming/data_eyeblink/geometry_preservation_outputs/geometry_preservation_rat0816_set0816_dim3_bins5_2026-04-29_09-47-24.npz,0.6304177143247678,0.7835869725755724,0.6304177143247679
rat0816,shuffle_null_mean,,409.0,/Users/Hannah/Programming/data_eyeblink/geometry_preservation_outputs/geometry_preservation_rat0816_set0816_dim3_bins5_2026-04-29_09-47-24.npz,0.5861020114869667,0.7600492810441578,0.5861020114869667
rat0816,shuffle_null_mean,,410.0,/Users/Hannah/Programming/data_eyeblink/geometry_preservation_outputs/geometry_preservation_rat0816_set0816_dim3_bins5_2026-04-29_09-47-24.npz,0.5426905111577004,0.7246427819715213,0.5426905111577003
rat0816,shuffle_null_mean,,411.0,/Users/Hannah/Programming/data_eyeblink/geometry_preservation_outputs/geometry_preservation_rat0816_set0816_dim3_bins5_2026-04-29_09-47-24.npz,0.495234383411532,0.6931573407181794,0.495234383411532
rat0816,shuffle_null_mean,,412.0,/Users/Hannah/Programming/data_eyeblink/geometry_preservation_outputs/geometry_preservation_rat0816_set0816_dim3_bins5_2026-04-29_09-47-24.npz,0.6816453216221315,0.8214633167881628,0.6816453216221314
rat0816,shuffle_null_mean,,413.0,/Users/Hannah/Programming/data_eyeblink/geometry_preservation_outputs/geometry_preservation_rat0816_set0816_dim3_bins5_2026-04-29_09-47-24.npz,0.5715912760417202,0.7492467759499348,0.5715912760417202
rat0816,shuffle_null_mean,,414.0,/Users/Hannah/Programming/data_eyeblink/geometry_preservation_outputs/geometry_preservation_rat0816_set0816_dim3_bins5_2026-04-29_09-47-24.npz,0.5971982951962642,0.7674553170583149,0.5971982951962642
rat0816,shuffle_null_mean,,415.0,/Users/Hannah/Programming/data_eyeblink/geometry_preservation_outputs/geometry_preservation_rat0816_set0816_dim3_bins5_2026-04-29_09-47-24.npz,0.6169793494775433,0.7812296879363803,0.6169793494775432
rat0816,shuffle_null_mean,,416.0,/Users/Hannah/Programming/data_eyeblink/geometry_preservation_outputs/geometry_preservation_rat0816_set0816_dim3_bins5_2026-04-29_09-47-24.npz,0.6566845942842455,0.8036935484612071,0.6566845942842454
rat0816,shuffle_null_mean,,417.0,/Users/Hannah/Programming/data_eyeblink/geometry_preservation_outputs/geometry_preservation_rat0816_set0816_dim3_bins5_2026-04-29_09-47-24.npz,0.5935634832015464,0.7633019872113138,0.5935634832015464
rat0816,shuffle_null_mean,,418.0,/Users/Hannah/Programming/data_eyeblink/geometry_preservation_outputs/geometry_preservation_rat0816_set0816_dim3_bins5_2026-04-29_09-47-24.npz,0.5275453680978845,0.7120567259440718,0.5275453680978847
rat0816,shuffle_null_mean,,419.0,/Users/Hannah/Programming/data_eyeblink/geometry_preservation_outputs/geometry_preservation_rat0816_set0816_dim3_bins5_2026-04-29_09-47-24.npz,0.5853265380963497,0.7544844929363314,0.5853265380963497
rat0816,shuffle_null_mean,,420.0,/Users/Hannah/Programming/data_eyeblink/geometry_preservation_outputs/geometry_preservation_rat0816_set0816_dim3_bins5_2026-04-29_09-47-24.npz,0.6226515345366979,0.776805170190669,0.6226515345366976
rat0816,shuffle_null_mean,,421.0,/Users/Hannah/Programming/data_eyeblink/geometry_preservation_outputs/geometry_preservation_rat0816_set0816_dim3_bins5_2026-04-29_09-47-24.npz,0.5973954351063453,0.7644591956403464,0.5973954351063453
rat0816,shuffle_null_mean,,422.0,/Users/Hannah/Programming/data_eyeblink/geometry_preservation_outputs/geometry_preservation_rat0816_set0816_dim3_bins5_2026-04-29_09-47-24.npz,0.6143091005356286,0.7781938993664521,0.6143091005356286
rat0816,shuffle_null_mean,,423.0,/Users/Hannah/Programming/data_eyeblink/geometry_preservation_outputs/geometry_preservation_rat0816_set0816_dim3_bins5_2026-04-29_09-47-24.npz,0.5413900675093348,0.7268594872028759,0.5413900675093348
rat0816,shuffle_null_mean,,424.0,/Users/Hannah/Programming/data_eyeblink/geometry_preservation_outputs/geometry_preservation_rat0816_set0816_dim3_bins5_2026-04-29_09-47-24.npz,0.5133095460511611,0.6990206213173855,0.5133095460511612
rat0816,shuffle_null_mean,,425.0,/Users/Hannah/Programming/data_eyeblink/geometry_preservation_outputs/geometry_preservation_rat0816_set0816_dim3_bins5_2026-04-29_09-47-24.npz,0.516001229919685,0.6965134378780479,0.5160012299196849
rat0816,shuffle_null_mean,,426.0,/Users/Hannah/Programming/data_eyeblink/geometry_preservation_outputs/geometry_preservation_rat0816_set0816_dim3_bins5_2026-04-29_09-47-24.npz,0.6123158751926763,0.7741728142879739,0.6123158751926763
rat0816,shuffle_null_mean,,427.0,/Users/Hannah/Programming/data_eyeblink/geometry_preservation_outputs/geometry_preservation_rat0816_set0816_dim3_bins5_2026-04-29_09-47-24.npz,0.5863235364739433,0.7560857344613716,0.5863235364739433
rat0816,shuffle_null_mean,,428.0,/Users/Hannah/Programming/data_eyeblink/geometry_preservation_outputs/geometry_preservation_rat0816_set0816_dim3_bins5_2026-04-29_09-47-24.npz,0.5989986784010544,0.7677017022495736,0.5989986784010544
rat0816,shuffle_null_mean,,429.0,/Users/Hannah/Programming/data_eyeblink/geometry_preservation_outputs/geometry_preservation_rat0816_set0816_dim3_bins5_2026-04-29_09-47-24.npz,0.6182791191948169,0.7768390594330457,0.6182791191948168
rat0816,shuffle_null_mean,,430.0,/Users/Hannah/Programming/data_eyeblink/geometry_preservation_outputs/geometry_preservation_rat0816_set0816_dim3_bins5_2026-04-29_09-47-24.npz,0.565184016171622,0.7436241140575673,0.565184016171622
rat0816,shuffle_null_mean,,431.0,/Users/Hannah/Programming/data_eyeblink/geometry_preservation_outputs/geometry_preservation_rat0816_set0816_dim3_bins5_2026-04-29_09-47-24.npz,0.5883545588763515,0.7565559617967839,0.5883545588763515
rat0816,shuffle_null_mean,,432.0,/Users/Hannah/Programming/data_eyeblink/geometry_preservation_outputs/geometry_preservation_rat0816_set0816_dim3_bins5_2026-04-29_09-47-24.npz,0.6047623075631839,0.7698383282447522,0.6047623075631839
rat0816,shuffle_null_mean,,433.0,/Users/Hannah/Programming/data_eyeblink/geometry_preservation_outputs/geometry_preservation_rat0816_set0816_dim3_bins5_2026-04-29_09-47-24.npz,0.5862874154699445,0.7585522812466761,0.5862874154699445
rat0816,shuffle_null_mean,,434.0,/Users/Hannah/Programming/data_eyeblink/geometry_preservation_outputs/geometry_preservation_rat0816_set0816_dim3_bins5_2026-04-29_09-47-24.npz,0.5901615340059919,0.753107918483203,0.5901615340059919
rat0816,shuffle_null_mean,,435.0,/Users/Hannah/Programming/data_eyeblink/geometry_preservation_outputs/geometry_preservation_rat0816_set0816_dim3_bins5_2026-04-29_09-47-24.npz,0.541751725476735,0.7211862985435913,0.5417517254767349
rat0816,shuffle_null_mean,,436.0,/Users/Hannah/Programming/data_eyeblink/geometry_preservation_outputs/geometry_preservation_rat0816_set0816_dim3_bins5_2026-04-29_09-47-24.npz,0.5566248822210192,0.737853139174284,0.5566248822210191
rat0816,shuffle_null_mean,,437.0,/Users/Hannah/Programming/data_eyeblink/geometry_preservation_outputs/geometry_preservation_rat0816_set0816_dim3_bins5_2026-04-29_09-47-24.npz,0.6243312638653509,0.7834157236426788,0.6243312638653508
rat0816,shuffle_null_mean,,438.0,/Users/Hannah/Programming/data_eyeblink/geometry_preservation_outputs/geometry_preservation_rat0816_set0816_dim3_bins5_2026-04-29_09-47-24.npz,0.6173151993076713,0.7706563399619705,0.6173151993076713
rat0816,shuffle_null_mean,,439.0,/Users/Hannah/Programming/data_eyeblink/geometry_preservation_outputs/geometry_preservation_rat0816_set0816_dim3_bins5_2026-04-29_09-47-24.npz,0.5592248338995447,0.7387814732307223,0.5592248338995447
rat0816,shuffle_null_mean,,440.0,/Users/Hannah/Programming/data_eyeblink/geometry_preservation_outputs/geometry_preservation_rat0816_set0816_dim3_bins5_2026-04-29_09-47-24.npz,0.5516874866310265,0.732381614875947,0.5516874866310266
rat0816,shuffle_null_mean,,441.0,/Users/Hannah/Programming/data_eyeblink/geometry_preservation_outputs/geometry_preservation_rat0816_set0816_dim3_bins5_2026-04-29_09-47-24.npz,0.5267081775556085,0.7141279220388127,0.5267081775556084
rat0816,shuffle_null_mean,,442.0,/Users/Hannah/Programming/data_eyeblink/geometry_preservation_outputs/geometry_preservation_rat0816_set0816_dim3_bins5_2026-04-29_09-47-24.npz,0.6023769543456652,0.7588569965123815,0.6023769543456652
rat0816,shuffle_null_mean,,443.0,/Users/Hannah/Programming/data_eyeblink/geometry_preservation_outputs/geometry_preservation_rat0816_set0816_dim3_bins5_2026-04-29_09-47-24.npz,0.5983318856006956,0.7619767741186085,0.5983318856006956
rat0816,shuffle_null_mean,,444.0,/Users/Hannah/Programming/data_eyeblink/geometry_preservation_outputs/geometry_preservation_rat0816_set0816_dim3_bins5_2026-04-29_09-47-24.npz,0.5621389558199384,0.740358796513243,0.5621389558199384
rat0816,shuffle_null_mean,,445.0,/Users/Hannah/Programming/data_eyeblink/geometry_preservation_outputs/geometry_preservation_rat0816_set0816_dim3_bins5_2026-04-29_09-47-24.npz,0.6566894174939868,0.8065174067718267,0.6566894174939868
rat0816,shuffle_null_mean,,446.0,/Users/Hannah/Programming/data_eyeblink/geometry_preservation_outputs/geometry_preservation_rat0816_set0816_dim3_bins5_2026-04-29_09-47-24.npz,0.568488778752098,0.7361283381697675,0.568488778752098
rat0816,shuffle_null_mean,,447.0,/Users/Hannah/Programming/data_eyeblink/geometry_preservation_outputs/geometry_preservation_rat0816_set0816_dim3_bins5_2026-04-29_09-47-24.npz,0.6397587197776885,0.7949882365528702,0.6397587197776885
rat0816,shuffle_null_mean,,448.0,/Users/Hannah/Programming/data_eyeblink/geometry_preservation_outputs/geometry_preservation_rat0816_set0816_dim3_bins5_2026-04-29_09-47-24.npz,0.5322459906296968,0.7130900828506213,0.5322459906296968
rat0816,shuffle_null_mean,,449.0,/Users/Hannah/Programming/data_eyeblink/geometry_preservation_outputs/geometry_preservation_rat0816_set0816_dim3_bins5_2026-04-29_09-47-24.npz,0.5744213174962857,0.7496680689002102,0.5744213174962857
rat0816,shuffle_null_mean,,450.0,/Users/Hannah/Programming/data_eyeblink/geometry_preservation_outputs/geometry_preservation_rat0816_set0816_dim3_bins5_2026-04-29_09-47-24.npz,0.6301372855558033,0.7866057427934512,0.6301372855558033
rat0816,shuffle_null_mean,,451.0,/Users/Hannah/Programming/data_eyeblink/geometry_preservation_outputs/geometry_preservation_rat0816_set0816_dim3_bins5_2026-04-29_09-47-24.npz,0.6142252371412391,0.777556608718445,0.6142252371412391
rat0816,shuffle_null_mean,,452.0,/Users/Hannah/Programming/data_eyeblink/geometry_preservation_outputs/geometry_preservation_rat0816_set0816_dim3_bins5_2026-04-29_09-47-24.npz,0.6129462517939369,0.770154612794044,0.6129462517939368
rat0816,shuffle_null_mean,,453.0,/Users/Hannah/Programming/data_eyeblink/geometry_preservation_outputs/geometry_preservation_rat0816_set0816_dim3_bins5_2026-04-29_09-47-24.npz,0.5254597649773258,0.707673021986566,0.5254597649773258
rat0816,shuffle_null_mean,,454.0,/Users/Hannah/Programming/data_eyeblink/geometry_preservation_outputs/geometry_preservation_rat0816_set0816_dim3_bins5_2026-04-29_09-47-24.npz,0.5968977922406518,0.7636326725799212,0.5968977922406516
rat0816,shuffle_null_mean,,455.0,/Users/Hannah/Programming/data_eyeblink/geometry_preservation_outputs/geometry_preservation_rat0816_set0816_dim3_bins5_2026-04-29_09-47-24.npz,0.6178027913676998,0.7683157659618899,0.6178027913676998
rat0816,shuffle_null_mean,,456.0,/Users/Hannah/Programming/data_eyeblink/geometry_preservation_outputs/geometry_preservation_rat0816_set0816_dim3_bins5_2026-04-29_09-47-24.npz,0.5934098205626054,0.7590242811437459,0.5934098205626055
rat0816,shuffle_null_mean,,457.0,/Users/Hannah/Programming/data_eyeblink/geometry_preservation_outputs/geometry_preservation_rat0816_set0816_dim3_bins5_2026-04-29_09-47-24.npz,0.5854743783177635,0.7577476129295132,0.5854743783177636
rat0816,shuffle_null_mean,,458.0,/Users/Hannah/Programming/data_eyeblink/geometry_preservation_outputs/geometry_preservation_rat0816_set0816_dim3_bins5_2026-04-29_09-47-24.npz,0.6046450078248389,0.771005018044216,0.6046450078248389
rat0816,shuffle_null_mean,,459.0,/Users/Hannah/Programming/data_eyeblink/geometry_preservation_outputs/geometry_preservation_rat0816_set0816_dim3_bins5_2026-04-29_09-47-24.npz,0.5683289629067538,0.741751826968682,0.5683289629067538
rat0816,shuffle_null_mean,,460.0,/Users/Hannah/Programming/data_eyeblink/geometry_preservation_outputs/geometry_preservation_rat0816_set0816_dim3_bins5_2026-04-29_09-47-24.npz,0.6041117579210231,0.7680589483352276,0.6041117579210231
rat0816,shuffle_null_mean,,461.0,/Users/Hannah/Programming/data_eyeblink/geometry_preservation_outputs/geometry_preservation_rat0816_set0816_dim3_bins5_2026-04-29_09-47-24.npz,0.6836206313300506,0.8199536463121369,0.6836206313300505
rat0816,shuffle_null_mean,,462.0,/Users/Hannah/Programming/data_eyeblink/geometry_preservation_outputs/geometry_preservation_rat0816_set0816_dim3_bins5_2026-04-29_09-47-24.npz,0.5267392986585224,0.7142369387767561,0.5267392986585222
rat0816,shuffle_null_mean,,463.0,/Users/Hannah/Programming/data_eyeblink/geometry_preservation_outputs/geometry_preservation_rat0816_set0816_dim3_bins5_2026-04-29_09-47-24.npz,0.6442005095708994,0.7974657910844214,0.6442005095708992
rat0816,shuffle_null_mean,,464.0,/Users/Hannah/Programming/data_eyeblink/geometry_preservation_outputs/geometry_preservation_rat0816_set0816_dim3_bins5_2026-04-29_09-47-24.npz,0.5741346343288227,0.7466668952392299,0.5741346343288227
rat0816,shuffle_null_mean,,465.0,/Users/Hannah/Programming/data_eyeblink/geometry_preservation_outputs/geometry_preservation_rat0816_set0816_dim3_bins5_2026-04-29_09-47-24.npz,0.5069289244209993,0.6927401388650647,0.5069289244209993
rat0816,shuffle_null_mean,,466.0,/Users/Hannah/Programming/data_eyeblink/geometry_preservation_outputs/geometry_preservation_rat0816_set0816_dim3_bins5_2026-04-29_09-47-24.npz,0.5440558193111518,0.7210755851016211,0.5440558193111518
rat0816,shuffle_null_mean,,467.0,/Users/Hannah/Programming/data_eyeblink/geometry_preservation_outputs/geometry_preservation_rat0816_set0816_dim3_bins5_2026-04-29_09-47-24.npz,0.5814539887023016,0.7527684129211305,0.5814539887023016
rat0816,shuffle_null_mean,,468.0,/Users/Hannah/Programming/data_eyeblink/geometry_preservation_outputs/geometry_preservation_rat0816_set0816_dim3_bins5_2026-04-29_09-47-24.npz,0.590860125225183,0.7568871714274326,0.5908601252251828
rat0816,shuffle_null_mean,,469.0,/Users/Hannah/Programming/data_eyeblink/geometry_preservation_outputs/geometry_preservation_rat0816_set0816_dim3_bins5_2026-04-29_09-47-24.npz,0.6141975350521881,0.7757890850973984,0.614197535052188
rat0816,shuffle_null_mean,,470.0,/Users/Hannah/Programming/data_eyeblink/geometry_preservation_outputs/geometry_preservation_rat0816_set0816_dim3_bins5_2026-04-29_09-47-24.npz,0.5318434698623148,0.7177665392516286,0.5318434698623148
rat0816,shuffle_null_mean,,471.0,/Users/Hannah/Programming/data_eyeblink/geometry_preservation_outputs/geometry_preservation_rat0816_set0816_dim3_bins5_2026-04-29_09-47-24.npz,0.570435795537397,0.745164502016533,0.570435795537397
rat0816,shuffle_null_mean,,472.0,/Users/Hannah/Programming/data_eyeblink/geometry_preservation_outputs/geometry_preservation_rat0816_set0816_dim3_bins5_2026-04-29_09-47-24.npz,0.5343543241809173,0.711451645476983,0.5343543241809172
rat0816,shuffle_null_mean,,473.0,/Users/Hannah/Programming/data_eyeblink/geometry_preservation_outputs/geometry_preservation_rat0816_set0816_dim3_bins5_2026-04-29_09-47-24.npz,0.5888069178839563,0.7589670991879864,0.5888069178839562
rat0816,shuffle_null_mean,,474.0,/Users/Hannah/Programming/data_eyeblink/geometry_preservation_outputs/geometry_preservation_rat0816_set0816_dim3_bins5_2026-04-29_09-47-24.npz,0.5531097040309514,0.7333654191036735,0.5531097040309514
rat0816,shuffle_null_mean,,475.0,/Users/Hannah/Programming/data_eyeblink/geometry_preservation_outputs/geometry_preservation_rat0816_set0816_dim3_bins5_2026-04-29_09-47-24.npz,0.6308543164094182,0.7838295870150167,0.6308543164094182
rat0816,shuffle_null_mean,,476.0,/Users/Hannah/Programming/data_eyeblink/geometry_preservation_outputs/geometry_preservation_rat0816_set0816_dim3_bins5_2026-04-29_09-47-24.npz,0.5515755299098772,0.7238256152691683,0.5515755299098772
rat0816,shuffle_null_mean,,477.0,/Users/Hannah/Programming/data_eyeblink/geometry_preservation_outputs/geometry_preservation_rat0816_set0816_dim3_bins5_2026-04-29_09-47-24.npz,0.6008000495333381,0.7638060975930427,0.6008000495333381
rat0816,shuffle_null_mean,,478.0,/Users/Hannah/Programming/data_eyeblink/geometry_preservation_outputs/geometry_preservation_rat0816_set0816_dim3_bins5_2026-04-29_09-47-24.npz,0.5310672806495376,0.7101538761091237,0.5310672806495375
rat0816,shuffle_null_mean,,479.0,/Users/Hannah/Programming/data_eyeblink/geometry_preservation_outputs/geometry_preservation_rat0816_set0816_dim3_bins5_2026-04-29_09-47-24.npz,0.6511526519386065,0.7906034095848529,0.6511526519386065
rat0816,shuffle_null_mean,,480.0,/Users/Hannah/Programming/data_eyeblink/geometry_preservation_outputs/geometry_preservation_rat0816_set0816_dim3_bins5_2026-04-29_09-47-24.npz,0.5646671590981721,0.7410736450432438,0.5646671590981721
rat0816,shuffle_null_mean,,481.0,/Users/Hannah/Programming/data_eyeblink/geometry_preservation_outputs/geometry_preservation_rat0816_set0816_dim3_bins5_2026-04-29_09-47-24.npz,0.5983583795494363,0.7665409889401417,0.5983583795494363
rat0816,shuffle_null_mean,,482.0,/Users/Hannah/Programming/data_eyeblink/geometry_preservation_outputs/geometry_preservation_rat0816_set0816_dim3_bins5_2026-04-29_09-47-24.npz,0.5297023596151993,0.7123756627384729,0.5297023596151993
rat0816,shuffle_null_mean,,483.0,/Users/Hannah/Programming/data_eyeblink/geometry_preservation_outputs/geometry_preservation_rat0816_set0816_dim3_bins5_2026-04-29_09-47-24.npz,0.5842122734845266,0.7472802924612222,0.5842122734845265
rat0816,shuffle_null_mean,,484.0,/Users/Hannah/Programming/data_eyeblink/geometry_preservation_outputs/geometry_preservation_rat0816_set0816_dim3_bins5_2026-04-29_09-47-24.npz,0.6048204806702712,0.7718423856035482,0.6048204806702712
rat0816,shuffle_null_mean,,485.0,/Users/Hannah/Programming/data_eyeblink/geometry_preservation_outputs/geometry_preservation_rat0816_set0816_dim3_bins5_2026-04-29_09-47-24.npz,0.6013472343657662,0.7674316107648421,0.6013472343657661
rat0816,shuffle_null_mean,,486.0,/Users/Hannah/Programming/data_eyeblink/geometry_preservation_outputs/geometry_preservation_rat0816_set0816_dim3_bins5_2026-04-29_09-47-24.npz,0.6201060376657958,0.7815945766224724,0.6201060376657955
rat0816,shuffle_null_mean,,487.0,/Users/Hannah/Programming/data_eyeblink/geometry_preservation_outputs/geometry_preservation_rat0816_set0816_dim3_bins5_2026-04-29_09-47-24.npz,0.5992296759499395,0.7623746592741395,0.5992296759499395
rat0816,shuffle_null_mean,,488.0,/Users/Hannah/Programming/data_eyeblink/geometry_preservation_outputs/geometry_preservation_rat0816_set0816_dim3_bins5_2026-04-29_09-47-24.npz,0.630372750131713,0.7849266313507356,0.6303727501317129
rat0816,shuffle_null_mean,,489.0,/Users/Hannah/Programming/data_eyeblink/geometry_preservation_outputs/geometry_preservation_rat0816_set0816_dim3_bins5_2026-04-29_09-47-24.npz,0.5828530164487807,0.7553444591645383,0.5828530164487806
rat0816,shuffle_null_mean,,490.0,/Users/Hannah/Programming/data_eyeblink/geometry_preservation_outputs/geometry_preservation_rat0816_set0816_dim3_bins5_2026-04-29_09-47-24.npz,0.5602650072715456,0.7335489173730563,0.5602650072715455
rat0816,shuffle_null_mean,,491.0,/Users/Hannah/Programming/data_eyeblink/geometry_preservation_outputs/geometry_preservation_rat0816_set0816_dim3_bins5_2026-04-29_09-47-24.npz,0.6594554260772841,0.806434115549636,0.6594554260772841
rat0816,shuffle_null_mean,,492.0,/Users/Hannah/Programming/data_eyeblink/geometry_preservation_outputs/geometry_preservation_rat0816_set0816_dim3_bins5_2026-04-29_09-47-24.npz,0.609648688950866,0.7757998639014339,0.609648688950866
rat0816,shuffle_null_mean,,493.0,/Users/Hannah/Programming/data_eyeblink/geometry_preservation_outputs/geometry_preservation_rat0816_set0816_dim3_bins5_2026-04-29_09-47-24.npz,0.6413206774031813,0.7916324693007929,0.6413206774031812
rat0816,shuffle_null_mean,,494.0,/Users/Hannah/Programming/data_eyeblink/geometry_preservation_outputs/geometry_preservation_rat0816_set0816_dim3_bins5_2026-04-29_09-47-24.npz,0.4815269416679434,0.6791317624245161,0.4815269416679434
rat0816,shuffle_null_mean,,495.0,/Users/Hannah/Programming/data_eyeblink/geometry_preservation_outputs/geometry_preservation_rat0816_set0816_dim3_bins5_2026-04-29_09-47-24.npz,0.6003591388291318,0.7680186733568168,0.6003591388291318
rat0816,shuffle_null_mean,,496.0,/Users/Hannah/Programming/data_eyeblink/geometry_preservation_outputs/geometry_preservation_rat0816_set0816_dim3_bins5_2026-04-29_09-47-24.npz,0.5880511450169269,0.7516091636974689,0.5880511450169268
rat0816,shuffle_null_mean,,497.0,/Users/Hannah/Programming/data_eyeblink/geometry_preservation_outputs/geometry_preservation_rat0816_set0816_dim3_bins5_2026-04-29_09-47-24.npz,0.592377101660747,0.7578450299664091,0.5923771016607469
rat0816,shuffle_null_mean,,498.0,/Users/Hannah/Programming/data_eyeblink/geometry_preservation_outputs/geometry_preservation_rat0816_set0816_dim3_bins5_2026-04-29_09-47-24.npz,0.531273093291174,0.7176644460675873,0.531273093291174
rat0816,shuffle_null_mean,,499.0,/Users/Hannah/Programming/data_eyeblink/geometry_preservation_outputs/geometry_preservation_rat0816_set0816_dim3_bins5_2026-04-29_09-47-24.npz,0.5430082290172858,0.7231603170650331,0.5430082290172858
